"","baseMean","log2FoldChange","lfcSE","stat","pvalue","padj"
"K00001",11.7220962412802,-1.47272127433597,1.20697525651394,-1.22017519943994,0.222398466283175,0.88543524499962
"K00003",1086.75050979275,-0.13914649582749,0.142885508488711,-0.973832107253085,0.330139908326871,0.938663729806855
"K00004",92.7091974970462,-0.392681053776747,0.531813686398248,-0.738380872512349,0.460283034557124,0.9731410869362
"K00005",17.2956322772983,-0.39732697098094,0.849767260781814,-0.467571521425038,0.640091034500042,0.992927693570313
"K00007",5.38014535130069,-0.137620553692322,1.83216613510515,-0.075113577887643,0.94012434475271,0.997774305289909
"K00008",116.805728910376,-0.535202659086166,0.341073105624911,-1.56917285549552,0.116607667335757,0.772525796099387
"K00009",72.8020435075854,-0.584580279516887,0.427112317794253,-1.36868045046289,0.171099183850475,0.832423242957346
"K00010",846.518922712241,0.309252671231998,0.218745046453728,1.4137585113152,0.157432819043626,0.822831670502234
"K00012",3018.27284709473,-0.148741502954042,0.129009009826582,-1.15295438011644,0.248929109775005,0.897378412387287
"K00013",341.554200484603,-0.196913152956816,0.249489497913759,-0.789264296106293,0.429957549807368,0.9731410869362
"K00014",184.743481355304,-0.00772803702316123,0.309610185160692,-0.0249605387469739,0.980086439311892,0.998573809130236
"K00015",392.500083059588,-0.166428898374025,0.213217540530569,-0.78055913204835,0.43506183619627,0.9731410869362
"K00016",127.752125475616,0.429558702841588,0.304131233497873,1.41241232576197,0.157828589298558,0.823375802534027
"K00018",35.666356694897,-0.48650498946368,0.564242860520759,-0.862226221196079,0.388563043142282,0.96389527995257
"K00019",951.267444595837,0.0620854974252837,0.176651943208398,0.351456634428531,0.725245800633877,0.997370795218308
"K00020",261.492768259699,0.0115771596019886,0.228495371581725,0.0506669326465889,0.959590926715642,0.997942587160163
"K00021",300.679689405457,-0.0432447877581403,0.217359417505888,-0.198955206332243,0.84229778421199,0.997370795218308
"K00023",2731.83162716573,-0.0744642637450034,0.142738063896732,-0.521684697915453,0.601889880608093,0.992927693570313
"K00024",3970.88518577483,-0.0389019402595152,0.108564848482259,-0.358329061416895,0.720097072201794,0.997370795218308
"K00027",924.552403694708,0.0566576320612862,0.175779048541423,0.322323010230282,0.74720800291972,0.997370795218308
"K00029",1338.81117539976,0.201400827589104,0.124409401548393,1.61885536850495,0.105478385717091,0.759017135201614
"K00030",699.520310702594,-0.38433594400461,0.160328565318206,-2.3971769674469,0.0165219419618552,0.428354590517535
"K00031",5951.79395278985,-0.0351088067126841,0.105760683002897,-0.331964636723481,0.739915962019929,0.997370795218308
"K00033",2662.65866060732,-0.123907323094582,0.119616136217836,-1.03587464879263,0.300260626038238,0.922658229524375
"K00034",133.031243800145,0.0570247453219257,0.305660090167172,0.186562613688747,0.852003581971109,0.997370795218308
"K00035",19.0303155838838,-0.804848416132907,0.7820418956824,-1.02916278600471,0.303403186328303,0.923868889060477
"K00036",4388.28772078972,-0.117820932430903,0.124081063526483,-0.949548054169895,0.342341943776742,0.947770244518839
"K00038",282.138042992353,0.506299703191544,0.294918308185225,1.71674558391119,0.0860256674006784,0.735734682968489
"K00039",16.9697218223768,-0.296285496464363,0.690024955178759,-0.429383740748343,0.667643984305835,0.992927693570313
"K00040",49.2237859233745,0.0719816295982957,0.492653498213873,0.14611005475302,0.883834509056942,0.997370795218308
"K00041",107.76151499601,0.239712417706592,0.299174306295238,0.801246673469457,0.422988855877402,0.972723098477607
"K00042",467.53266977233,-0.03790706117368,0.177210629526371,-0.213909635528038,0.830617526081377,0.997370795218308
"K00043",94.5760973445256,0.327644537780455,0.366534380723124,0.893898512696286,0.371376193627725,0.951971446688251
"K00045",393.970487429473,0.125464290324112,0.168300992770881,0.745475640152132,0.455984232055291,0.9731410869362
"K00046",101.696127946228,0.132576490008426,0.35331943095211,0.37523124514031,0.707488494745917,0.997370795218308
"K00052",1823.5326602448,0.076601369394012,0.193553850964288,0.395762569498788,0.692280192209367,0.997370795218308
"K00053",6115.99547814747,-0.0110276171397235,0.136096464866545,-0.0810279469825842,0.935419727095616,0.997370795218308
"K00054",72.9374242020519,-0.507817174822136,0.400774774418574,-1.26708866734154,0.205123587262399,0.870648592568751
"K00055",39.3077251187877,-0.0796001186084385,0.504729339016413,-0.157708523074087,0.874686484106232,0.997370795218308
"K00057",628.215339790682,0.0944415736321534,0.185379706007283,0.509449365662728,0.610437281419457,0.992927693570313
"K00058",3108.82601302813,0.110570616553706,0.11781099839172,0.938542394709702,0.347965740685524,0.947770244518839
"K00059",6077.61185436235,-0.0225016462280579,0.122577713652095,-0.183570451411118,0.85435044550947,0.997370795218308
"K00060",236.954673871783,0.0587107884923046,0.27511966687282,0.213400914444422,0.831014267307916,0.997370795218308
"K00064",209.115046981449,-0.0544882243979311,0.265852745019784,-0.204956410714798,0.837606181221074,0.997370795218308
"K00065",126.177129768675,-0.0359451848498918,0.43064728069673,-0.0834678087174667,0.933479572970303,0.997370795218308
"K00066",552.28933256741,-0.0306639464385252,0.288521850227396,-0.106279459993611,0.915360627831413,0.997370795218308
"K00067",273.672929457505,-0.520419593423992,0.2235725634057,-2.32774355447018,0.0199257249224168,0.476618609429143
"K00074",1741.90709679449,0.098691811117167,0.118696071679474,0.831466532301703,0.405710127206034,0.967424176194844
"K00075",546.029683857986,0.0245236501274153,0.186658976105324,0.131382109979954,0.895473040152539,0.997370795218308
"K00076",42.0350189420073,-0.0286345155797417,0.51450481758374,-0.0556545140125557,0.955617035862178,0.997942587160163
"K00077",675.887477060246,0.199627443590298,0.18364859490855,1.08700773719344,0.277033390315101,0.912317125798179
"K00078",108.148871514702,-0.579442087823445,0.309297440377115,-1.87341378291703,0.0610112682025147,0.67113056699479
"K00088",3000.5234865083,0.050790712620977,0.105640158751661,0.480789817254779,0.630665888082968,0.992927693570313
"K00090",70.3761669189544,-0.0475248366274317,0.423940031457295,-0.112102734115637,0.910741949582227,0.997370795218308
"K00091",122.855367468968,0.305482126288816,0.463694485883122,0.658800429138196,0.510023931708492,0.979329538491088
"K00096",229.703357550827,-0.234135460482557,0.272431825182201,-0.859427713065346,0.390104585573528,0.96389527995257
"K00097",55.3040249681965,-0.553762510600978,0.512100236351568,-1.08135570205206,0.279538918495128,0.912317125798179
"K00098",48.6706644628967,0.792800102623546,0.469893389297498,1.68719143678272,0.0915665474508785,0.749263962924255
"K00099",1310.3511697282,-0.0738194365166907,0.162871731719446,-0.453236640498475,0.650378351056826,0.992927693570313
"K00101",151.252743952881,-0.0406631555370439,0.318108085011142,-0.127828110799572,0.898285003351443,0.997370795218308
"K00102",342.502539867929,-0.130253855447827,0.221064069480579,-0.589213144197863,0.555718300824672,0.988149645670342
"K00104",922.027661529602,-0.283183669435927,0.176760187029131,-1.60207835370336,0.109138284031786,0.759768797625471
"K00108",441.355082940767,0.181373804491103,0.258415564787133,0.701868730858017,0.482761030977763,0.974469580961331
"K00109",15.0808482944095,0.160883356192843,1.1030604914568,0.145851798191381,0.884038384033295,0.997370795218308
"K00111",2372.74717170023,-0.095159252808589,0.144377282644217,-0.659101287029247,0.509830729266956,0.979329538491088
"K00112",52.5083817831301,-1.3039019968078,0.445486550590772,-2.92691663772712,0.00342340627498346,0.188450999630751
"K00113",546.273911063745,-0.170621178935892,0.217570746069809,-0.784210111046578,0.432916833232188,0.9731410869362
"K00114",1692.18040645225,-0.340013997383994,0.188266519645163,-1.80602476757333,0.0709144709251163,0.688718930590573
"K00116",354.320584690743,0.582990943031895,0.30865302763679,1.88882301753389,0.0589155474581282,0.663242882944981
"K00117",16.4229006559487,-0.15258358434233,1.37393188530673,-0.111056149125082,0.911571821496788,0.997370795218308
"K00118",42.4083616534694,-0.749976399123855,0.773338118143587,-0.96979106748829,0.332150646198955,0.940659462198618
"K00119",488.814973778931,-0.353800836567197,0.214536176516792,-1.64914301313422,0.0991183394236271,0.755548259580255
"K00121",477.786018215191,0.0406784078745647,0.283016745430107,0.143731452401323,0.885712533642699,0.997370795218308
"K00122",74.8331252241063,0.299066816067117,0.426992464978067,0.700403029553411,0.48367564482719,0.974469580961331
"K00123",1180.86401826653,-0.0219072346257989,0.147005813956131,-0.149022913014423,0.881535552871572,0.997370795218308
"K00124",1099.60262550113,0.0903754444930873,0.136105173531757,0.664011823709262,0.506682743580491,0.979329538491088
"K00126",13.3468623111146,-0.209359312257465,1.04578840617462,-0.200192802885699,0.841329795710273,0.997370795218308
"K00127",1124.01943393651,0.404953228687552,0.205761272619667,1.96807311469188,0.0490596257542985,0.628002105104514
"K00128",820.70073793179,0.0303114707570831,0.183798203648591,0.164917121905263,0.869009215597425,0.997370795218308
"K00130",370.640773406626,-0.0416306067106042,0.244026870232415,-0.170598453649611,0.864539513909519,0.997370795218308
"K00131",118.070435149156,-0.235075521006157,0.399830277256016,-0.587938268756057,0.556573728613899,0.988149645670342
"K00132",103.528998296272,-0.471601876585514,0.606540002263027,-0.777528068760423,0.436847280884534,0.9731410869362
"K00133",3892.52472909931,0.302014304171008,0.142332071096471,2.12189917454588,0.0338462057901996,0.55341756161565
"K00134",10155.9158578595,0.0649766472590897,0.11302394142576,0.57489277439302,0.565363816971069,0.988314039649659
"K00135",1676.84975551038,0.0713542056037453,0.131063982544991,0.544422687440091,0.586150637107152,0.99260501002599
"K00137",344.123063401239,-0.131414004982666,0.249079962944864,-0.527597657511114,0.59777861920338,0.992927693570313
"K00138",1181.79978366518,0.438354659613314,0.222322232913158,1.97170860453053,0.048642880817923,0.627849597453751
"K00139",30.881941649725,0.845323561882587,0.847928068953894,0.996928386773985,0.318799271762086,0.92871793789011
"K00140",2738.78024192805,0.215405368801477,0.146910888172345,1.46623147869597,0.142585235550629,0.80901139713996
"K00141",146.326183729717,-0.0869162078862088,0.373501827395047,-0.232706245354668,0.81598951925063,0.997370795218308
"K00145",1059.37370539011,-0.117226627337463,0.14114417361787,-0.83054528098935,0.406230557571934,0.967424176194844
"K00146",112.650848362767,-0.903489770939321,0.383080615671696,-2.35848470002883,0.0183497161888895,0.457901876063579
"K00147",616.713167776171,-0.0385306333069119,0.184733582838966,-0.208574059544438,0.834780762666932,0.997370795218308
"K00148",5610.84819120797,-0.26273123398537,0.161428791790165,-1.62753639590442,0.103623225189386,0.758874713622967
"K00151",67.1518690191947,-0.212511088958035,0.414445176813313,-0.51276043454539,0.608118909308758,0.992927693570313
"K00153",371.023106170588,-0.104321289898405,0.191935893314034,-0.543521527407697,0.586770773011736,0.99260501002599
"K00154",26.1963786574658,-0.0996042608882059,0.631166939252415,-0.157809692957274,0.874606760494905,0.997370795218308
"K00156",327.518441694766,-0.28693237421543,0.19033433446882,-1.50751767943599,0.131678015668309,0.800641307192464
"K00158",0.507834400973265,-2.4705908318627,3.4552620370011,-0.715022711853999,0.4745950093911,NA
"K00161",899.078557122258,-0.178119591428654,0.17487218574309,-1.01857016695803,0.308407073449112,0.927242704681387
"K00162",728.810582455971,0.00884966799792957,0.176876593529346,0.050033007880499,0.960096084766761,0.997942587160163
"K00163",7564.2070829,-0.0709712735951088,0.101343302269612,-0.70030551605964,0.483736527667062,0.974469580961331
"K00164",490.066977004726,0.234517490496227,0.204580455731262,1.14633379644188,0.251657064120772,0.897595428587345
"K00166",972.860895576035,-0.236535526154407,0.171974041475382,-1.37541412718539,0.169003091667126,0.831694303422829
"K00167",476.24172290545,-0.486730330375836,0.20751627215765,-2.34550440461878,0.0190013540787196,0.464982030035139
"K00169",685.424198178781,0.797380990904453,0.169251790984025,4.71121154032406,2.46248463097546e-06,0.00134071095044655
"K00170",627.817740496718,0.406940132815693,0.23362383983368,1.74186047582044,0.0815328614192837,0.720206942537006
"K00172",114.526331453378,0.965767623690931,0.428232067687073,2.25524358534648,0.0241180435234143,0.510399161348864
"K00174",8602.80837304832,0.183041058989157,0.121830852311729,1.50241958843734,0.132988780592366,0.805152839932992
"K00175",5828.30929146108,0.13938201628781,0.14053784808018,0.99177565468549,0.321306976131925,0.931476967602338
"K00176",20.6667492255487,0.998379716540958,1.07657316387374,0.927368199434373,0.353735395800874,0.947770244518839
"K00177",8.88309711527075,0.890710933878322,1.11406398575436,0.799515059518953,0.423991817985507,0.972723098477607
"K00179",157.40866098654,0.239010501345242,0.417778018002786,0.572099275322925,0.567254720062148,0.989309411313979
"K00180",78.9349070247987,-0.36761105239079,0.366169118092237,-1.00393789161157,0.315408551118252,0.92871793789011
"K00184",8.0831652559836,1.02039405443007,1.7175098203166,0.594112500761113,0.552436870399912,0.988149645670342
"K00186",4.14738173928154,1.73111842148716,1.90510873584084,0.908671714595397,0.363523439068152,0.950060596598327
"K00187",6.37462015564792,-0.787892202600916,1.7897719376904,-0.440219329630145,0.659778261167666,0.992927693570313
"K00196",65.5498535786462,0.480540434464145,0.466892160056343,1.02923217731083,0.303370585212764,0.923868889060477
"K00200",137.519069513012,0.0517767815382106,0.328629428358839,0.15755369747859,0.874808491806048,0.997370795218308
"K00201",76.0547344374489,-0.179539939701318,0.430003302992744,-0.417531536273683,0.676289662279913,0.997370795218308
"K00202",20.4671134516811,-0.232643086677752,0.86436888320235,-0.269147919596372,0.787815855967601,0.997370795218308
"K00206",23.6451746649469,0.103186640069523,0.84638248706541,0.121914904486378,0.902966411607759,0.997370795218308
"K00208",1389.93416299693,0.0770075877434478,0.148003052005751,0.520310809134231,0.602846963290019,0.992927693570313
"K00209",7.89117966832133,-1.75664145776747,1.86057222421258,-0.944140428899988,0.345097891974849,0.947770244518839
"K00214",2.68575984360574,4.92115553435333,2.89872547399383,1.69769630774073,0.0895650950055716,0.742943703584998
"K00215",603.115191039323,-0.0564441719729118,0.166695162135536,-0.338607139222302,0.734905703687738,0.997370795218308
"K00217",157.865474659491,-0.0216185301465992,0.298918347763477,-0.0723225265640273,0.942345238030379,0.997895010384199
"K00219",51.2622533074719,-0.391324985439102,0.634924839742646,-0.616332770344467,0.537674914738502,0.984070334914601
"K00220",37.8351642643239,-0.172372117994152,0.609161296991406,-0.28296629947681,0.777202670765955,0.997370795218308
"K00221",0.768421301873709,-0.128388549342598,3.42649913961222,-0.0374693073342279,0.97011081215349,NA
"K00226",65.6910255104443,0.830466645610476,0.677646410245718,1.22551618816861,0.220380794565337,0.88506594528464
"K00227",7.8858081285063,1.20800761553308,1.71156042450037,0.705793145389951,NA,NA
"K00228",216.831137050769,0.0362975300620764,0.238012620011943,0.152502544025838,0.878790584065096,0.997370795218308
"K00230",282.67291999397,1.49429053435866,0.402030707156487,3.71685671705924,0.000201716764003028,0.0366056019061166
"K00231",1283.91789804884,0.072482380614923,0.249332171994857,0.290706089130038,0.771276114187577,0.997370795218308
"K00232",167.356345684397,0.0137541487178317,0.34340357619695,0.0400524329715873,0.96805132433467,0.997942587160163
"K00233",6.07407766362191,-0.210246024741033,1.51917415658009,-0.138394945589603,0.889928291414689,0.997370795218308
"K00239",4219.77389793518,0.0214093849991274,0.112333635498754,0.190587484363621,0.848848796485792,0.997370795218308
"K00240",5382.63152005659,0.031738961111468,0.116944445112985,0.271402041206862,0.786081832285183,0.997370795218308
"K00241",1604.54566981808,0.330298328888248,0.163500945495196,2.02016158308976,0.0433666297164402,0.598439505464885
"K00242",501.034738940114,-0.0689932636284053,0.190816928434427,-0.361567834648982,0.717675004856674,0.997370795218308
"K00243",64.5048664776422,1.32992607082452,0.780526046632905,1.70388429260198,0.0884027060512856,0.738462067391699
"K00244",232.917217254341,-0.120618897290176,0.267287690210624,-0.451269930145782,0.651795014299519,0.992927693570313
"K00245",147.751837551316,0.338020691425207,0.338845088971675,0.99756703705233,0.318489351775268,0.92871793789011
"K00246",52.856274737659,0.659578684641205,0.508187426972427,1.29790437471211,0.194320196610689,0.853524006689633
"K00247",52.0481945257988,0.217431549680059,0.7680567212016,0.283093088932148,0.777105479230722,0.997370795218308
"K00248",589.406146167519,0.284513066701167,0.213014031890153,1.33565410774387,0.181662355960507,0.848827148219077
"K00249",4504.5672745221,-0.104715727945332,0.13947615741203,-0.750778698584222,0.452785851141169,0.9731410869362
"K00252",972.636380126683,-0.00209175743266009,0.143528239456251,-0.0145738388527902,0.988372170608105,0.998573809130236
"K00253",312.444157404779,0.058958012518841,0.25770986344975,0.228776701557397,0.819042476043986,0.997370795218308
"K00254",190.28609038711,-0.672520669354181,0.257627849602422,-2.61043466532066,0.00904272432708961,0.311246413764021
"K00255",226.284829605891,0.194205324323944,0.242092253671154,0.802195532401227,0.422439860287385,0.972723098477607
"K00259",3431.37397011453,0.233902734422444,0.133144315152882,1.75676095636428,0.0789585626410457,0.713098553777597
"K00260",136.60708030068,0.942784653110353,0.278918211497076,3.3801473487515,0.00072446978874974,0.0803490660152258
"K00261",846.418469854931,-0.0686932234605218,0.194129230550818,-0.353853066153991,0.723449001961625,0.997370795218308
"K00262",209.139810293936,0.00989375708547928,0.283090073220034,0.0349491487742464,0.972120289474873,0.998142329325159
"K00263",510.518160288166,0.775036787668406,0.231541808412489,3.3472865785331,0.000816067985618694,0.0857444064187782
"K00265",936.622754832201,0.0712641884857938,0.159788703300847,0.445990154583199,0.655604357751218,0.992927693570313
"K00266",1508.60667741414,0.146999629263112,0.141190431641781,1.04114441434721,0.297808529007486,0.921603082140073
"K00271",148.626190893075,-0.606006363640909,0.36581660840674,-1.6565851569186,0.0976033753076632,0.755548259580255
"K00273",60.5631390655225,-0.412715618703974,0.483174669106733,-0.854174784176869,0.393008152501625,0.965370132142093
"K00274",2268.68302094744,0.486310117473796,0.562830260430724,0.864044014089846,0.387563712352223,0.96389527995257
"K00275",456.476116791264,-0.260759013932054,0.230271863181914,-1.13239633504878,0.257467844992682,0.900160492505064
"K00276",901.166811687093,-0.180639320677196,0.202184876271016,-0.893436363830994,0.371623536360988,0.951971446688251
"K00278",492.391025774018,-0.066782178383675,0.207730625879415,-0.32148450957078,0.747843249331435,0.997370795218308
"K00279",77.4867293787532,0.297872628510942,0.465490599333416,0.639911158114679,0.522230359316488,0.981373587055678
"K00281",1944.3331857983,-0.0297239940803944,0.149439577033306,-0.198903092945516,0.842338550036778,0.997370795218308
"K00282",1319.38949905485,0.114767879236318,0.117496437479156,0.976777523630688,0.328679305742044,0.937808652734207
"K00283",1267.91987231479,0.0280798529494363,0.127533313308077,0.220176612847852,0.825733609962818,0.997370795218308
"K00285",204.816038822524,0.230126987050129,0.247100491093383,0.931309306719107,0.35169358916716,0.947770244518839
"K00286",477.079601663348,-0.0551791872767682,0.187287303205896,-0.294623214346284,0.76828172644199,0.997370795218308
"K00287",128.424733356965,-0.425914481320408,0.359634166105223,-1.18429927259968,0.236294616679605,0.888188252939584
"K00290",368.842699215804,0.468131769792247,0.256424993918104,1.82560897297615,0.0679091832404206,0.681253096192427
"K00294",1653.20242702286,0.0912547669029128,0.169672715591213,0.537828174582705,0.590695678877139,0.992927693570313
"K00297",1035.66989905944,-0.180824735865745,0.132969444417822,-1.35989690456666,0.173862550688015,0.837701380587708
"K00298",29.9696024494921,-1.16804673858294,0.76160258450925,-1.53366960976844,0.125110953798813,0.790776399829564
"K00299",131.473734497294,0.724992828130359,0.346039684705081,2.09511469399312,0.0361607980282624,0.561047008846237
"K00300",37.7231306311138,-1.98745854667773,0.644086459036953,-3.08570149052568,0.00203072582239015,0.144785916074936
"K00301",166.216127466892,0.111833534535267,0.309991740030049,0.360762949762552,0.718276661951194,0.997370795218308
"K00302",79.7513661279799,0.517225069098344,0.592893670688943,0.872374077627322,0.383004337385036,0.963622578411872
"K00303",170.96730312127,0.251627849219962,0.268045798632937,0.938749461857981,0.347859391946334,0.947770244518839
"K00304",54.505431214403,0.350184483950417,0.532576431888541,0.657529066219936,0.510840787818694,0.979329538491088
"K00305",44.9679295181195,0.108833748157046,0.665501785943906,0.163536372787765,0.870096137271355,0.997370795218308
"K00309",199.969778266142,-0.129583411594468,0.311412453492485,-0.416115059437064,0.677325810740268,0.997370795218308
"K00311",2237.66050270156,-0.0371771031341217,0.127044877952598,-0.292629689077217,0.769805218052883,0.997370795218308
"K00313",629.678024166017,0.741521229104036,0.258141868167703,2.87253375195342,0.00407194579898062,0.210231753362887
"K00314",4.84118876755657,1.21871120123189,1.67648025555983,0.726946349168258,0.467258822466353,0.9731410869362
"K00315",100.185104796079,-0.177055909694853,0.381208703191902,-0.464459253454458,0.642318746104305,0.992927693570313
"K00316",63.9304179387923,0.21031577007755,0.370666952240525,0.567398223138806,0.570443656829401,0.990848007156586
"K00317",39.1151550737781,-0.229507396315138,0.609494564689904,-0.376553639049932,0.706505346457465,0.997370795218308
"K00318",549.78964834095,0.0944313739494808,0.231713665645772,0.407534763589822,0.683615266958089,0.997370795218308
"K00320",1252.16883737853,-0.105491139500632,0.174428732688977,-0.604780748414497,0.545324686880827,0.986393702727053
"K00322",444.946469242251,-0.278233963115135,0.201532297406786,-1.38059242461534,0.167404313873685,0.831694303422829
"K00324",2431.05775954915,-0.117319255628228,0.124579915374948,-0.941718857932536,0.346336597562796,0.947770244518839
"K00325",1382.48165996734,-0.0711988836016141,0.15579529555134,-0.457002782719789,0.647669045372807,0.992927693570313
"K00330",3214.66706090974,0.0780614140421956,0.143693356736459,0.543249986047471,0.586957694573368,0.99260501002599
"K00331",3702.87636059206,0.025707092185405,0.128253498204281,0.200439695956356,0.841136716470079,0.997370795218308
"K00332",1464.76996176394,0.184934735931121,0.125996343412246,1.46777859517744,0.142164373539312,0.80901139713996
"K00333",3307.83818424174,0.056653967572545,0.105853673530302,0.535210216925794,0.592504502159846,0.992927693570313
"K00334",1588.62368817776,-0.0623546521973291,0.124239821576467,-0.501889421653357,0.615745306763068,0.992927693570313
"K00335",2273.07859258672,0.0647849260604485,0.132678901283666,0.488283558528563,0.625349005604901,0.992927693570313
"K00336",849.076196633392,0.0478127460262758,0.167287829286704,0.285811264514245,0.77502268003246,0.997370795218308
"K00337",3095.95832755999,0.0187230132136428,0.129643903125271,0.144418771436952,0.885169794728595,0.997370795218308
"K00338",2346.16236298734,-0.00859857674827482,0.136429648498692,-0.0630257194304596,0.949746023886586,0.997942587160163
"K00339",1306.30539336872,0.296555044769618,0.178059850571603,1.66547957789263,0.095817114668987,0.755548259580255
"K00340",1465.7707112976,0.159398684300523,0.161608030525802,0.986328982426854,0.323971702039685,0.931476967602338
"K00341",5426.77978009584,-0.02460258616449,0.158111358448394,-0.155602901688559,0.876346037588569,0.997370795218308
"K00342",2618.53955867459,0.102042386121666,0.123227190459873,0.828083361641636,0.40762329156263,0.967424176194844
"K00343",2448.95200496244,0.0150588659456203,0.121694964118612,0.123742720618602,0.901518985421082,0.997370795218308
"K00344",2384.13615038563,-0.10974884964794,0.114293102425279,-0.960240358508866,0.336934259173113,0.944778302496427
"K00355",16.1735293978512,-0.74189786398917,0.878949370843184,-0.844073491147119,0.398628339848264,0.967406926044586
"K00360",14.6502553797713,-0.13664610240234,1.08373890392797,-0.126087659958568,0.899662535437221,0.997370795218308
"K00362",18.2957803967665,-0.852977660993834,0.78928836798206,-1.0806920456393,0.27983412257326,0.912317125798179
"K00363",14.9546081210649,-0.534730790002745,1.12465321542481,-0.475462820600005,0.634457127341589,0.992927693570313
"K00364",29.2803902326125,-0.166693359992563,0.641763295417064,-0.259742745001074,0.795062218180283,0.997370795218308
"K00365",475.299411581794,0.203073241837045,0.28518457221937,0.712076534353466,0.476417384226483,0.974469580961331
"K00366",195.978965640078,-0.325479895139988,0.277168401835222,-1.17430375535191,0.240273379655242,0.89029641349834
"K00368",7398.02763041421,0.367152149235566,0.368012848715652,0.997661224375481,0.318443661875163,0.92871793789011
"K00370",911.218934526972,0.804715093362296,0.303550311601411,2.6510105989249,0.00802513229983317,0.293064130144517
"K00371",597.64555406182,0.249751473409716,0.331601215298577,0.753168148629483,0.451348876784409,0.9731410869362
"K00372",10.3685175367662,0.168627859113921,0.905171025836168,0.186293920486626,0.852214274763274,0.997370795218308
"K00373",102.600068743603,0.616442662747701,0.448524416000293,1.37437927737539,0.16932396607703,0.831694303422829
"K00374",269.918494136259,0.781032584304197,0.380979948202633,2.05006218303328,0.0403583631267301,0.579223041294056
"K00375",161.795000745748,-0.115232438876743,0.276114154760934,-0.417336224492057,0.676432495875529,0.997370795218308
"K00376",1767.94553547539,1.39924906431127,0.737259212255187,1.89790651788688,0.0577083976123758,0.663242882944981
"K00380",215.185389730459,0.194808517175359,0.272189107422778,0.715710187743745,0.474170318827346,0.974469580961331
"K00381",543.91683313117,0.270374110116176,0.185327606914923,1.45889818908791,0.144593131646085,0.8117804818809
"K00382",5047.44838245189,-0.0899329160671861,0.114494064451066,-0.785481033434909,0.432171586355767,0.9731410869362
"K00383",64.855887900126,-0.209405318494879,0.472312895578503,-0.443361425138293,0.657504332823018,0.992927693570313
"K00384",4110.66857346928,0.0129851628666196,0.142605928014336,0.0910562628596635,0.927447885392961,0.997370795218308
"K00386",23.6106018074486,-1.09375756714534,0.908418172681623,-1.2040243139529,0.228580181113971,0.888188252939584
"K00387",22.6651474261454,1.03343002438605,0.759005050025322,1.3615588254012,0.173337156967312,0.837701380587708
"K00389",53.6312900345556,-0.557592557635434,0.484552612820359,-1.1507368712552,0.249840502823774,0.897595428587345
"K00390",1878.44280444516,0.046154460653865,0.124526042067796,0.370641031285143,0.710904916813824,0.997370795218308
"K00392",822.366517712255,-0.172651031586239,0.171339097074035,-1.00765694774052,0.313619179804744,0.92871793789011
"K00394",74.261910228032,-0.0123458923735392,0.463719618839959,-0.0266236145117683,0.97875993827687,0.998573809130236
"K00395",22.2820718549612,-0.226880056936834,0.958667866846445,-0.236661793706678,0.812919177188697,0.997370795218308
"K00404",341.184184218412,0.680901511260403,0.291100415365522,2.33906059668594,0.0193322975869922,0.468749515176099
"K00405",223.952085666775,0.480079195245365,0.361432319383321,1.32826858445996,0.184089394155417,0.848827148219077
"K00406",341.244205143223,0.574054272815027,0.307585746357363,1.8663227396372,0.0619962251943577,0.671608547723031
"K00407",53.3409639639982,0.416808782291725,0.506596260663956,0.822763242952969,0.410642643054543,0.968959956833116
"K00410",716.039356016908,0.0579368637564482,0.141635127038275,0.409057166593931,0.68249770914598,0.997370795218308
"K00411",939.069703632414,0.234473001753193,0.159391303391684,1.47105266575934,0.141276874593462,0.80901139713996
"K00412",2478.29008505022,0.740223941528584,0.247827365041018,2.98685313224417,0.00281865097120014,0.172805577111904
"K00413",840.655383645201,-0.229085485289424,0.175537612129442,-1.30505070970485,0.191875581078005,0.851198976763293
"K00425",2245.40592417512,0.180119037943145,0.216160783690926,0.833264178948783,0.404695753935255,0.967424176194844
"K00426",884.198151351063,0.0653627689097342,0.244750282576913,0.26705901305423,0.789423724626726,0.997370795218308
"K00427",10.9612692192783,0.484050183894741,1.20967926631389,0.400147541066592,0.68904785004775,0.997370795218308
"K00428",439.538025529131,-0.377096703295279,0.263590247646314,-1.43061705303023,0.1525399973614,0.815874091147702
"K00432",640.126138488728,0.0986373728871877,0.228850240677727,0.431012755744012,0.666459095629832,0.992927693570313
"K00433",2440.59797767454,-0.282946018535249,0.141576534013385,-1.99853754371822,0.0456584138709731,0.610284468809643
"K00435",323.087436983973,0.269703091288145,0.263169992549338,1.02482463397715,0.305445940757256,0.923868889060477
"K00436",15.1699842496705,1.28686110984065,0.840120544425665,1.53175769641533,0.125582238822508,0.790776399829564
"K00441",180.339751181609,-0.0346042292810284,0.313339527392549,-0.110436846474452,0.912062932572747,0.997370795218308
"K00446",621.808767553229,-0.320866323888606,0.207593354878427,-1.54564833771541,0.122189520448077,0.783054970324923
"K00448",163.372703249302,0.0835512024017286,0.294889145658688,0.283330884272129,0.776923204598461,0.997370795218308
"K00449",818.068320537194,-0.0948328416453965,0.193820342439448,-0.489282190155161,0.624641928135225,0.992927693570313
"K00450",606.101785142749,0.378926005571991,0.20117734044433,1.88354217594823,0.0596269297593479,0.664835541828556
"K00451",2871.84072416464,0.379725972967368,0.155636132234176,2.43983172491089,0.0146941048271356,0.413159595350775
"K00452",61.7436883970685,0.156446399382977,0.500890159891381,0.312336739489757,0.754784621553022,0.997370795218308
"K00453",586.746518829542,0.102571902205926,0.206011059101271,0.497895125889839,0.618557962924996,0.992927693570313
"K00455",89.8679830281805,0.233252642335486,0.420462394741081,0.55475268478914,0.579063834559355,0.992186816903
"K00456",166.054752830427,0.106809461784506,0.332774812113366,0.320966184628539,0.748236016944933,0.997370795218308
"K00457",1989.96893001169,0.341153451774492,0.170651521768227,1.9991234079813,0.0455950030081681,0.610284468809643
"K00459",1399.85614960384,0.228099801186555,0.150492807292921,1.51568573468484,0.129598836461295,0.799561351756037
"K00463",2.25676322590004,-0.846556510191406,2.22492910842731,-0.380486958881039,0.703583975252629,0.997370795218308
"K00464",8.4756095493341,0.137459816302551,1.44351868363497,0.0952255193236636,0.92413570059822,0.997370795218308
"K00467",84.9056589008812,0.0730935589440937,0.376335212080224,0.194224607737509,0.846000015550984,0.997370795218308
"K00468",9.75819898306993,-0.797284529342027,1.14695240472496,-0.695133055266765,0.486971921057974,0.97616199004908
"K00469",150.011277014754,-0.276189763359629,0.393670294013621,-0.701576338269692,0.482943412134988,0.974469580961331
"K00472",58.9284544452764,0.0619674927462262,0.425257892206391,0.145717443184221,0.88414445068357,0.997370795218308
"K00474",8.19002506052468,0.627331179226276,1.45622856428331,0.430791700295359,0.666619834938135,0.992927693570313
"K00476",44.4124894435833,0.70568479710873,0.58092706823448,1.21475626751807,0.224459064969317,0.88684146109791
"K00477",795.040952319862,0.202705606079733,0.194649812787405,1.04138608291972,0.297696398970653,0.921603082140073
"K00479",63.4872923197611,1.37001589211307,0.625851081041903,2.18904454048765,0.0285936028533377,0.53510136360559
"K00480",1.24394598966275,-1.2601271932969,3.37803575799742,-0.373035480845215,0.709122036923455,NA
"K00481",390.920929703053,0.32210527005146,0.222952944033307,1.4447231071474,0.148535676720678,0.815874091147702
"K00483",682.886530685467,-0.309223088614447,0.196212023894872,-1.57596401319485,0.11503409695515,0.769764476719996
"K00485",392.616332642006,-0.141094345134545,0.228019646344408,-0.618781527804984,0.536060292835397,0.984070334914601
"K00486",17.4214196184232,-0.122013932195232,0.68417232927443,-0.178338010724036,0.858457529013377,0.997370795218308
"K00491",23.7426412721729,-0.0797972844596484,0.793576166353827,-0.100554033554568,0.919904487591056,0.997370795218308
"K00496",511.095767561249,0.350854872062999,0.239285744588851,1.46625898114344,0.142577745720557,0.80901139713996
"K00499",318.551665264055,-0.0494160999239881,0.207387655342596,-0.238278888115856,0.811664794678921,0.997370795218308
"K00500",674.143063162044,0.364804737139899,0.230106369511333,1.585374354976,0.112881304284773,0.763893933741817
"K00505",153.968912045086,0.176014706655956,0.269024276416649,0.654270718614832,0.512937407260766,0.979746666549689
"K00507",6289.6202175027,0.0635298693207108,0.120337040523225,0.527932788146386,0.597545986462503,0.992927693570313
"K00508",230.497596530554,0.220906579809924,0.263867692075869,0.837186917701192,0.402487509853977,0.967424176194844
"K00518",6187.79381285611,-0.0920391027103149,0.120085430306904,-0.7664468743218,0.443410450956292,0.9731410869362
"K00520",2.62834466962851,-4.82460671910566,2.92696127011693,-1.64833295485079,0.0992843657592896,0.755548259580255
"K00523",89.5289333685098,0.0897656078545992,0.433042245998474,0.207290648162109,0.835782877224446,0.997370795218308
"K00525",11930.5073286473,-0.0478512516867232,0.113435040952803,-0.421838360393706,0.673143003918558,0.99689749022459
"K00526",1517.22443523917,0.0754059770688415,0.169453269843837,0.444995703761476,0.65632285888692,0.992927693570313
"K00528",1458.92049556688,-0.140391375876639,0.147958203647782,-0.948858342527888,0.342692664024106,0.947770244518839
"K00529",1017.96654681248,-0.323631661856744,0.291504164900362,-1.11021282309075,0.26690732837387,0.908595789052828
"K00537",132.678935548337,0.183800402163783,0.356319117435165,0.515830875106572,0.605972536386288,0.992927693570313
"K00540",553.721268294758,-0.316457490076971,0.188769100882963,-1.67642632505398,0.0936547160846398,0.75200560627888
"K00542",8.24688565666365,-0.0953644871283214,1.24982999401353,-0.0763019671356113,0.939178860860676,0.997774305289909
"K00545",10.2354535499563,-0.511488772516838,1.13572634820565,-0.450362689326478,0.652448943359275,0.992927693570313
"K00547",32.7547359545799,0.357781057918472,0.651634083697054,0.549052093605351,0.582969700334389,0.992186816903
"K00548",6877.91881194315,-0.0306598456735819,0.106394836245292,-0.288170429652208,0.773216282835384,0.997370795218308
"K00549",4121.0768310119,-0.037483786003647,0.147868403276162,-0.253494223060226,0.799886324750237,0.997370795218308
"K00554",845.700057019312,0.389635548688433,0.194360737460478,2.00470297540245,0.044994810251662,0.610284468809643
"K00555",14.2951036407333,0.710640626472336,0.892035444414645,0.796650661049303,0.425653946082026,0.9731410869362
"K00556",10.3712216077222,0.819699639072842,1.08554956125359,0.755101073530217,0.450188339095406,0.9731410869362
"K00558",33.6250911343777,-0.895229254930802,0.639750255204146,-1.39934177071197,0.161710519307917,0.828697110513083
"K00560",1693.36728901081,1.16047002984589,0.758726601369789,1.52949695944599,NA,NA
"K00561",10.4456280596532,2.1803456866788,1.44713145997084,1.5066673256642,0.131895950753707,0.800641307192464
"K00563",12.3004381039599,-0.399078965639506,1.2286232681656,-0.324818010516236,0.745318812625804,0.997370795218308
"K00564",185.056454009663,0.366311563034317,0.36022118405984,1.01690733150626,0.309197515303384,0.927747454484953
"K00566",632.423613266256,0.22297918631127,0.184156373464089,1.21081438625719,0.225966550293509,0.888188252939584
"K00567",176.275205062056,0.0486943646776624,0.349698572593373,0.139246678408047,0.889255223732107,0.997370795218308
"K00568",122.633703308964,0.503407893551949,0.280734729797853,1.7931799671328,0.0729441522348726,0.697863462834907
"K00569",2.29380361880378,-0.183009136197622,2.26367483068089,-0.0808460357102504,0.935564396663721,0.997370795218308
"K00570",834.153625858573,-0.443353008946919,0.173390369974806,-2.55696443240382,0.0105590013242316,0.345131142402478
"K00571",226.332363797609,-0.0500898187745071,0.278610632179875,-0.179784304649826,0.857321905915559,0.997370795218308
"K00573",518.79966177283,-0.161983239973921,0.190026700355823,-0.852423578742404,0.393979037976276,0.965370132142093
"K00574",1141.14231960039,-0.184243116581024,0.170077806976406,-1.08328723104116,0.278680951195779,0.912317125798179
"K00575",601.178349939643,0.0404006389140059,0.191974914715367,0.210447489839524,0.833318430906331,0.997370795218308
"K00577",6.71647765590342,-0.408788487766104,1.61607600165279,-0.252951276640473,0.800305864550094,0.997370795218308
"K00588",428.146282341831,-0.137863993818847,0.226396220665857,-0.608950067334931,0.542557536431074,0.984958195115398
"K00594",79.3572899141384,-0.902330170417424,0.444623443768876,-2.02942553538961,0.0424149664088299,0.593512228557201
"K00595",78.871057215409,-0.038093188346874,0.353980512159918,-0.107613800868407,0.914302049060491,0.997370795218308
"K00596",69.1270315612269,-0.561993868620945,0.609278930062848,-0.922391766547671,0.356324262865558,0.949760216259208
"K00598",160.899931707543,0.0701369347999955,0.328794409964663,0.213315472144229,0.831080906247447,0.997370795218308
"K00600",4634.05572702889,-0.173961060705213,0.0993593772253938,-1.75082680229152,0.0799757483381489,0.713098553777597
"K00602",1728.78917015864,-0.157896743234161,0.140747001221517,-1.12184801000238,0.261927069122659,0.903690153582261
"K00603",67.0614507642814,-0.685776010419679,0.535470792961401,-1.2806973217475,0.200300000870567,0.861668056315391
"K00604",434.307229120034,0.062518016823763,0.219378813786334,0.284977458601143,0.77566141161475,0.997370795218308
"K00605",2100.574327336,0.0114301917269533,0.11567065605779,0.0988166931571887,0.921283814142177,0.997370795218308
"K00606",1555.89598159236,-0.00227564735150504,0.162429039623397,-0.014010101622107,0.988821921899324,0.998573809130236
"K00609",1219.35948793871,-0.0262499469418741,0.144748664050052,-0.181348457439284,0.856094072987281,0.997370795218308
"K00610",25.0230854933996,0.84922208860309,0.797681548324809,1.06461292778618,0.28705112718536,0.919823007337143
"K00611",1444.44883091624,-0.0773574000316452,0.142817546145222,-0.541651933670568,0.588058307987597,0.99260501002599
"K00612",1026.78626451705,-0.00319387894127608,0.158524699237889,-0.0201475161702292,0.983925695403342,0.998573809130236
"K00613",47.5775634763297,0.170740753223502,0.445542148903946,0.383220204067184,0.701556498747714,0.997370795218308
"K00615",8329.5176784238,-0.11173593075494,0.113214869699714,-0.986936884274153,0.323673580931297,0.931476967602338
"K00616",5123.77890651939,0.0568804940889519,0.120117077498852,0.473542108027858,0.635826466808243,0.992927693570313
"K00619",34.0391551282114,-0.425508633756689,0.563556059908906,-0.755042246951384,0.45022363390143,0.9731410869362
"K00620",970.848590330049,0.0351566370524993,0.146080424896674,0.240666311570262,0.809813751071196,0.997370795218308
"K00621",11.1423558190206,-0.111008053681429,1.30821717564844,-0.0848544536394775,0.932377101860158,0.997370795218308
"K00625",517.016875677285,0.182018251985788,0.201835737700659,0.901813792043793,0.367155792015617,0.950146953911141
"K00626",8764.72901678167,0.0202037939523296,0.117280958183786,0.172268322711595,0.863226586840272,0.997370795218308
"K00627",2111.08563233901,0.108138134840325,0.125000157276379,0.865103990239213,0.386981714813234,0.96389527995257
"K00631",93.4255979432402,-0.415752253550935,0.359106655205025,-1.15774031899679,0.24697002495282,0.8959963761706
"K00632",1616.61801929143,0.0945705532082293,0.165855506356593,0.570198453374835,0.568543104977268,0.989998973134502
"K00633",2.02024908085544,2.70498839065618,2.95897589203663,0.914163713849782,0.360630827757632,0.950060596598327
"K00634",251.51146690911,1.01702928510838,0.270515083001857,3.7596028798934,0.000170183283401381,0.0351457822169266
"K00635",2034.20441681521,-0.278133608813617,0.135717117397363,-2.04936277860424,0.0404266540759585,0.579223041294056
"K00639",593.413229073349,0.193867970406472,0.171710353346761,1.12904065845678,0.258880682410591,0.902235629679475
"K00640",1174.20156105694,0.299065059244703,0.160832083183852,1.85948632464601,0.0629582358809211,0.671608547723031
"K00641",1672.79297289542,-0.149365575565315,0.120828511435697,-1.23617823136723,0.21639232045305,0.883664559728345
"K00643",626.533902335781,-0.133184678673289,0.190995482950548,-0.69731847379748,0.485603509330001,0.975605306064198
"K00645",1264.4403501134,-0.313172861644132,0.147829631090396,-2.11847150895365,0.0341351553501376,0.55341756161565
"K00647",125.860695457022,-0.0246652656451914,0.312030464134084,-0.0790476202816926,0.936994746028587,0.997370795218308
"K00648",2929.82141276742,-0.023589589697511,0.106527275495904,-0.221441781813129,0.824748462641546,0.997370795218308
"K00651",290.310138251879,0.644845083611843,0.302213223604618,2.13374211730552,0.0328638963870227,0.551495800429007
"K00652",534.832947083015,-0.284730088825826,0.187872527371966,-1.51554936109468,0.129633339882303,0.799561351756037
"K00654",3.04114259696667,-0.152842870340462,2.62100730547308,-0.0583145533479826,0.953498075347043,0.997942587160163
"K00655",2425.30081059732,-0.102615411134535,0.141030825819477,-0.727609801178401,0.466852479128401,0.9731410869362
"K00656",1873.35570637469,0.316283206140086,0.408431780460698,0.774384416862294,0.438703496105378,0.9731410869362
"K00657",62.7745955716792,0.0213950093141302,0.436908972126384,0.0489690317184454,0.960943975428108,0.997942587160163
"K00658",1104.48195921146,0.0647988060725494,0.179100448275101,0.361801473400096,0.717500391022339,0.997370795218308
"K00661",97.339442681762,-0.190336977420093,0.345484476850818,-0.550927726637863,0.581683219681226,0.992186816903
"K00662",61.3845891303658,0.675926012094249,0.426686534886476,1.58412782412758,0.113164633744163,0.764084545088831
"K00663",71.9432356551809,-0.245804868901571,0.484779167937074,-0.507045032375395,0.61212322181568,0.992927693570313
"K00666",1013.94969600832,-0.279719074646299,0.166155289990077,-1.68347980171443,0.0922822462499107,0.749263962924255
"K00672",39.3210321478438,0.326423235544779,0.533657661681273,0.61167159957264,0.5407550558057,0.984845345729267
"K00673",96.6237252435796,-0.0311396258121984,0.342026372079389,-0.0910445168975757,0.927457218547735,0.997370795218308
"K00674",762.676216612945,-0.234934234163589,0.178693189030397,-1.3147352478198,0.188598896074195,0.848827148219077
"K00675",51.2573193406578,-1.17781023897763,0.570907608810228,-2.06304876796473,0.0391079949803851,0.575473665694167
"K00677",544.505057653247,-0.266268532033961,0.185042926063072,-1.43895547751554,0.150163137599791,0.815874091147702
"K00681",1181.75020632564,-0.132260163005329,0.153526972921029,-0.861478347999217,0.388974641248045,0.96389527995257
"K00682",96.984354654172,0.220982721237582,0.323190013687115,0.683754794018847,0.494130016753983,0.978899117871614
"K00683",93.2709131335028,-0.307115868006917,0.407212998690744,-0.754189745893044,0.450735293948476,0.9731410869362
"K00684",151.028131327197,0.046739160550969,0.332630339722959,0.140513822611302,0.888254031973418,0.997370795218308
"K00686",584.630540291141,0.719063716256511,0.216344904283091,3.32369148531275,0.000888344122992458,0.0858147075766933
"K00688",4697.63036514292,0.0435230390306783,0.109164111133646,0.398693660202981,0.690118939814722,0.997370795218308
"K00690",8.65596138079019,-0.279378987942844,1.40204718214834,-0.199265040078577,0.842055424732985,0.997370795218308
"K00692",2.48634912357523,2.33245787890712,2.42257433049403,0.962801367762973,0.335647214212686,0.943225460941997
"K00693",92.4175025875783,-0.912159364798214,0.465444432957673,-1.95975996318591,0.0500238528531605,0.62888761795979
"K00694",26.950121299333,-1.00381466730501,0.924802781239434,-1.08543647107082,0.277728386570041,0.912317125798179
"K00696",12.9051731689896,-1.82654699538346,1.06276840498437,-1.71866889043463,0.0856746797628027,0.735734682968489
"K00697",537.024999139366,-0.0837396282100293,0.170599675635614,-0.490854557009182,0.623529319813492,0.992927693570313
"K00700",2832.13634703516,-0.0547103706450653,0.139759038450653,-0.3914621283287,0.695455676873099,0.997370795218308
"K00701",26.1241374833719,0.581584752514317,0.924242654079971,0.62925547738678,0.529181814242687,0.984070334914601
"K00702",96.4914636979101,-0.879245430695484,0.449727565337752,-1.955062349881,0.0505757114698138,0.631037366651489
"K00703",1715.1127549023,0.351377025908122,0.216526574442425,1.62278938191743,0.104634436335064,0.759017135201614
"K00705",619.147520396172,-0.191061451953137,0.226686793800256,-0.842843329115547,0.399316071524936,0.967406926044586
"K00712",62.6294196088803,1.00367401830503,0.524956262443593,1.91191931615994,0.0558865436967277,0.658867146062406
"K00718",2.21717333309581,4.64023326765101,2.42000529503076,1.9174475680608,0.0551810959992971,0.657017065486661
"K00720",83.9622481256084,0.00775205297381458,0.588337412059874,0.0131762026600914,0.989487215519861,0.998573809130236
"K00721",2215.4549294531,0.000265266782830939,0.132870073022954,0.00199643739779621,0.998407074481859,0.998573809130236
"K00728",409.536524146136,-0.224964542503544,0.180561830368431,-1.24591416715543,0.212795908362881,0.883645858380624
"K00729",53.6765209195434,0.170653868130824,0.438640221545045,0.389052028858004,0.697237658768509,0.997370795218308
"K00748",145.091494516911,-0.393110686721794,0.297136651882506,-1.32299628548429,0.185836613107876,0.848827148219077
"K00752",2.41793192202738,0.659852503331193,2.80819240745292,0.234974107037662,0.814228830217656,0.997370795218308
"K00754",243.569467871279,0.361135474332847,0.269673357111373,1.33915889282196,0.180518951503988,0.848827148219077
"K00756",234.238386745093,0.60138033835306,0.280031521474434,2.14754515915439,0.0317499060312592,0.550721011605584
"K00757",663.542779146908,-0.110309143939118,0.219829623104767,-0.501793809138028,0.615812568388242,0.992927693570313
"K00758",73.4186414803916,-0.614257053641744,0.450733129913846,-1.36279543897551,0.172946988986537,0.837701380587708
"K00759",593.91393425114,0.252923420681567,0.162554441726255,1.55593054238096,0.119724609719385,0.778883207834244
"K00760",1380.53330931881,-0.0220002064685157,0.133481010862365,-0.164818998046101,0.869086450268084,0.997370795218308
"K00761",596.220902921887,-0.0831007702233402,0.181846337714049,-0.456983468944065,0.647682927551348,0.992927693570313
"K00762",582.718459136176,0.16711217210555,0.165965262467695,1.00691054031912,0.313977766324667,0.92871793789011
"K00763",933.41470848793,0.0212036913801742,0.165159798484795,0.128382884786132,0.897845975029864,0.997370795218308
"K00764",4709.3200026475,-0.0191066876605341,0.116078323836193,-0.164601684699523,0.869257505107358,0.997370795218308
"K00765",900.27833028552,-0.0494418160093664,0.155532495837388,-0.317887369730494,0.750570373549996,0.997370795218308
"K00766",817.674039487781,-0.118186234934681,0.148056150892549,-0.798252786001804,0.424723810739513,0.972723098477607
"K00767",473.310081256373,0.0308430260010665,0.178560472113585,0.172731543750886,0.862862448128247,0.997370795218308
"K00768",126.71567823561,-0.302017239776465,0.305620991040676,-0.988208430147615,0.323050580362682,0.931476967602338
"K00769",47.1151268411932,0.404114926500203,0.555370622701441,0.727649086900747,0.466828424017218,0.9731410869362
"K00772",453.528935777814,-0.0293319189852319,0.231618015461775,-0.126639194825813,0.899225973685138,0.997370795218308
"K00773",597.353158437142,0.0934908121148063,0.213213694831359,0.438484086065638,0.661035403771666,0.992927693570313
"K00782",227.01311834824,0.11738105789651,0.287517274947227,0.408257409639317,0.683084704033549,0.997370795218308
"K00783",160.147989560019,0.2102975910615,0.253535281930585,0.829460852391648,0.406843679963475,0.967424176194844
"K00784",1023.26367886887,0.0392555437661442,0.15647620321333,0.250872292144164,0.801912847146289,0.997370795218308
"K00788",195.584277075153,0.0578289053554459,0.240440232073971,0.24051259997809,0.809932896527883,0.997370795218308
"K00789",14048.2335196132,-0.121561011065268,0.098886749676964,-1.22929524392676,0.218961129844192,0.883664559728345
"K00790",12349.0429209744,0.421692249755521,0.237109566267054,1.77846999762369,0.0753266952535107,0.703793413218839
"K00791",402.853221639374,0.234119862823607,0.199645148274746,1.17267995163808,0.240924174055702,0.89029641349834
"K00793",553.222515176699,-0.10382649210309,0.210583038920727,-0.493042994512843,0.621982208508933,0.992927693570313
"K00794",625.860241301281,0.0232596698269051,0.166109522056001,0.140026107709006,0.888639362634104,0.997370795218308
"K00795",124.149012506231,0.0167284407840481,0.31235866691427,0.0535552317126497,0.95728952520764,0.997942587160163
"K00796",370.49606242266,-0.305486600573904,0.221745999924152,-1.377641989837,0.16831384994688,0.831694303422829
"K00797",917.403076665601,0.260721908915591,0.197979685359323,1.31691243191135,0.187867978845774,0.848827148219077
"K00798",669.485507852665,-0.150649530226958,0.152512494453184,-0.987784841937672,0.323258032728523,0.931476967602338
"K00799",3286.63021303307,0.154357679614949,0.173372746246284,0.89032263119185,0.373292672578702,0.953407328330002
"K00800",813.688311639177,0.0105386981163577,0.163958852505721,0.0642764812957564,0.948750079929499,0.997942587160163
"K00801",35.1514595104331,0.456762130893955,0.661231184668359,0.690775240921288,0.489706797190569,0.977192332550331
"K00803",345.883081213475,-0.467195047210164,0.218155540153683,-2.14156856562543,0.032228215514099,0.551495800429007
"K00805",108.365276571493,0.835879903617542,0.446286597849374,1.87296662648081,0.0610729936570647,0.67113056699479
"K00806",620.782788245987,-0.15127738142732,0.157711719126509,-0.959201905002203,0.337457040984852,0.944848161972079
"K00808",322.332472717327,-0.352227185736226,0.202822222965395,-1.73663014134463,0.0824524757184746,0.7248978522326
"K00809",906.015234279036,-0.0122477291668024,0.202205811444069,-0.0605706091201545,0.951701181055991,0.997942587160163
"K00812",1289.27563615108,-0.0978054423595428,0.145182411634273,-0.673672804154287,0.50051935564368,0.979189496323257
"K00814",3.75581210534303,0.770681679223599,2.53984060604344,0.303437025689642,0.761556832493403,0.997370795218308
"K00817",1790.68678194467,0.0150410087588093,0.165203508780333,0.0910453347501775,0.927456568694734,0.997370795218308
"K00819",541.6348389036,0.246731841859065,0.174214657392109,1.41625191331485,0.156701761370073,0.822716813232894
"K00820",8981.51244331729,0.200389680027965,0.15655820930268,1.27996916239981,0.200555981548433,0.861668056315391
"K00821",819.107103354025,0.0119181348552682,0.156416553423989,0.0761948437961191,0.939264084820539,0.997774305289909
"K00822",676.764117484654,-0.00762980872331983,0.22759431334935,-0.0335237230273338,0.973256948221566,0.998142329325159
"K00823",148.956492006023,-0.0192143168754282,0.360459701471453,-0.0533050346460155,0.957488868839555,0.997942587160163
"K00824",206.327853781072,-0.120996384426675,0.242060847655151,-0.499859376676443,0.617174098125478,0.992927693570313
"K00826",4542.05659080716,-0.00325717793014894,0.109856594467997,-0.0296493619333687,0.976346697469053,0.998573809130236
"K00827",40.5087731982722,-0.0561259461686448,0.672340130648065,-0.0834785008512661,0.933471071551431,0.997370795218308
"K00830",402.36398325302,-0.130661249272833,0.16536924339991,-0.790118202070122,0.429458740647928,0.9731410869362
"K00831",2099.30064008777,0.150113384055885,0.132392939481851,1.13384735351739,0.256858583780088,0.899605882022776
"K00832",144.98857642571,0.215187824500612,0.296947454361946,0.724666338571544,0.468656750565263,0.9731410869362
"K00833",204.070603615677,0.178591753088446,0.268194521681653,0.665903807313538,0.505472586801383,0.979329538491088
"K00836",222.849836808472,-0.0390376384077774,0.35613365899631,-0.109615133031225,0.9127146085594,0.997370795218308
"K00837",13.2027854691076,-0.919657791038681,1.10828068203681,-0.829805847872873,0.40664856397059,0.967424176194844
"K00839",31.2083194335307,-0.303870619581716,0.651062006588788,-0.466730690021113,0.640692569496354,0.992927693570313
"K00840",5.60239755782354,5.97966805361073,1.81642337540178,3.29200126720901,0.000994771634880423,0.092087164197795
"K00841",65.9541934448467,0.1475590950139,0.52771787680581,0.279617389327516,0.779771064328439,0.997370795218308
"K00845",145.44344977934,-0.195198379844195,0.303825130053563,-0.64246950148522,0.520568385577626,0.980712192898523
"K00847",360.090514042361,-0.401916334997407,0.249871067864847,-1.60849488671013,0.10772683518488,0.759768797625471
"K00848",163.765860068292,0.129785055883577,0.349749793709767,0.371079721039885,0.710578154713114,0.997370795218308
"K00849",135.030547315091,-0.897135690071632,0.401750844725789,-2.23306485063887,0.025544668110725,0.525728581838942
"K00850",122.487145523352,-0.0438411006334576,0.387291929729727,-0.113199107102625,0.909872703547502,0.997370795218308
"K00851",145.842151366411,-0.343537356949515,0.376894074361831,-0.911495776449132,0.362034209972464,0.950060596598327
"K00852",135.934721956149,0.267943776972361,0.335425799143226,0.798816840138019,0.424396624368068,0.972723098477607
"K00853",229.795148288189,-0.0761443620015913,0.262602783366666,-0.289960224432476,0.771846667246007,0.997370795218308
"K00854",267.605356981044,-0.548665390563337,0.25462176456112,-2.15482518357787,0.0311755167634518,0.548304808262294
"K00855",140.916231998392,-0.14684764635771,0.266165179618723,-0.551716218357587,0.581142796459952,0.992186816903
"K00856",265.175640435649,-0.161504945786497,0.26685253939666,-0.605221693417837,0.545031703595051,0.986393702727053
"K00857",297.091421739165,-0.229942417689643,0.252975931804651,-0.9089497805159,0.363376635067376,0.950060596598327
"K00858",991.196134051195,0.0531085566055616,0.150853333203274,0.352054246849144,0.724797580219829,0.997370795218308
"K00859",340.345496577946,-0.193585231946125,0.234454673272458,-0.825682974214641,0.408983952869976,0.967761712263251
"K00860",101.443446592294,0.380088852234067,0.384571611746655,0.988343498647162,0.322984448808043,0.931476967602338
"K00862",9.18159564484007,0.198736607034184,1.59939046011828,0.124257716917661,0.90111122478593,0.997370795218308
"K00863",1.03385227098774,-1.6516322717599,3.4243577975868,-0.482318837395972,0.629579467539737,NA
"K00864",3565.65731567244,-0.244883246867126,0.137192444715399,-1.78496160903852,0.0742675442411706,0.700979187554707
"K00865",156.954688194193,-0.271693505177116,0.292877818924837,-0.927668425606658,0.353579591671871,0.947770244518839
"K00867",299.067125686301,-0.0245075898123612,0.276253388686783,-0.0887141690057165,0.929309071698821,0.997370795218308
"K00868",108.261868885498,-0.483218760113873,0.426063491674694,-1.13414730329164,0.256732764232367,0.899605882022776
"K00869",27.8813823023751,1.00134202361998,0.747648132250972,1.33932257759436,0.180465681774995,0.848827148219077
"K00872",312.508288431347,0.0540176554100601,0.257835972533257,0.20950395276242,0.834054849995697,0.997370795218308
"K00873",2608.98406272652,-0.170333851999711,0.127424500503673,-1.33674333684989,0.181306430739202,0.848827148219077
"K00874",204.527845490266,0.389516825538062,0.274311529834309,1.41997977909766,0.155613568013727,0.822450429847197
"K00875",4.22188562831311,-0.61118070803272,2.20669262332571,-0.276966851464618,0.781805559492927,0.997370795218308
"K00876",254.877186376826,0.478190706169913,0.285990615541013,1.6720503407614,0.0945143957545045,0.754728954898303
"K00878",47.6832709799178,-0.452801029116539,0.526034286827459,-0.860782349088698,0.389357928226089,0.96389527995257
"K00882",65.5550527579342,-0.334400646717196,0.582634553071814,-0.573945786349508,0.566004488144255,0.988389301363562
"K00883",53.8926592844879,0.426979466862461,0.553220732220092,0.771806698474548,0.440228923801419,0.9731410869362
"K00884",16.0933529008378,-0.070502212984527,0.731875945443494,-0.0963308241286778,0.923257830803208,0.997370795218308
"K00886",373.772981715533,-0.235001546119667,0.278456613788835,-0.843943129675056,0.398701185641056,0.967406926044586
"K00887",43.6300386544527,0.446820743568448,0.581358306149021,0.768580647842181,0.442142297462257,0.9731410869362
"K00891",203.835437088394,-0.0684788756436594,0.312816710857275,-0.218910541754604,0.8267197344975,0.997370795218308
"K00895",62.6078368292226,-0.584398850519055,0.418271570726122,-1.39717564238118,0.162360759488027,0.828697110513083
"K00897",3.2392684162489,-2.3616400467904,2.34618942612757,-1.00658541057716,0.314134048347395,0.92871793789011
"K00899",91.0859222332495,0.190122816241914,0.385809939958062,0.492788797153803,0.622161827263505,0.992927693570313
"K00903",89.8963909399882,-0.121935012195197,0.399872718940882,-0.304934561472858,0.76041599229159,0.997370795218308
"K00906",206.418197321843,0.405788218026262,0.278722255577308,1.45588739293806,0.145423751324416,0.813965277272829
"K00912",98.4006923559047,-0.347498731724948,0.331268309666642,-1.04899479239242,0.294180515209833,0.921603082140073
"K00917",4.73369659995546,-0.758414397204458,1.6454903791301,-0.460904789735324,0.644866915217294,0.992927693570313
"K00919",416.168363157765,0.361383332638166,0.198920511349453,1.8167223188126,0.0692596425103217,0.686388393300867
"K00925",641.533056800467,-0.0597147479348554,0.199929571476708,-0.298678917249679,0.76518504476988,0.997370795218308
"K00926",365.669960702535,-0.0681276556436208,0.211219456455496,-0.322544413222535,0.747040297089898,0.997370795218308
"K00927",2369.18726804412,-0.206858466694465,0.11188215493141,-1.84889598185949,0.0644728340245722,0.673390891931288
"K00928",3825.98181758454,0.227713266542349,0.146621765129831,1.55306591992473,0.12040738691968,0.778883207834244
"K00929",4.5698656645612,2.42639201865253,1.8898449233185,1.28391064722489,0.199173221391242,0.860658226092284
"K00930",840.161897783159,-0.144714283390204,0.187403296372847,-0.772207779644862,0.43999137457227,0.9731410869362
"K00931",396.797023682121,0.142895369954353,0.188864173972219,0.756603896593816,0.449287206169643,0.9731410869362
"K00936",815.364930741998,-0.0312282287678215,0.151711476574194,-0.205839594162472,0.836916211730151,0.997370795218308
"K00937",3151.37238017254,-0.104181535725575,0.111314393243519,-0.935921516435533,0.34931359809022,0.947770244518839
"K00938",0.771826962746888,-2.11226982256097,3.43942009436248,-0.61413545441081,0.539125821336684,NA
"K00939",3007.27450314675,-0.087598429380188,0.122628911882049,-0.714337492160451,0.475018513967863,0.974469580961331
"K00940",1782.4628656331,-0.198270023821015,0.16550265259,-1.1979869852128,0.230922083739067,0.888188252939584
"K00941",382.837239828972,-0.0641457609712394,0.1854487290031,-0.345894853612974,0.729421736427929,0.997370795218308
"K00942",992.598746796613,-0.269481534311645,0.160413895552354,-1.6799139088527,0.0929740672231574,0.751446273413616
"K00943",557.772730654786,-0.296925142364554,0.185627161378027,-1.59957810139579,0.109692209684081,0.759768797625471
"K00945",677.300668387367,0.050107128494279,0.179272821892445,0.279502090530716,0.779859533912905,0.997370795218308
"K00946",226.861962705839,-0.59929936256881,0.255718784579206,-2.34358756066739,0.0190992785754958,0.464982030035139
"K00947",87.754439723314,-0.491400858714978,0.362817751098237,-1.35440136880713,0.175608361156481,0.841273898418018
"K00948",4845.67335732767,0.00416339003742488,0.118615007345932,0.0351000276489692,0.971999979366446,0.998142329325159
"K00949",32.2645104018888,0.0583320529507865,0.651168919813079,0.089580523848606,0.928620561889411,0.997370795218308
"K00950",279.636666532038,-0.00825151807851194,0.234123721848604,-0.0352442632184353,0.971884967194174,0.998142329325159
"K00951",58.4132544131764,-0.0336815598569335,0.471121631523309,-0.0714922805561456,0.943005968062728,0.99794239171759
"K00952",43.1336330550702,0.417061954129136,0.618845943647116,0.673935021164099,0.500352625727959,0.979189496323257
"K00953",2.92921566566187,0.708694021319298,2.69282996644681,0.263178154636484,0.792413267537369,0.997370795218308
"K00954",1338.87260326832,-0.21000448248372,0.126876157678347,-1.65519264081214,0.0978854275481463,0.755548259580255
"K00955",631.954383588303,-0.16479172620351,0.173832095337073,-0.947993671041974,0.343132676177894,0.947770244518839
"K00956",1190.06858597098,-0.159826774176917,0.152986170981602,-1.04471386630193,0.296155234170087,0.921603082140073
"K00957",2213.11704176767,-0.0738926634689081,0.134427952061812,-0.54968228211147,0.58253731140923,0.992186816903
"K00958",2667.23384100091,0.234668311232745,0.149176392489663,1.5730928152657,0.115697328329616,0.770757841341569
"K00962",25223.541995342,0.0259139454131529,0.121754421756653,0.212837817627243,0.831453465284256,0.997370795218308
"K00963",989.662825236964,-0.0661079425858703,0.168593094639143,-0.392115363487263,0.694972976263117,0.997370795218308
"K00965",659.261559949856,-0.195074656026597,0.209183039461904,-0.932554840623794,0.351049859092209,0.947770244518839
"K00966",583.220438087235,-0.0558276921334797,0.171521809105874,-0.32548451082987,0.744814403563803,0.997370795218308
"K00969",1044.14938067048,-0.012853474652897,0.136417971287609,-0.0942212710801723,0.924933388060195,0.997370795218308
"K00970",370.887366675233,-0.0652463748692747,0.227826445734467,-0.286386308924469,0.774582259665708,0.997370795218308
"K00971",462.61169708572,-0.145293241934115,0.192599057748704,-0.754381893828828,0.450619940523999,0.9731410869362
"K00972",35.4512469491986,-0.103416850687042,0.574456748481012,-0.180025477915436,0.857132566476199,0.997370795218308
"K00973",1132.42144770675,-0.0678806873440431,0.130853185917895,-0.518754563504747,0.60393190660402,0.992927693570313
"K00974",42.3306598687351,0.907910590039872,0.621699611364395,1.46036859834503,0.144188798169564,0.81160405285481
"K00975",6120.20948163892,0.177739928187387,0.187975347284952,0.945549141175152,0.344378595158638,0.947770244518839
"K00978",1351.41201947186,-0.188604874211424,0.135735392984801,-1.38950402002036,0.164679539351917,0.831694303422829
"K00979",181.013384700009,0.387405720681531,0.251438966762036,1.54075450464356,0.123376545912862,0.785595295666288
"K00980",143.746726860777,0.129365449251901,0.299114043232713,0.432495404942435,0.665381391183405,0.992927693570313
"K00981",538.656780086948,-0.0978721963915062,0.215671634010758,-0.453801895833108,0.649971418964481,0.992927693570313
"K00982",453.420329848007,-0.0345648547692053,0.185154855198557,-0.18668079069349,0.851910918127709,0.997370795218308
"K00984",90.7928746949452,0.943457333984696,0.507875636066436,1.85765425034345,0.0632181292262018,0.671608547723031
"K00986",9199.34363021717,-0.0588212499794764,0.156170767842603,-0.376646992212778,0.706435960500407,0.997370795218308
"K00989",572.923515896734,0.0287708204756526,0.201947818474888,0.142466606933069,0.886711454096978,0.997370795218308
"K00990",705.596753192499,-0.222356480839523,0.166690023603852,-1.33395194284672,0.1822196067407,0.848827148219077
"K00991",175.20902824439,0.845733458185797,0.301338524493428,2.80658923251694,0.00500690429689778,0.22890343384825
"K00992",62.6138760308778,0.411419072633668,0.673790748973916,0.610603623246829,0.541462023435793,0.984845345729267
"K00995",496.582914010951,0.088397866639569,0.226167499867653,0.390851323427535,0.695907135818589,0.997370795218308
"K00997",243.417603213074,0.15717030090552,0.283249844957179,0.554882213366367,0.578975228612437,0.992186816903
"K01000",1246.61929693381,-0.232750072510778,0.134917022799721,-1.72513495836835,0.0845031538039517,0.734518019952762
"K01002",3.03619664947552,-1.36402489714948,2.30686563712172,-0.591289269387783,0.554326618175943,0.988149645670342
"K01003",5.97644599751988,-0.0197056487366263,1.56555345052262,-0.0125870175368641,0.989957278224589,0.998573809130236
"K01004",201.100023666511,0.0619660053186566,0.265208009179019,0.233650580578163,0.815256256762567,0.997370795218308
"K01005",3540.35653783335,-0.0620743961637338,0.114970535204565,-0.539915692775423,0.589255175052186,0.992709695586957
"K01006",6976.22561935669,-0.0269216827493396,0.112358604328735,-0.239604994296414,0.810636492659572,0.997370795218308
"K01007",557.754211852914,0.154900480819834,0.200285752930943,0.773397401228249,0.43928722750262,0.9731410869362
"K01008",1942.11953228335,0.348113641375566,0.211856836871353,1.64315509717042,0.100350847621347,0.755548259580255
"K01009",3.51361698635015,-1.47717455053071,2.23129667789692,-0.662025164633423,0.507955094319222,0.979329538491088
"K01011",4214.77138179917,-0.0248470508772012,0.145885035837219,-0.170319393861108,0.864758959994632,0.997370795218308
"K01012",731.881161346221,-0.229245030457593,0.147817029630522,-1.55087022808269,0.120932786429767,0.779619438027852
"K01021",130.105102445717,-0.153751616843601,0.405141077348158,-0.379501426638787,0.704315545071567,0.997370795218308
"K01023",406.739227856582,-0.494096521909785,0.210713685992631,-2.34487152356617,0.0190336369866167,0.464982030035139
"K01026",310.352693198361,0.0181440417241823,0.223170317838361,0.0813013213402498,0.93520232319325,0.997370795218308
"K01027",25.8409759752533,-0.237133907489367,0.674840040859578,-0.351392764405796,0.725293709908533,0.997370795218308
"K01028",828.61120990036,0.141256329946743,0.206322098357438,0.684639847458444,0.493571215612537,0.978458568774961
"K01029",881.248726495057,0.180767877471375,0.156148825632028,1.15766402174143,0.247001171657649,0.8959963761706
"K01031",107.234627136229,-0.0604805318902472,0.331048600171349,-0.182693815527215,0.855038268586733,0.997370795218308
"K01032",74.0046004516385,0.315680938783524,0.458967545697974,0.687806668995414,0.491574535891835,0.977865853750901
"K01034",100.863884444968,-0.0247430644885837,0.449400149715258,-0.0550579800746863,0.956092272379091,0.997942587160163
"K01035",80.419835833988,0.657502524696869,0.51187271881782,1.28450394116605,0.198965685471736,0.860658226092284
"K01039",284.750670002134,-0.19913820874491,0.208018996553015,-0.957307803829151,0.338411917608379,0.944873292302512
"K01040",225.71652128356,-0.434140509012899,0.294850336820928,-1.4724097441902,0.140910263416762,0.80901139713996
"K01041",123.923389334131,-0.474877900715685,0.374267955140007,-1.26881795300386,0.204506000468865,0.869790528904044
"K01042",484.328238562531,0.0427942254346027,0.228587313800777,0.187211725458656,0.851494631785865,0.997370795218308
"K01045",8.61835676692114,1.01525007297064,1.44898141437989,0.700664662013714,0.483512314367757,0.974469580961331
"K01046",788.421443499096,-0.374763546314532,0.212526903709772,-1.76336990645811,0.0778381219197869,0.711713759049777
"K01047",2.81585892867474,-3.33471830480018,2.06002572432502,-1.61877507907957,0.105495665983956,0.759017135201614
"K01048",93.378598517324,0.15841781635366,0.426207291656406,0.371691942993249,0.710122224479458,0.997370795218308
"K01051",324.566307179257,0.2138283793659,0.33401010391669,0.640185362234533,0.522052097998938,0.981346520689153
"K01052",0.852351464425882,3.25347442093073,3.42921575202049,0.948751742731202,0.342746890796783,NA
"K01053",1353.15647821503,-0.248034266276783,0.180085070923584,-1.37731720350118,0.168414198651802,0.831694303422829
"K01054",181.248167740875,0.23147817883624,0.305701239376108,0.757203926646332,0.44892769810253,0.9731410869362
"K01055",825.313074762526,-0.252766553730181,0.192182440231969,-1.31524271117114,0.188428344943031,0.848827148219077
"K01056",1032.74760874114,-0.0990874186100636,0.171184871882426,-0.578832799420028,0.56270199735894,0.988149645670342
"K01057",329.059101066636,-0.404300636707682,0.195096691398463,-2.07230903717349,0.0382366301723198,0.569649696771203
"K01058",13.979983496029,-0.699404883365534,1.07201617543388,-0.652420084130224,0.514130211458588,0.979746666549689
"K01060",88.4799495582759,-0.0308274102656221,0.367888788682866,-0.0837954599703677,0.933219057744684,0.997370795218308
"K01061",2211.01678256149,-0.159608232819002,0.138842882669978,-1.14956006206225,0.250325115467639,0.897595428587345
"K01062",2.49432048745625,1.01628065546537,2.21560781603447,0.458691582558292,0.646455659548266,0.992927693570313
"K01069",1224.95648691437,-0.185142181328648,0.122627843799493,-1.50978909513708,0.131097248476996,0.800641307192464
"K01070",143.840972281282,-0.185597924974021,0.38171441065394,-0.486221949692862,0.626809810461261,0.992927693570313
"K01073",56.5270495860124,2.3241924428796,0.593821412779914,3.91395862941206,9.07951984252855e-05,0.025893925874716
"K01075",36.1265312777544,-0.40747221544845,0.674426255713425,-0.604176085964233,0.545726578290985,0.986822607906011
"K01076",1.1517060899022,-0.420670535056573,3.36492478245086,-0.125016326442274,0.900510625110672,NA
"K01077",736.513483711862,-0.785140589584188,0.299267624500495,-2.62354002005616,0.00870212209925836,0.306759131276487
"K01079",202.430835606609,-0.147795102489515,0.255940360946739,-0.577459146899738,0.563629328533829,0.988149645670342
"K01081",1328.18840714405,-0.161158072716763,0.142030036596341,-1.13467599233806,0.256511099904175,0.899605882022776
"K01082",150.01733691181,-0.0373411832389992,0.340089697080759,-0.109798043161925,0.912569542993129,0.997370795218308
"K01083",55.1938482267539,-0.379599816826825,0.456436900286751,-0.831658914054377,0.405601497809331,0.967424176194844
"K01086",3.42644407322742,-2.60687860363429,2.49454287159641,-1.0450325922705,0.296007906328854,0.921603082140073
"K01087",246.918581974034,-0.482485220835312,0.260536755449277,-1.85188926607803,0.064041725616518,0.673390891931288
"K01089",11.6806407102374,-0.301069156353646,1.18315016357343,-0.254464028001599,0.799137091108955,0.997370795218308
"K01091",480.415645146261,-0.191490142783286,0.206475299990235,-0.927423971740649,0.35370644915493,0.947770244518839
"K01092",659.690988275083,0.132938507109599,0.192717473784695,0.689810345159046,0.490313462123801,0.977192332550331
"K01095",24.4003054253291,-0.436571945220139,0.911133863545052,-0.479152364638846,0.631830239476903,0.992927693570313
"K01104",125.321959094938,-0.538977744415694,0.313271492329028,-1.72048130012931,0.0853449899593341,0.735734682968489
"K01113",1714.9477833858,-0.152943600499138,0.19342778949167,-0.790701278761833,0.429118329689988,0.9731410869362
"K01114",2904.97058113648,-0.332648430312152,0.144323753046105,-2.30487652441996,0.0211734897212363,0.479911506804299
"K01115",226.065725010564,-0.601499978150452,0.276964988681436,-2.17175456368709,0.0298741804994412,0.538557233280785
"K01118",392.236120725825,0.804105964110102,0.298941064358803,2.68984779938088,0.00714846136915433,0.271875913689382
"K01119",466.915700889989,0.0515406488376136,0.211149175351746,0.244095904006037,0.807156544748984,0.997370795218308
"K01126",3095.35567800268,0.0571638492966143,0.214772805577882,0.266159624552119,0.79011627670735,0.997370795218308
"K01129",731.506578990135,-0.150321130989322,0.164712311433527,-0.912628386312133,0.3614380196911,0.950060596598327
"K01130",10.4735419846325,-1.466661622827,1.13531365522344,-1.29185588148179,0.196407058802107,0.856100345826652
"K01133",52.2392270549778,-0.260386816546598,0.445774145185774,-0.584122743229273,0.559137734359985,0.988149645670342
"K01134",36.9482324892682,-0.0811144180382512,0.518936284698977,-0.15630901216573,0.875789452974873,0.997370795218308
"K01136",9.67526720958646,0.152729189526757,1.72659503577655,0.0884568682071218,0.929513564090563,0.997370795218308
"K01138",7.65142088961397,1.80743498567168,1.44942702173867,1.24699964783571,0.212397626698441,0.883367629372891
"K01139",3092.79137009019,0.114274805289066,0.108202319984464,1.05612158136234,0.290912671715795,0.921603082140073
"K01141",74.8602494641775,0.373546373080141,0.758718179428133,0.492338767158173,0.622479878769663,0.992927693570313
"K01142",681.534103330255,-0.358206828252374,0.154687730101521,-2.31567706124644,0.0205759077784342,0.479911506804299
"K01146",11.458250180902,1.33951263086878,1.56452582769489,0.856178023498893,0.391899316527719,0.96389527995257
"K01147",109.989305143915,-0.126584443326167,0.358217153544068,-0.353373483301365,0.723808462403272,0.997370795218308
"K01150",9.18881684725863,0.160242837604045,1.4332095867032,0.11180698140085,0.91097645187868,0.997370795218308
"K01151",1067.45348833066,0.31857375124366,0.162164934878936,1.96450454274527,0.0494716099831222,0.628002105104514
"K01153",184.131024722626,-0.0905702838249323,0.300042476053418,-0.301858206932033,0.762760156471055,0.997370795218308
"K01154",26.4803025255651,0.294141065611259,0.719288056923228,0.408933615371642,0.682588379083936,0.997370795218308
"K01155",9.13234956411477,0.437662968066639,1.06720283135556,0.410102892540794,0.681730470942485,0.997370795218308
"K01156",49.9164004569392,0.281232443420375,0.622858588466282,0.451518930023711,0.651615584761364,0.992927693570313
"K01159",443.655966448172,-0.295344215818249,0.219408178270753,-1.34609483632734,0.178271933733282,0.84668565513769
"K01160",27.3641251189678,-0.642081195795609,0.732503355168643,-0.876557344433983,0.380727116453392,0.962857360260397
"K01163",9.14912398734423,-0.431116893172008,1.28942357431179,-0.334348542837918,0.738116564051293,0.997370795218308
"K01166",22.94642546376,-0.730462504322159,0.77017625913941,-0.948435498568046,0.342907794859208,0.947770244518839
"K01167",224.945685894313,0.0121227334410983,0.282989405568936,0.0428381176204325,0.965830578398489,0.997942587160163
"K01170",34.4999535655198,0.814658037491138,0.794623313682787,1.02521285678808,0.305262763122594,0.923868889060477
"K01173",731.496522699848,-0.00598494956995194,0.167148889011716,-0.0358060984152426,0.971436970354649,0.998142329325159
"K01174",153.923311236359,-0.116156698679821,0.325660678770616,-0.356680146704596,0.721331269871698,0.997370795218308
"K01175",16.3123149530283,0.0864527819150839,1.07301932514236,0.0805696410953396,0.935784210584839,0.997370795218308
"K01176",754.685977764165,-0.218472563867288,0.214698464635998,-1.01757860373007,0.308878259787053,0.927719106251082
"K01178",892.225909640812,-0.432168834988741,0.170389563276301,-2.53635743104724,0.0112012341659562,0.360667695805978
"K01179",417.704861905859,-0.0924271498790713,0.279731564930571,-0.33041373039904,0.741087368218163,0.997370795218308
"K01180",50.4489651457595,-0.544892971515263,0.721311185389757,-0.755420105153135,0.449996953618883,0.9731410869362
"K01181",2306.85950577608,-0.454353462637184,0.279505914944195,-1.62555938298443,0.104043421603804,0.759017135201614
"K01182",135.510221994044,-0.590515078215235,0.39800157369912,-1.48370036009368,0.137888430719444,0.807360367143472
"K01183",259.1953513738,-0.00722001779900452,0.332575186186119,-0.0217094302247913,0.982679741314972,0.998573809130236
"K01185",73.3348603478002,-0.182862003137961,0.415435836109112,-0.440169064013854,0.659814663922442,0.992927693570313
"K01186",11.6278878474133,-0.554305883879794,1.32192110736862,-0.41931843041918,0.674983428782864,0.997370795218308
"K01187",767.45929499459,-0.226742935415003,0.207309822476501,-1.09373947025933,0.274069258050226,0.912243138973363
"K01190",565.765392993717,-0.282973699516619,0.250046648872578,-1.13168363100447,0.257767465782411,0.900682236039007
"K01191",346.937583622404,-0.472308172430566,0.222345127894736,-2.12421192630841,0.0336524264039547,0.55341756161565
"K01192",110.181670066403,0.177013437743283,0.322362479085912,0.549113030291927,0.582927883532513,0.992186816903
"K01193",197.988124284725,-0.0286080174020443,0.341205634789889,-0.0838439184032259,0.933180529093424,0.997370795218308
"K01194",63.6759097861723,-0.265634887107014,0.529652287028051,-0.501526933070613,0.61600032780868,0.992927693570313
"K01195",94.0332517697195,-0.260827552652691,0.367174633037224,-0.710363759323888,0.47747859067277,0.974469580961331
"K01198",270.604147663776,-0.564543971861759,0.330688867424061,-1.70717561876014,0.087789415292682,0.738334078600831
"K01200",484.08942527197,0.0943362325442069,0.235809902708187,0.400052039633583,0.689118187891973,0.997370795218308
"K01201",185.665382676981,-0.370609782779009,0.272511247651523,-1.35997976587348,0.173836327063125,0.837701380587708
"K01202",374.362585361601,-0.821120999027654,0.392511216672822,-2.09196823975632,0.0364413568945043,0.561047008846237
"K01205",0.386274052853061,0.810921312803509,3.52572135897264,0.23000153166948,0.818090579521445,NA
"K01206",652.232893617571,-0.268790529303178,0.193899630548862,-1.38623538653645,0.165675039412875,0.831694303422829
"K01207",610.161622544681,-0.149588360968999,0.193389414283477,-0.773508526944122,0.439221484316062,0.9731410869362
"K01208",81.461802389585,-0.362810652877537,0.486387548928501,-0.745929153977728,0.455710212803323,0.9731410869362
"K01209",1049.2411941526,-0.222747376556027,0.181500909328003,-1.2272521244149,0.219727843733068,0.884375037713269
"K01212",11.5504554679096,-0.168654880197907,1.5789620387975,-0.106813765026517,0.914936727040642,0.997370795218308
"K01214",2044.68817793876,-0.211097722641776,0.118104440301888,-1.78738176229605,0.0738758072462532,0.699247695396506
"K01217",6.2402300894428,-0.190078691635039,2.00049134523511,-0.0950160029873556,0.924302115883008,0.997370795218308
"K01218",84.0465752720702,0.387359810127678,0.44094465659279,0.878477161104149,0.379684826631386,0.961900349701933
"K01222",205.16279013634,0.0427700343968765,0.258039407803857,0.165750009895338,0.868353688138308,0.997370795218308
"K01223",180.851905041805,0.63108365727002,0.273909255087782,2.30398807469201,0.0212233130210662,0.479911506804299
"K01224",214.932666974294,0.463424990237279,0.371256570470059,1.24826070997349,0.211935597650276,0.883367629372891
"K01226",8.7994842655555,0.65081702692023,1.8395624615561,0.353789034360758,0.72349699201215,0.997370795218308
"K01227",10.4766281211998,-1.56178055515983,1.49539780955514,-1.04439136207136,0.296304358415459,0.921603082140073
"K01233",127.345721738854,-0.0222699772007902,0.407122563962474,-0.0547009160682209,0.95637673954033,0.997942587160163
"K01235",125.777156112826,-0.226911796909152,0.352031996814141,-0.644577194580844,0.519201217616041,0.98022172454027
"K01236",565.699965725826,-0.108689369608722,0.177388620513178,-0.612718951724682,0.540062189132986,0.984845345729267
"K01239",6.719629275564,-0.284188768180918,1.43738568944192,-0.197712256542123,0.843270199678276,0.997370795218308
"K01241",316.129066513721,-0.0319821775628775,0.245700585534386,-0.130167282643295,0.896434078980873,0.997370795218308
"K01243",525.063927163653,0.799363424502618,0.36304539833274,2.20182772780935,0.0276774796634179,0.53510136360559
"K01246",337.496113981865,-0.238781517989391,0.217954066702798,-1.09555890193595,0.273271855430641,0.912243138973363
"K01247",188.268111222932,0.0787863376507356,0.239853784401079,0.328476525177483,0.7425513907248,0.997370795218308
"K01251",15858.7375054687,-0.0148276746404942,0.101548190658631,-0.146016138193338,0.88390864853502,0.997370795218308
"K01254",47.5836109157068,-0.713643628077723,0.784226200817454,-0.909997175985503,0.362823999103216,0.950060596598327
"K01255",1598.21462004434,-0.189143577154184,0.124246121752865,-1.52232982797166,0.127926457794115,0.796688133697595
"K01256",2037.58508350875,-0.162315235539689,0.139319711385654,-1.16505578374607,0.243996413253043,0.893592950351629
"K01258",890.894215758896,0.0943641379742051,0.153897657998392,0.613161624429601,0.539769476478679,0.984845345729267
"K01259",421.298843252185,-0.00550042953561523,0.210901911377004,-0.0260805106018351,0.979193122061912,0.998573809130236
"K01261",186.884047126804,1.01379098559179,0.291476215241463,3.47812594160369,0.000504932625828857,0.0672009221353116
"K01262",700.418801330456,-0.135729805294883,0.173285397053469,-0.783273187486205,0.433466704859805,0.9731410869362
"K01265",4385.00793248543,0.0458163246247419,0.128750246475231,0.355854267304694,0.72194970618631,0.997370795218308
"K01266",271.064588201312,-0.120996101447153,0.211606176800335,-0.571798532900681,0.567458471341006,0.98937664770343
"K01269",113.159244940651,0.749567495573188,0.354867516150679,2.11224601142392,0.0346653539001327,0.55341756161565
"K01270",45.0597144620477,0.455181203519861,0.75035345196625,0.60662238885833,0.544101538612387,0.985967962102748
"K01271",651.537604074308,-0.251171987948465,0.170386043980071,-1.47413474766656,0.140445314481966,0.80901139713996
"K01273",785.361367014827,-0.0547587937014343,0.160929786971828,-0.340265122646439,0.73365687987107,0.997370795218308
"K01277",80.0489904265508,-0.310222487237265,0.440762347298548,-0.703831643375692,0.481537625039116,0.974469580961331
"K01278",290.950685087788,0.243696768035486,0.210972747877524,1.15511017649046,0.248045311409495,0.896664516291802
"K01280",498.511528582131,-0.175386750322081,0.232851057086546,-0.753214318700269,0.451321136327115,0.9731410869362
"K01281",455.84555655295,-0.202446475863483,0.238707844189609,-0.848093101216553,0.39638612335108,0.966076934033148
"K01283",768.309103401717,0.108531669112142,0.236790047509832,0.458345569222605,0.646704190233058,0.992927693570313
"K01284",545.436375673379,-0.0106635712232971,0.17908968141346,-0.059543191651999,0.952519464518754,0.997942587160163
"K01286",1384.92809596691,-0.220496657088552,0.14011226897793,-1.5737141272281,0.115553554312671,0.770657279263456
"K01295",334.663328744731,0.233098289911508,0.251614422302064,0.92641068734793,0.354232592124637,0.948367900864752
"K01297",307.981172346534,0.206019483103706,0.229520106906899,0.897609738336667,0.369393645420518,0.951124474362394
"K01299",1661.0414251119,0.501739199593533,0.134047289184869,3.74300146347285,0.000181835169494881,0.0363003610034947
"K01301",286.89666856977,-0.16886414572861,0.208507938008227,-0.809869146190238,0.418015386358722,0.97183810981949
"K01302",632.111895282643,-0.097875698467925,0.190001797718314,-0.51513038109792,0.606461913950329,0.992927693570313
"K01303",1416.42477149531,-0.0957652171388926,0.128217854324033,-0.7468945541459,0.455127213495174,0.9731410869362
"K01304",52.2401001827746,-0.187735190710425,0.46914931337571,-0.400160855740356,0.689038043859174,0.997370795218308
"K01305",13.9103450729143,0.662883473723239,1.06287653453299,0.623669308885907,0.532844782889488,0.984070334914601
"K01308",302.197987108474,0.778293860456825,0.260194546874231,2.99119973806763,0.00277883667983833,0.172805577111904
"K01318",120.901775279805,-0.801262658774365,0.34814605040087,-2.30151299390516,0.0213626517753757,0.479911506804299
"K01322",932.074573675913,-0.0995668846495012,0.187164815019465,-0.531974370498783,0.594743746605115,0.992927693570313
"K01337",297.617503764363,0.107188709178781,0.291075959073155,0.368249956197318,0.712686863744022,0.997370795218308
"K01338",10076.5127606493,0.135607110553325,0.113330152912011,1.19656690711967,0.231475405558998,0.888188252939584
"K01342",8.32988842826363,0.213794482334424,1.03517489925125,0.206529816834877,0.836377076289274,0.997370795218308
"K01354",627.131817970059,-0.0950634804073983,0.195925652056633,-0.485201806958487,0.627533200415101,0.992927693570313
"K01356",3675.39958086646,-0.132309712405621,0.14633008045505,-0.904186698962853,0.365896411892615,0.950060596598327
"K01358",19602.7762497712,0.0378357615001652,0.0999450245967795,0.378565733039846,0.705010372465121,0.997370795218308
"K01372",94.1444917325016,0.119770142730035,0.412868436168182,0.290092756524615,0.77174527711237,0.997370795218308
"K01400",414.516406621492,0.329799901868034,0.2100443150455,1.57014438499129,0.116381524629798,0.771881451835949
"K01406",5017.01386226112,-0.161946216322731,0.113107129029613,-1.43179495149533,0.152202512529971,0.815874091147702
"K01414",231.062266189951,0.189441239024378,0.287527013040245,0.658864142959194,0.509983013295142,0.979329538491088
"K01416",50.9482700243501,-0.580540474666631,0.707493933644652,-0.820558943418751,0.411897541805034,0.968959956833116
"K01417",2989.65515133998,-0.238608272044133,0.161132842709062,-1.48081711979078,0.138655313239699,0.807360367143472
"K01419",686.859914654194,0.288119579822319,0.147954237639581,1.94735605021454,0.0514920632535645,0.638739517649588
"K01420",1088.52449303919,0.584736961205254,0.607408303688976,0.962675283913585,0.335710503954682,0.943225460941997
"K01421",284.734909341077,0.873802501755306,0.340248054534162,2.56813371924092,0.0102247705338724,0.342101400711518
"K01423",366.219080220587,0.00256806751676732,0.241483174391603,0.0106345608684222,0.99151500800592,0.998573809130236
"K01424",523.580881381562,0.0560909455280277,0.264414802742143,0.212132395563071,0.832003746783202,0.997370795218308
"K01425",247.848717814262,-0.148538359180345,0.395356348069981,-0.37570753550681,0.707134335135075,0.997370795218308
"K01426",2070.21798295255,-0.193656054046898,0.117549555613238,-1.64744182176295,0.0994672651213046,0.755548259580255
"K01428",1480.62702324275,0.174219463962791,0.251295097296008,0.693286362676518,0.488129859551982,0.97616199004908
"K01429",255.793412612131,-0.352595712976011,0.443941378676874,-0.79423935211196,0.427056103280428,0.9731410869362
"K01430",130.962357409327,-0.430305655841572,0.429483492694021,-1.00191430674644,0.31638498220033,0.92871793789011
"K01431",1096.90736027731,-0.0732531840105679,0.167756380838867,-0.436664069910573,0.66235499020095,0.992927693570313
"K01432",134.434073028378,-0.454994865326991,0.314868193881733,-1.44503279203199,0.14844867500958,0.815874091147702
"K01433",691.59297838008,0.142538395626291,0.178503753313054,0.798517638877384,0.424570161297366,0.972723098477607
"K01434",457.38145253582,-0.281421556481632,0.174837281896395,-1.60961983296215,0.107480875786509,0.759768797625471
"K01436",15.67157319328,-0.0160728484939253,1.29489893843525,-0.012412434682623,0.990096564306718,0.998573809130236
"K01438",338.319251784964,-0.167119278686624,0.23859587661662,-0.700428192877589,0.483659934705821,0.974469580961331
"K01439",381.283247170764,-0.0319450343836661,0.191014257903871,-0.167239004743523,0.867181995221048,0.997370795218308
"K01443",279.370854120222,-0.313155782509081,0.218964939819991,-1.43016403798034,0.152669944201903,0.815874091147702
"K01444",105.795100044193,0.331280957610431,0.332209291615417,0.997205574833649,0.318664735528586,0.92871793789011
"K01447",246.81033866048,0.0782049911785911,0.354583243871649,0.220554672366017,0.825439198073145,0.997370795218308
"K01448",2021.0606847006,0.275793322080244,0.271742113178536,1.01490828511754,0.310149548453174,0.92871793789011
"K01449",2995.80873930125,0.570279637585827,0.15374217001714,3.70932475795188,0.000207812734147264,0.0366056019061166
"K01451",382.38908671594,0.0673780826034184,0.235323083667198,0.286321603275889,0.774631813411542,0.997370795218308
"K01455",3661.97854614786,-0.338819671238632,0.115135303656568,-2.94279565413996,0.00325263038254906,0.184708259080401
"K01456",16.2270661473935,-1.28742965585328,0.966918346215323,-1.33147712099216,0.183032068240387,0.848827148219077
"K01457",82.3308475119729,0.0222138218647368,0.346411123146546,0.0641256021543495,0.948870216224248,0.997942587160163
"K01458",47.3354211184728,0.259285767694646,0.967491379502168,0.267998013406656,0.788700847892836,0.997370795218308
"K01459",75.3799062890244,-0.356090296733589,0.517050484950159,-0.688695411953659,0.491014964040261,0.977297646938226
"K01462",1603.95001931589,-0.184581338744458,0.153564387241278,-1.20198010789082,0.229371235186292,0.888188252939584
"K01463",301.465725254604,0.0861839716837345,0.229271242551827,0.375903976113587,0.706988284439272,0.997370795218308
"K01464",1696.77847171073,-0.0364688085029378,0.147868126226899,-0.246630625771084,0.805194100614952,0.997370795218308
"K01465",702.94157301092,-0.0175990782380115,0.194245227202244,-0.0906023715047978,0.927808547496723,0.997370795218308
"K01466",361.497815900544,0.0976870087951587,0.226769344692965,0.430776959414079,0.666630554237022,0.992927693570313
"K01467",177.705892250811,-0.190497740761165,0.305674451086281,-0.623204654769771,0.533150043263966,0.984070334914601
"K01468",356.014394739522,0.00350429252939997,0.242020871686219,0.0144792988513127,0.988447594657177,0.998573809130236
"K01469",225.429843419979,-0.164256504198633,0.265746455256314,-0.618094807850613,0.536512844677638,0.984070334914601
"K01470",803.808735003382,-0.176670196112071,0.162434718699011,-1.08763814489339,0.276754884256324,0.912317125798179
"K01473",793.210433208292,-0.0311988863733038,0.188277025907343,-0.165707346517454,0.868387264306703,0.997370795218308
"K01474",716.693161682957,-0.103165934142848,0.190318724305677,-0.542069281512995,0.587770779422608,0.99260501002599
"K01475",282.360756479476,-0.287065907416116,0.248787610204121,-1.15385933881751,0.248557841737287,0.896754767569043
"K01476",265.618874843156,-0.0727725050083405,0.272416449320406,-0.267136970582669,0.78936370316764,0.997370795218308
"K01477",136.453520067245,-0.596760392542327,0.287016823903132,-2.07918262221358,0.037600568279028,0.569649696771203
"K01478",1125.31296674975,-0.136035897742347,0.183995812894396,-0.739342355689499,0.45969913588807,0.9731410869362
"K01479",68.2949854624931,0.187310588831645,0.484060584690295,0.386956911502075,0.698788107396566,0.997370795218308
"K01480",720.546026394331,-0.0320955047088166,0.189940194864178,-0.168976896816218,0.865814813736857,0.997370795218308
"K01482",100.097389432624,-0.257653512074828,0.411477156601938,-0.626167231742785,0.531205257840058,0.984070334914601
"K01483",56.7522071670336,-0.0649733947809996,0.457151413872734,-0.142126640778776,0.886979975478636,0.997370795218308
"K01484",53.1463640451043,0.260563053939053,0.560727729213989,0.464687298957557,0.642155405165542,0.992927693570313
"K01485",217.163781512448,-0.55990915683491,0.280207287955839,-1.99819626719756,0.0456953860820006,0.610284468809643
"K01486",908.536524132422,0.717321805943513,0.211288166429829,3.39499281036045,0.000686304027922494,0.0780292609464684
"K01487",116.936310801288,0.0487442819969554,0.399377021927027,0.122050792411041,0.90285879239365,0.997370795218308
"K01488",411.386441422658,-0.186173141135793,0.273198393220823,-0.681457672356482,0.495581941058565,0.978899117871614
"K01489",647.767502617333,0.211895297712345,0.31477437796224,0.673165646721612,0.500841913780238,0.979189496323257
"K01491",493.247921506667,-0.0636813011635165,0.203421474377644,-0.313051025504292,0.754241896220421,0.997370795218308
"K01493",83.0400529670168,0.580060440097198,0.391585781573562,1.48131129216761,0.138523640780963,0.807360367143472
"K01494",1533.41339867004,-0.200993203067902,0.160242121593204,-1.25430942295029,0.209729560261664,0.880217474707152
"K01495",2724.63113327433,-0.00305592065877558,0.220139924392457,-0.0138817193982842,0.988924346132875,0.998573809130236
"K01496",235.23936046577,-0.016053015896765,0.242029716858684,-0.066326631725715,0.947117780853252,0.997942587160163
"K01497",104.679387747277,0.26323727359864,0.37838605267174,0.695684398882972,0.486626497893321,0.97616199004908
"K01499",51.0379273943951,0.189977104446592,0.601813622523869,0.315674317324143,0.75224972244245,0.997370795218308
"K01500",11.5438696654503,1.09072424046333,1.07998314313374,1.00994561572361,0.312521346384317,0.92871793789011
"K01501",165.037948113347,0.0825655244652746,0.266310170003961,0.310035191160918,0.756534195288268,0.997370795218308
"K01505",50.9105658560413,-0.160877130945118,0.519031336897594,-0.309956489152907,0.756594044520668,0.997370795218308
"K01506",6.21670794421589,-0.0323522922374776,1.80796115095025,-0.0178943514469177,0.985723135186268,0.998573809130236
"K01507",2022.77744797715,0.0357482095787629,0.166941877726741,0.214135662456591,0.830441266122697,0.997370795218308
"K01512",104.295878369171,-0.27858708165764,0.47142410670676,-0.590947891069409,0.554555336073695,0.988149645670342
"K01515",249.276584907345,-0.102706240327768,0.206072807916586,-0.498397830194758,0.618203665828462,0.992927693570313
"K01518",30.9547172142084,0.0864387808092551,0.610725881605545,0.141534497575271,0.887447709208774,0.997370795218308
"K01519",243.351900800514,-0.0166222593544995,0.230793979620348,-0.0720220665280908,0.942584346901678,0.997895010384199
"K01520",321.819032264389,-0.250380332097089,0.23164469333731,-1.08088093230133,0.279750081462438,0.912317125798179
"K01521",5.27110296803837,0.416790660648061,1.76392859103905,0.236285449856306,0.813211176655442,0.997370795218308
"K01523",79.2636331276135,0.106724204838768,0.390812364120021,0.273082979549728,0.78478943000272,0.997370795218308
"K01524",786.00682114971,-0.326740871425818,0.149467086114076,-2.18603894623626,0.0288127560940294,0.53510136360559
"K01525",52.5596938103852,0.361143555592061,0.581579672178309,0.620970045667855,0.534619332099618,0.984070334914601
"K01529",26.6191797671008,-0.176416204722826,0.571042520590393,-0.308937072742729,0.757369395302552,0.997370795218308
"K01531",15.9014054328239,1.85683754380527,0.904633129287175,2.05258627358519,0.0401127199324037,0.579223041294056
"K01533",118.610184346914,-0.158998732236235,0.324955460786623,-0.489293923085167,0.624633622728918,0.992927693570313
"K01534",1476.28458026895,0.629675951509045,0.437220995904532,1.44017775314371,0.14981711559753,0.815874091147702
"K01535",0.976911903075694,-3.4012403984704,3.42130697696382,-0.994134820807212,0.3201572350046,NA
"K01537",161.38720225781,0.980041707706227,0.48401918317834,2.02479930913219,0.0428879760566016,0.598439505464885
"K01546",53.3604066793368,-0.528126770605288,0.455508076927785,-1.15942350389764,0.246283600812513,0.8959963761706
"K01547",86.1777754657684,-0.454383526438418,0.367017421596179,-1.23804348159354,0.215699938622759,0.883664559728345
"K01548",18.2101197147475,0.947158165312743,0.940220089764441,1.00737920368202,0.313752581167329,0.92871793789011
"K01551",1012.19500126944,0.134458996165346,0.147795224611307,0.909765498303251,0.362946193565414,0.950060596598327
"K01552",97.4122151586752,-0.841551278877598,0.399443147955982,-2.10681115243548,0.0351339524018296,0.558135917598296
"K01554",41.1623767581589,-0.123991063228402,0.541283975812662,-0.229068416522485,0.818815740790295,0.997370795218308
"K01555",349.82819663287,-0.101386102538219,0.239682561955547,-0.423001580553127,0.672294107883594,0.996158656889993
"K01556",371.953025205229,-0.0139349331587412,0.221019279498662,-0.0630484959970451,0.94972788688687,0.997942587160163
"K01559",23.7846761475464,-0.113856643666381,0.6671447936256,-0.170662567937654,0.864489097409488,0.997370795218308
"K01560",264.871060915585,-0.181085603708035,0.21211045508421,-0.853732568892666,0.393253184065931,0.965370132142093
"K01561",473.144078600422,-0.167657190924655,0.20633542553384,-0.812546805721242,0.416477940573067,0.970910688763611
"K01563",125.300685728596,-0.483350248792034,0.389077130815429,-1.24229930394271,0.21412615208743,0.883664559728345
"K01565",141.230512911891,0.121751425436389,0.309639350640796,0.393203981291219,0.694168829416774,0.997370795218308
"K01567",130.070338451404,0.813847593874609,0.276551954397556,2.94283797649344,0.0032521857741378,0.184708259080401
"K01569",79.922285160192,0.400640065641462,0.430951853487052,0.929663168633986,0.35254550998184,0.947770244518839
"K01574",83.4511934831377,-0.263139413522587,0.419243744299841,-0.62765256989593,0.530231562640805,0.984070334914601
"K01575",14.3880331186481,-0.120360695763998,0.882333238026301,-0.136411834641109,0.891495718441497,0.997370795218308
"K01576",252.456710331876,0.0717293819267452,0.241062608116708,0.297554989913732,0.766042832030735,0.997370795218308
"K01577",482.077447980365,0.33793303411605,0.255341237894986,1.32345655132694,0.18568359613973,0.848827148219077
"K01578",115.650027729353,-0.399354912630748,0.371330013029117,-1.07547167914874,0.282163605187485,0.913930207303918
"K01579",463.191012573707,0.344185845845949,0.207515553469736,1.65860264491521,0.0971958884732156,0.755548259580255
"K01580",975.911351402062,-0.332541325011667,0.189309974194663,-1.75659695917408,0.0789865316609082,0.713098553777597
"K01581",1006.35193601011,0.0633141998526624,0.188341531219929,0.336166959260459,0.736744967166924,0.997370795218308
"K01584",220.621283024671,-0.551608901298669,0.279529138102918,-1.97335027411552,0.0484556687888053,0.627849597453751
"K01585",2136.00674693766,0.104742812063912,0.124551777919523,0.840957984008792,0.400371472885481,0.967424176194844
"K01586",2907.32576929482,0.306543416944027,0.221359563994769,1.38482119955418,0.166107146944338,0.831694303422829
"K01587",8.67794494254936,-1.231468458909,1.29680837909444,-0.94961482263781,0.342308004018891,0.947770244518839
"K01588",545.114473300547,-0.149826945008621,0.173418213656198,-0.8639631434888,0.38760813759836,0.96389527995257
"K01589",422.769647002971,0.311610581497557,0.174750114479126,1.78317812509804,0.0745573121510015,0.700979187554707
"K01591",388.36783769132,0.0772561537987529,0.195550846856237,0.395069390088345,0.692791678399947,0.997370795218308
"K01593",315.188151805838,-0.121110375887453,0.239872417043421,-0.504894966166661,0.61363260989075,0.992927693570313
"K01595",1235.54623374893,-0.0441759047840077,0.142373083913149,-0.310282699298387,0.75634598633117,0.997370795218308
"K01596",6460.14846911788,-0.0187854159348651,0.110946711853942,-0.169319267069361,0.865545521851021,0.997370795218308
"K01597",25.3933738494238,0.384878236116012,0.656281213966036,0.58645322755792,0.557570984065622,0.988149645670342
"K01598",1.44931160814185,4.0325514204215,3.14295558271551,1.28304435563718,0.199476536727331,NA
"K01599",916.641242362828,-0.00726700511165421,0.157705867839225,-0.0460794846204621,0.963246897537804,0.997942587160163
"K01601",1718.92769719406,2.56769348233783,1.09968352665316,2.33493857105643,NA,NA
"K01602",54.3333165741651,-0.19494169020739,0.597563367487272,-0.326227645156883,0.744252126708638,0.997370795218308
"K01607",1699.29153086706,-0.253541482013244,0.11825498091322,-2.14402370247137,0.0320309876573196,0.551284198900235
"K01608",244.651913638234,-0.247627890296975,0.293893597805728,-0.842576674503349,0.399465240959803,0.967406926044586
"K01609",464.162970853953,-0.257343330304731,0.169575472534172,-1.51757401267375,0.129121822228111,0.798874579880329
"K01610",3369.57643813508,-0.0202673283822689,0.130787225853704,-0.154964127803579,0.876849597492401,0.997370795218308
"K01611",672.49561374693,0.0545431996643782,0.164608829571016,0.331350388715612,0.740379834203898,0.997370795218308
"K01613",629.246818138101,-0.0626542246380747,0.200845836458746,-0.311951822067987,0.755077137866633,0.997370795218308
"K01616",1884.2893774807,-0.178882894274989,0.134375523967223,-1.33121634799074,0.183117833745586,0.848827148219077
"K01617",139.041161690447,0.330657982978468,0.361073207034351,0.91576438388853,0.359790487717678,0.950060596598327
"K01619",1414.28046509823,-0.0258551624808943,0.117929103824148,-0.219243271105058,0.826460549859535,0.997370795218308
"K01620",824.424824642688,-0.042223209573909,0.180832499779649,-0.233493479465028,0.815378232277892,0.997370795218308
"K01621",3408.85948764268,0.0263556598536915,0.16199387060224,0.16269541406542,0.870758257926901,0.997370795218308
"K01622",117.734498371285,-0.344496841573115,0.471628718316649,-0.730440764512185,0.465120808517225,0.9731410869362
"K01623",914.55264666997,0.0877965264017173,0.164875526508559,0.532501871326305,0.594378446082487,0.992927693570313
"K01624",4806.41647440254,-0.0912583652595213,0.108971095932698,-0.837454780815306,0.402336984486304,0.967424176194844
"K01625",228.052148409538,0.150569495429197,0.287213580446333,0.524242256216473,0.600110053792682,0.992927693570313
"K01626",2237.2092648174,-0.0680547098883625,0.148292195256258,-0.458923072591647,0.64628940943118,0.992927693570313
"K01627",485.517579601838,-0.128438338211943,0.180156231395389,-0.712927536378464,0.475890598662948,0.974469580961331
"K01628",220.568599379068,-0.0297403485766232,0.280862133792125,-0.105889491670084,0.915670031624384,0.997370795218308
"K01629",33.3049376503931,-0.739687555648996,0.620525890189219,-1.19203335000807,0.233248168795174,0.888188252939584
"K01630",9.35769867336394,-1.74835361024235,1.34942482723668,-1.29562875601051,0.195103417124413,0.853524006689633
"K01631",51.9730136809567,-0.732566726394853,0.511349855454034,-1.43261353959785,0.151968310245321,0.815874091147702
"K01633",564.309047697531,-0.239008837829079,0.216120270504639,-1.10590661982328,0.268766939239231,0.909404067290258
"K01634",91.5569600890919,-0.0169082700634052,0.352725817955105,-0.0479360148951651,0.961767236635141,0.997942587160163
"K01635",202.809929283453,-0.226528269336714,0.305523841865554,-0.741442199579299,0.458425365635058,0.9731410869362
"K01637",2772.73880740154,0.101310117325863,0.176072983742174,0.575387064912879,0.56502955029085,0.988149645670342
"K01638",2913.23755111851,0.0508839315861063,0.155124264328313,0.328020453837015,0.742896197555726,0.997370795218308
"K01640",944.113360866292,-0.0536379842336902,0.172415652480681,-0.311096953565167,0.755726917030325,0.997370795218308
"K01641",124.490679492843,0.0882576990550357,0.316382094661927,0.278959209589102,0.780276128607434,0.997370795218308
"K01643",30.955605489662,0.466231504188644,0.693717301259002,0.672077088667816,0.501534621452739,0.979329538491088
"K01644",1040.15962133393,-0.0185707382571441,0.152069150114512,-0.122120352768197,0.902803703340301,0.997370795218308
"K01646",0.382590596390671,0.79598168109254,3.52679519787035,0.225695464702116,0.821438285727612,NA
"K01647",6100.44834185893,0.0498583520561756,0.0955526136745497,0.521789516150674,0.601816889939933,0.992927693570313
"K01649",4966.67969826455,-0.00561823017221517,0.106151465557531,-0.0529265436205425,0.95779043528045,0.997942587160163
"K01652",5039.30279781612,-0.0295992264212427,0.0970849148186661,-0.304879769184819,0.760457724529118,0.997370795218308
"K01653",2381.72689671861,0.0314021544804744,0.15135834630722,0.207468932150829,0.83564365335925,0.997370795218308
"K01654",216.758916997485,-0.426777113444398,0.329582006513228,-1.2949041665212,0.195353291009814,0.853993328363339
"K01655",20.5185037950767,0.316268594198157,0.970714220437983,0.325810199891228,0.744567961071314,0.997370795218308
"K01657",837.049743844305,-0.14526611388265,0.179063447896333,-0.811254980227741,0.41721925784575,0.971647167921825
"K01658",576.131500916278,-0.109524133049621,0.159335863410973,-0.68737904138459,0.491843901454154,0.977865853750901
"K01659",181.614412003628,0.186538943233071,0.360749806756944,0.517086744716544,0.605095606294829,0.992927693570313
"K01661",369.955677525591,-0.144558809003068,0.221741860345358,-0.651923857669097,0.514450293358101,0.979746666549689
"K01662",3703.1597353544,-0.101332272522746,0.127390746582932,-0.795444529848786,0.426354965718848,0.9731410869362
"K01664",64.3472670245984,-0.386760867150029,0.460327071153641,-0.840187100403969,0.400803489884216,0.967424176194844
"K01665",22.9183779969062,-1.28835566252308,0.885376811127087,-1.45514954348421,0.14562786589951,0.814133364640594
"K01666",498.358964584643,0.580596771657809,0.221261239356948,2.62403290040858,0.00868953908959979,0.306759131276487
"K01667",15.7816498611775,0.85050841605037,0.749940675856634,1.13410092748851,0.25675221463424,0.899605882022776
"K01669",75.5593971307101,-0.685744345324723,0.401979390148267,-1.70591916434271,0.0880231310938376,0.738334078600831
"K01671",3.88116001244893,0.347997279097337,2.1785695838958,0.159736591233885,0.873088575345578,0.997370795218308
"K01673",1739.8113378169,-0.287862570847209,0.149850380572199,-1.92099993171865,0.0547317160971366,0.654385089398482
"K01674",33.2924375968849,0.02512354227239,0.73043203186182,0.0343954552600217,0.972561807506336,0.998142329325159
"K01676",721.070162578087,-0.198233365654369,0.151191512617071,-1.31114083206802,0.189810187821235,0.849632213082797
"K01677",216.521472716026,-0.227076044594216,0.290013507192029,-0.782984374737624,0.43363628775279,0.9731410869362
"K01678",53.7925368641477,1.03550811175995,0.721644819170501,1.43492766005058,0.151307712713453,0.815874091147702
"K01679",1272.39688165156,-0.040155914305548,0.138172021753424,-0.290622615171751,0.771339961881882,0.997370795218308
"K01681",2870.33842904877,0.0409829697969381,0.125948040020667,0.325395852053061,0.744881494437483,0.997370795218308
"K01682",342.246618214884,0.720513522449844,0.266719516376336,2.70139033033193,0.00690502485229867,0.27069639305294
"K01683",7.2728069316397,0.58671335294205,1.47218901431011,0.398531266867924,0.690238615335274,0.997370795218308
"K01684",460.063005520957,-0.256957010722888,0.228550338326314,-1.12429066001213,0.260889739369594,0.903690153582261
"K01685",80.9132920687447,-0.221054416651087,0.451766970352768,-0.489310709188132,0.62462174040859,0.992927693570313
"K01686",411.882541396864,-0.129642313014892,0.259891353751744,-0.498832728151205,0.617897229050305,0.992927693570313
"K01687",3849.47608463479,0.164374572913663,0.16660550453362,0.986609496329657,0.323834113015634,0.931476967602338
"K01689",5624.29743005146,-0.0819095617598063,0.113430612634415,-0.722111605125499,0.47022586374678,0.9731410869362
"K01690",253.432443570254,0.0621222499411769,0.313638426815186,0.198069638889571,0.842990578867374,0.997370795218308
"K01692",361.733941269888,-0.00264918385406195,0.247635905216743,-0.0106978988032582,0.99146447452025,0.998573809130236
"K01693",667.132975471129,0.0455875163821981,0.173215409814606,0.263183953615853,0.79240879811827,0.997370795218308
"K01695",603.005942357028,-0.223750523687058,0.165111313758686,-1.35514955694723,0.175369912297406,0.840905047837601
"K01696",1248.93667710292,-0.0041265162779725,0.149362425862749,-0.0276275392163516,0.977959216926835,0.998573809130236
"K01697",1525.20049745199,-0.132064981508398,0.130076045941029,-1.01529055986427,0.309967343018741,0.92871793789011
"K01698",1859.5588825102,-0.110566333638602,0.148550087095059,-0.744303391541259,0.456692949910222,0.9731410869362
"K01699",19.3279321250698,-0.0209570239241869,0.964413014152724,-0.0217303412714712,0.982663060648721,0.998573809130236
"K01703",3084.22428876036,-0.0870037902411678,0.120044299160063,-0.72476403169433,0.468596805188348,0.9731410869362
"K01704",1712.79193550533,0.00268510698208395,0.129112981665975,0.0207965686132981,0.983407934998184,0.998573809130236
"K01705",3.51906120173439,0.208839799451623,1.97873662556817,0.10554198914252,0.915945753503153,0.997370795218308
"K01706",86.5627103004913,0.258290931363512,0.388983270142012,0.664015527632367,0.506680372978036,0.979329538491088
"K01707",132.89755361949,-0.203448163947592,0.458153400276619,-0.444061233256713,0.656998313457636,0.992927693570313
"K01708",45.9560292205635,0.0987800278064483,0.533715502430066,0.185079929956488,0.853166343221407,0.997370795218308
"K01709",96.3223177439717,-0.092226548635842,0.324936837892554,-0.283829156564693,0.776541309284561,0.997370795218308
"K01710",864.398505813868,-0.245778734463192,0.153589383614885,-1.6002325725811,0.109546998708286,0.759768797625471
"K01711",2496.40624821963,-0.187218142287837,0.111310312476815,-1.68194786378695,0.0925789501693018,0.749263962924255
"K01712",1197.49747734771,-0.0863137754134832,0.151129769107711,-0.571123584209059,0.567915872785401,0.989771640133817
"K01713",42.0655242463679,-0.905827469924645,0.514678043155615,-1.75998856366749,0.0784097456557937,0.713098553777597
"K01714",3201.24553609925,0.256516144022069,0.123644245115446,2.07463067757468,0.0380207766483493,0.569649696771203
"K01715",155.121973647423,-0.0358896517281483,0.366254172729361,-0.0979911067243145,0.921939355186812,0.997370795218308
"K01716",169.843272060868,0.0418546015320744,0.363499128032603,0.115143609170695,0.908331294628699,0.997370795218308
"K01719",342.542174477814,0.441783745295929,0.213984495357892,2.06455960539122,0.0389646886571046,0.574777143762067
"K01720",244.237508593258,-0.184408253023232,0.248252907707353,-0.74282414142201,0.457588157496493,0.9731410869362
"K01721",268.465368879514,0.0379032665258496,0.221572487437398,0.171064859921106,0.86417276626566,0.997370795218308
"K01724",848.699338135262,-0.272037606976478,0.163888396822949,-1.65989546697662,0.0969354835524624,0.755548259580255
"K01725",84.2184614422997,-0.193293750397112,0.502096275557943,-0.384973479801894,0.700257064165895,0.997370795218308
"K01726",343.158261024407,-0.314287112451293,0.242435347660561,-1.29637495309196,0.194846336947367,0.853524006689633
"K01727",56.9228735858383,0.699801555670019,0.631012056520969,1.10901455596318,0.267423902669678,0.908595789052828
"K01728",312.372689775213,-0.418703721768411,0.399301034519037,-1.04859162779967,0.29436611077891,0.921603082140073
"K01729",259.313715539797,0.103908806848685,0.319007923494528,0.325724846299838,0.744632543923807,0.997370795218308
"K01730",55.345919048245,-0.316746787122995,0.494203482727672,-0.640923826304836,0.521572174848246,0.981346520689153
"K01733",2702.00637515787,-0.035541204261409,0.128238097131372,-0.277150121971938,0.781664836807037,0.997370795218308
"K01734",60.3230272511316,0.557762843795806,0.4660184995428,1.19686845982083,0.231357829334842,0.888188252939584
"K01735",534.21287912315,-0.186013915284275,0.187901506375596,-0.989954358920638,0.322196428004464,0.931476967602338
"K01736",1058.64316404672,-0.215242804532594,0.130179747099964,-1.65342773609255,0.0982438419118618,0.755548259580255
"K01737",674.524120059733,-0.00871050836432897,0.172234906640841,-0.0505734205348564,0.959665443054212,0.997942587160163
"K01738",1132.30101582549,-0.0162078050450365,0.19937777547396,-0.0812919344019532,0.935209788177018,0.997370795218308
"K01739",181.864523391967,0.181301680705804,0.267162023569455,0.67862070470757,0.497378220539215,0.978899117871614
"K01740",2681.91311324693,0.247571429883459,0.155240772256157,1.59475778357345,0.110766410861712,0.759768797625471
"K01743",37.0453272771455,0.785851673874307,0.849534517605778,0.925037956184585,0.35494616420853,0.948900876909325
"K01744",379.282797577875,0.539018223054193,0.246896634944989,2.18317363124163,0.0290230258352217,0.536174791972217
"K01745",858.322021033158,0.187213333912194,0.223851880315182,0.83632683204894,0.40297106220503,0.967424176194844
"K01749",678.293722828011,0.166782337234323,0.208620644476775,0.799452698713577,0.424027963699139,0.972723098477607
"K01750",28.618394748808,-0.119159084705409,0.783471556533615,-0.152091143209609,0.879115049637888,0.997370795218308
"K01751",34.029095249755,-0.903415509209072,0.567929002566191,-1.59071909539218,0.111672807530168,0.761785500084045
"K01752",1000.40499350551,-0.0853121666673279,0.227014213102626,-0.37580099281608,0.707064849658526,0.997370795218308
"K01753",482.945004248683,0.395738424976142,0.546065337723988,0.724708927004208,0.468630617398954,0.9731410869362
"K01754",1245.38436295051,0.0314287238160506,0.157090750790626,0.200067309232861,0.841427939908663,0.997370795218308
"K01755",1342.61132676022,-0.158282958102292,0.138154014313599,-1.14569930442268,0.251919591766791,0.897595428587345
"K01756",1132.44791914677,-0.2275881310755,0.130538460449028,-1.7434565283874,0.0812539014617228,0.71880297762815
"K01758",157.575495036713,-0.166778600370978,0.29520175130966,-0.564964806716308,0.572097702040998,0.990848007156586
"K01759",774.899315855501,-0.150948020512505,0.160915314178427,-0.938058762667733,0.348214212404451,0.947770244518839
"K01760",393.624473348632,0.201317292169401,0.193993785933013,1.03775124136665,0.299385882217213,0.922416552057102
"K01761",931.509797827975,0.549971624196947,0.489697422795991,1.12308457956918,0.261401574625364,0.903690153582261
"K01767",7.98018490199582,-0.651296529276174,1.42051223145226,-0.458494136731452,0.646597473952865,0.992927693570313
"K01768",1711.86270604103,-0.10058488050544,0.159010120267107,-0.632569048664806,0.527015104490053,0.983668472177992
"K01770",84.5162245177243,0.323275887733003,0.455193379486192,0.710194616841542,0.477583458611773,0.974469580961331
"K01771",1.70887996569439,0.751311067655947,2.72738706633234,0.275469175948786,0.782955804093048,0.997370795218308
"K01772",777.319755502717,0.104242212268616,0.203486672521592,0.512280293234215,0.608454855343921,0.992927693570313
"K01775",1185.78456703427,0.230716431497567,0.215503336160384,1.07059331706058,0.284352329683714,0.917896368893027
"K01776",463.404948951736,-0.669607720394327,0.182371115629128,-3.67167639504958,0.000240964675670151,0.0400871511830149
"K01777",77.3026048675202,-0.0487483266531669,0.481065338791432,-0.101334107287039,0.919285241835852,0.997370795218308
"K01778",600.653932137326,-0.0337474369728122,0.170607115771477,-0.197807909829599,0.843195357306898,0.997370795218308
"K01779",157.233323428491,-0.312977129483137,0.287677481381248,-1.0879444855413,0.276619615797653,0.912317125798179
"K01781",42.3016971876587,-0.915126634128129,0.602136364841433,-1.51979964599733,0.128561338131744,0.797879641524367
"K01782",463.519374091065,-0.0992794377822143,0.219281439674606,-0.452748932739296,0.650729539789696,0.992927693570313
"K01783",982.079092069184,0.0871752913559812,0.141776091541049,0.61488005776165,0.538633933653879,0.984415998762777
"K01784",5079.66569445151,0.210363144567387,0.387337797403437,0.543099965914972,0.587060976109632,0.99260501002599
"K01785",3076.2078166944,-0.204257101438209,0.129291205763811,-1.57982207862881,0.114147617905101,0.766401439051175
"K01788",24.7135314536475,0.472858547523368,0.921674121664507,0.513043098866012,0.607921172958077,0.992927693570313
"K01790",638.612380579242,-0.206841003383462,0.15615916723462,-1.32455242331496,0.185319644716799,0.848827148219077
"K01791",294.428344146029,0.250407779541579,0.232107887161842,1.0788421824157,0.280658086823131,0.913930207303918
"K01792",64.5166293291838,-0.396093343066744,0.520861947322291,-0.760457440024229,0.446981200008137,0.9731410869362
"K01793",11.2997664937546,0.656933735609766,1.29551365946038,0.507083604107577,0.612096158714576,0.992927693570313
"K01795",341.007917422985,-0.0505106194471692,0.236302864991082,-0.213753732732252,0.83073910691768,0.997370795218308
"K01796",395.449571761153,0.00299502392162524,0.258597849039731,0.0115817820323984,0.990759281518309,0.998573809130236
"K01798",29.308717312249,0.239985379740349,0.905749704120094,0.264957723583787,0.791042029845236,0.997370795218308
"K01799",263.417707567616,-0.307386883654301,0.202147109829817,-1.52060983663374,0.12835777686411,0.797879641524367
"K01800",66.4453690676535,-0.904640602626124,0.538737213079752,-1.67918714479485,0.0931155765436404,0.751575724959383
"K01801",98.0629940691029,0.539488891665712,0.384387980866999,1.40350093790362,0.160467512492025,0.828697110513083
"K01802",1385.05018336968,-0.0994265995170663,0.147484074618126,-0.674151428040671,0.500215046241203,0.979189496323257
"K01803",1412.18673061155,-0.25319890905189,0.137482128168887,-1.84168598802059,0.0655210949651456,0.673390891931288
"K01804",715.446610086403,-0.116894293003062,0.158986345487257,-0.735247373884891,0.462188852126778,0.9731410869362
"K01805",3056.79649706376,-0.0456613535504402,0.153271917862547,-0.297910760087108,0.765771275277851,0.997370795218308
"K01807",232.315194985563,-0.0800750346241098,0.362064829710613,-0.221162145707748,0.824966182786416,0.997370795218308
"K01808",600.27122329611,-0.329698187433184,0.204100888103659,-1.61536870562629,0.106230873045943,0.759017135201614
"K01809",376.591461749841,-0.334382766557724,0.202174563539213,-1.65393094316174,0.0981415446670383,0.755548259580255
"K01810",2285.07634702506,0.0590338902338269,0.154573881090949,0.381913747763714,0.702525342623519,0.997370795218308
"K01811",161.807092430253,-0.234143575259328,0.329493378196248,-0.710616937254111,0.477321644499433,0.974469580961331
"K01812",558.909184694883,0.0335856252022014,0.225041637416002,0.149241827369557,0.881362816080963,0.997370795218308
"K01813",50.62741749188,0.108786460479977,0.537323171524541,0.202460020794037,0.839557109961713,0.997370795218308
"K01814",329.724321051893,-0.264831893257703,0.243134450564234,-1.08924051134307,0.276047838467886,0.912317125798179
"K01815",151.086870243727,-0.0744321622272542,0.369537588126428,-0.201419732711437,0.840370386911731,0.997370795218308
"K01816",894.260696939433,-0.00519465298422915,0.1722433524659,-0.0301588009630593,0.975940405641667,0.998573809130236
"K01817",361.313299120105,0.289609998491993,0.21824405190135,1.32700064890154,0.184508468011967,0.848827148219077
"K01818",31.7848505590288,0.285426660114792,0.881838492354431,0.323672262652913,0.74618617252789,0.997370795218308
"K01820",370.646796249879,-0.186977656237067,0.248799936203505,-0.75151810362254,0.452340909763582,0.9731410869362
"K01821",181.182783431974,0.450810482204846,0.262671736089689,1.71625043834528,0.0861162151879964,0.735734682968489
"K01822",11.1962903037588,-0.216100659682119,1.28290214977779,-0.168446720367215,0.866231855626938,0.997370795218308
"K01823",81.2636937011086,-0.476202638680075,0.407327308793872,-1.16909087212971,0.242367021117443,0.890759083903911
"K01826",36.1336580241924,0.381726284976814,0.611119969997201,0.624633956862124,0.532211327716378,0.984070334914601
"K01829",5.2216650525178,-2.22298290089456,2.28755442225963,-0.971772684078357,0.331163648051037,0.939535829523811
"K01834",984.487729753364,-0.218610596188013,0.187878970340642,-1.16357139807425,0.244597748075092,0.894262566183201
"K01835",340.023573083225,-0.352682375335324,0.215090285133112,-1.63969458275189,0.101068685876999,0.755548259580255
"K01839",563.112893121767,-0.0817133260632639,0.187177920737484,-0.436554299467118,0.662434611860794,0.992927693570313
"K01840",452.715562048263,-0.185856619173482,0.22689537411849,-0.819129168655609,0.412712721589928,0.968959956833116
"K01841",118.584535214818,-0.193353794501223,0.317157104072365,-0.609646739797149,0.542095842706429,0.984845345729267
"K01843",2710.04811940772,0.446429808421773,0.162254904551101,2.75141025571386,0.00593392765244143,0.254985798280083
"K01844",111.66297841342,0.44022286016523,0.461291369705314,0.954327110967753,0.339918088936726,0.94642930480802
"K01845",2431.19030677674,-0.356855085694735,0.131463091026714,-2.71448878090216,0.00663781486311712,0.268607251454111
"K01847",848.285921461694,-0.073556501422872,0.167479120254222,-0.439198040395831,0.66051804484226,0.992927693570313
"K01848",1593.5182940466,-0.180394478134905,0.161067357237562,-1.11999402752252,0.262716307195336,0.903690153582261
"K01849",717.426896849334,-0.321917726149743,0.153562692394299,-2.09632770258523,0.0360531309155795,0.561047008846237
"K01854",2372.28677922385,-0.240741242503608,0.178591300048699,-1.34800095210663,0.177658076376617,0.84578236837803
"K01856",18.9260160980793,-0.468340446927919,0.767418080826001,-0.610280704389746,0.541675876657996,0.984845345729267
"K01857",111.405119475272,-0.166025030299034,0.34335959750069,-0.483531060461183,0.628718711134065,0.992927693570313
"K01858",7800.37910524487,-0.0577415285118766,0.122006519094128,-0.473265928251991,0.636023467054388,0.992927693570313
"K01865",5.17852840359715,-1.72252144579516,1.4749416212561,-1.167857372096,0.242864301365613,0.891011860683429
"K01866",1475.64904690947,-0.158576341014259,0.136529202783239,-1.16148294856759,0.245445553538977,0.894796715040773
"K01867",2180.62475824276,-0.275587647727262,0.130315248187664,-2.1147766785541,0.0344489854581278,0.55341756161565
"K01868",5273.85801320748,0.0538001262353686,0.103869251919537,0.517960081940758,0.60448612080272,0.992927693570313
"K01869",4462.64993269146,-0.00352786736366935,0.101152464935195,-0.0348767315352081,0.972178034867783,0.998142329325159
"K01870",3574.32311236914,0.0604613656833263,0.11719758064652,0.515892609299538,0.605929416256476,0.992927693570313
"K01872",4381.36672981038,-0.0293868168965964,0.115180484551,-0.255137118159842,0.798617196430799,0.997370795218308
"K01873",2505.79472529468,-0.090867112155988,0.112243991204789,-0.809549902677654,0.418198910838397,0.97183810981949
"K01874",3328.45188699345,-0.135843529094002,0.105808369632546,-1.28386373937868,0.199189636635695,0.860658226092284
"K01875",1637.19567281753,-0.134124341761995,0.130914656170861,-1.02451738930548,0.305590961634464,0.923868889060477
"K01876",2643.26337685066,-0.0289596882077556,0.156115644262036,-0.185501512962708,0.852835693687973,0.997370795218308
"K01878",362.511853853575,0.167841172683925,0.220377829745734,0.761606432360168,0.446294934611907,0.9731410869362
"K01879",332.477335104765,0.0272782796323559,0.274174017655827,0.099492577252884,0.920747181153707,0.997370795218308
"K01880",2242.6298274963,-0.19359180178714,0.120692958771776,-1.60400245181835,0.108713512161801,0.759768797625471
"K01881",2667.28818868664,-0.14318954898934,0.125336039396663,-1.14244513931204,0.253269037456023,0.898062916118484
"K01883",1719.01013083265,-0.0160283996903131,0.136066772633638,-0.117798044151968,0.906227679299173,0.997370795218308
"K01884",1.69913066068101,-0.567171845467356,3.11907913414258,-0.181839517714984,0.855708670838726,0.997370795218308
"K01885",1637.70162103983,-0.117891973654751,0.125772903116324,-0.937340005149723,0.348583690933051,0.947770244518839
"K01886",1333.90560459325,0.154493998448207,0.150728326046119,1.02498317669193,0.305371125735481,0.923868889060477
"K01887",1921.63826228682,-0.050834476401504,0.113097368313235,-0.449475325196893,0.653088804049313,0.992927693570313
"K01889",1950.82214033325,0.0134470813700909,0.119440324032879,0.112584099875594,0.910360291355767,0.997370795218308
"K01890",1703.64903635251,-0.0292999197925211,0.126622363969282,-0.231396088921773,0.817007103313616,0.997370795218308
"K01892",741.54618248829,-0.0372115143895027,0.163428391338392,-0.227693083709385,0.819884849625185,0.997370795218308
"K01893",940.830371868376,0.150021773934927,0.1591511625043,0.942636997269017,0.34586660908384,0.947770244518839
"K01894",24.9037943641239,0.077718595928493,0.908780212019571,0.0855196833080025,0.931848247777318,0.997370795218308
"K01895",3783.78946073287,-0.136766794587275,0.119242421037865,-1.14696425480865,0.251396394501294,0.897595428587345
"K01897",2885.60311670829,0.0497273415687101,0.121425671315538,0.409529064405897,0.682151441965666,0.997370795218308
"K01899",3.74316485339775,-2.03632783948143,2.19519069744632,-0.927631408902336,0.353598799362295,0.947770244518839
"K01900",1.62005122182287,0.129806890536472,3.14594379628211,0.0412616686572335,0.967087291010273,0.997942587160163
"K01902",3272.68194867247,-0.00649854569996474,0.125032129734506,-0.051975006054554,0.958548608767815,0.997942587160163
"K01903",3293.21728577592,0.00176246613969364,0.127815302487882,0.0137891637807667,0.988998187763382,0.998573809130236
"K01904",220.902861014485,-0.0133945320746475,0.268434022615771,-0.0498987868382843,0.960203044063827,0.997942587160163
"K01907",600.977051828427,-0.392874993648998,0.189823646185483,-2.06968415971268,0.0384819310743565,0.571881601003278
"K01908",384.646191379725,-0.171042489174413,0.215226467381716,-0.79470936476906,0.426782583616896,0.9731410869362
"K01910",7.46894314175373,0.71416319695486,1.16379848497463,0.613648502017452,0.539447625548937,0.984685104971833
"K01911",68.6209004184957,-0.399266270583004,0.492313270176793,-0.811000423449127,0.417365427575916,0.971647167921825
"K01912",726.45413292314,0.0385777948250795,0.193869701947713,0.198988260865455,0.842271927441245,0.997370795218308
"K01914",793.94524503959,0.310610088622634,0.264799031772014,1.17300311313095,0.240794557282923,0.89029641349834
"K01915",24800.3808447183,-0.00636458968262273,0.118157097465729,-0.0538654877204372,0.957042333536993,0.997942587160163
"K01916",162.80287944447,0.00680917602548341,0.270093776611505,0.0252104143638879,0.979887130136172,0.998573809130236
"K01918",555.250197676185,-0.230630993305724,0.188591176576968,-1.22291507742728,0.221361773191121,0.88506594528464
"K01919",553.007558502673,-0.0349710628924526,0.190792131079274,-0.183294052509546,0.854567300756501,0.997370795218308
"K01920",313.104115449081,-0.233653946407488,0.271831702528867,-0.859553702654222,0.390035105098079,0.96389527995257
"K01921",2058.61744417347,-0.0838290110600942,0.130339121895639,-0.643160778137014,0.520119780432319,0.98022172454027
"K01923",2447.76009228831,-0.1244554028896,0.133441376816197,-0.932659763103505,0.350995666065234,0.947770244518839
"K01924",1548.2629771657,0.235402223746377,0.165365787467661,1.42352434171072,0.154584210852156,0.821865000163668
"K01925",381.096588108667,-0.0368562252595297,0.247985805911618,-0.148622317813888,0.881851661526077,0.997370795218308
"K01926",2409.64262893945,-0.0849684307831567,0.171001618248536,-0.496886705830248,0.619268946864884,0.992927693570313
"K01928",707.572315637686,-0.208827518660928,0.20791240306802,-1.00440144781843,0.315185152449311,0.92871793789011
"K01929",426.42237927385,-0.0500025564537852,0.228301333181753,-0.219019993255921,0.826634473484422,0.997370795218308
"K01932",14.0286583720036,-0.539909787248982,0.932636771844131,-0.578906819405589,0.562652048550439,0.988149645670342
"K01933",1073.80792948159,-0.159683040784399,0.145992686274968,-1.09377424896236,0.274054000692953,0.912243138973363
"K01934",276.448492080195,0.0184256804951133,0.269191764835811,0.068448158160974,0.945428887022864,0.997942587160163
"K01935",62.4385554426932,0.114448150561101,0.462184059488186,0.247624616668604,0.80442486245123,0.997370795218308
"K01937",7445.28003763568,-0.0312723856181356,0.11271842538154,-0.27743809862746,0.781443730845187,0.997370795218308
"K01938",222.371769174148,0.461653432310173,0.236086838537218,1.95543908830562,0.0505312662644848,0.631037366651489
"K01939",3415.12988302019,-0.0282378271107396,0.122304744379097,-0.230880880820234,0.817407344382185,0.997370795218308
"K01940",2745.99726180928,-0.0903448035203799,0.132457842659848,-0.682064585276278,0.495198112941123,0.978899117871614
"K01941",47.4678519090604,-0.789843380311564,0.639012744888538,-1.23603697520827,0.216444819899024,0.883664559728345
"K01945",879.319526427884,0.0217444102192242,0.174734742685061,0.124442397001815,0.900965006263612,0.997370795218308
"K01949",20.9152602008467,-0.902059841280741,0.767448767470739,-1.17540072968471,0.239834431708843,0.89029641349834
"K01950",444.261700605056,-0.145649320612889,0.19078054502791,-0.763439063409645,0.445201590726988,0.9731410869362
"K01951",2943.07142332006,-0.104190163994963,0.123283514924399,-0.845126487988725,0.398040220691087,0.967406926044586
"K01952",289.725363277226,0.107054450447758,0.205739396867751,0.520340061639107,0.602826578183232,0.992927693570313
"K01953",6914.88781716087,0.200712216833142,0.199268016371146,1.00724752766799,0.313815838623537,0.92871793789011
"K01955",664.900995069347,-0.145901963123375,0.15031959954841,-0.970611707067432,0.331741673954992,0.940274910230216
"K01956",1331.85126944669,-0.0792208640677566,0.144814272336086,-0.547051494233249,0.584343355193473,0.992186816903
"K01958",1019.27119677389,0.114945344022757,0.157293509130866,0.730769786101752,0.464919781365631,0.9731410869362
"K01961",1070.43126438164,0.150029865657028,0.195655676866628,0.766805584482472,0.443197115579178,0.9731410869362
"K01962",1044.35906227246,0.101900445044797,0.144085905680585,0.707220075159146,0.479429724911742,0.974469580961331
"K01963",1439.64076822674,0.0865019815919678,0.129731247654094,0.666778306353843,0.504913751597393,0.979329538491088
"K01965",83.8850285429271,-0.0643813366772946,0.38998508207147,-0.165086665200942,0.868875768628862,0.997370795218308
"K01966",1385.97240006102,-0.112401747781272,0.16668501249677,-0.674336259136979,0.500097556774865,0.979189496323257
"K01968",122.3844917007,-0.0933330691035294,0.400910013793786,-0.232803037819695,0.815914353894427,0.997370795218308
"K01969",599.010930893897,0.0364627663625305,0.173703758909364,0.209913513624976,0.833735174858765,0.997370795218308
"K01970",107.164035240822,-0.421713880054289,0.376708377825071,-1.11947040437236,0.262939509996185,0.903690153582261
"K01971",2192.48269396727,-0.40510223534292,0.131128236086677,-3.08935929768126,0.00200588693298779,0.144785916074936
"K01972",1402.32845083831,-0.186284079345854,0.139956560982169,-1.33101355190906,0.183184551833157,0.848827148219077
"K01974",50.9843587105063,0.507863841915352,0.558198877464887,0.909825982133579,0.362914289910897,0.950060596598327
"K01975",211.620906101257,0.309821725847832,0.281199380539106,1.10178665846935,0.270554431889254,0.909608702338379
"K01989",1028.57726343176,0.0391351493810058,0.134701796160883,0.290531756044768,0.771409460116325,0.997370795218308
"K01990",6037.33864144102,-0.145369074509761,0.10546312760791,-1.37838766787017,0.16808362884722,0.831694303422829
"K01991",1216.90708043058,0.119825904241364,0.141512218222736,0.846753063065987,0.397132775228757,0.966076934033148
"K01992",1948.41318415936,-0.211817343326066,0.131200019085084,-1.61446122342941,0.10642742120379,0.759017135201614
"K01993",11.611884406677,-0.0947761529844835,0.872356077868686,-0.108643884520227,0.913484951930759,0.997370795218308
"K01994",16723.2197518691,0.418809362384771,0.475204330428402,0.881324801916703,0.378142045728823,0.960336202533726
"K01995",4091.06319818617,-0.067354363684339,0.106854185332805,-0.630339031405827,0.528472791216628,0.984070334914601
"K01996",2908.02710951044,-0.0403158968496563,0.104932700366161,-0.384207179544362,0.700824897437495,0.997370795218308
"K01997",7700.96704106514,-0.14636058651646,0.0980256896700389,-1.49308397634457,0.135415206381218,0.807360367143472
"K01998",4905.03992708422,-0.186692347285648,0.105933834199031,-1.76234862730339,0.078010412683349,0.712201770671611
"K01999",46729.7297970763,-0.0955162372124176,0.09923282983542,-0.962546743560912,0.335775034684979,0.943225460941997
"K02000",764.249039733631,0.117690055717622,0.224843082626942,0.523431961270928,0.6006736873284,0.992927693570313
"K02001",768.791991396059,-0.27837886167272,0.178211759864363,-1.56206785615379,0.118272004291442,0.775828076343312
"K02002",1842.3376749184,-0.0569073141146878,0.182502505813361,-0.311816617865427,0.755179894047961,0.997370795218308
"K02003",4755.92367062207,-0.097325567601259,0.155038716422202,-0.627750086218606,0.530167668737651,0.984070334914601
"K02004",10537.7694592786,-0.185748718454281,0.150311113625995,-1.23576170765697,0.216547152530102,0.883664559728345
"K02005",1219.47327185717,-0.157672116560034,0.159515538962387,-0.988443618632117,0.32293543426503,0.931476967602338
"K02006",39.1013089647149,-1.08231276463283,0.677267838062427,-1.59805722907082,0.110030241216136,0.759768797625471
"K02007",113.846464586598,-0.0957167627080795,0.362771247932252,-0.263848811761275,0.791896420498917,0.997370795218308
"K02008",24.2482766813404,0.232704000568672,0.703088992449455,0.330973750218968,0.74066431345407,0.997370795218308
"K02009",1.58779297041009,-2.23542726127056,2.8036774739054,-0.797319692466876,0.425265386323887,0.9731410869362
"K02010",209.561806462107,0.210470430957489,0.278862131833738,0.754747263723046,0.450400641754924,0.9731410869362
"K02011",411.055346026983,-0.0549223013379743,0.254653289028092,-0.215674816326113,0.829241232887626,0.997370795218308
"K02012",1075.06625283359,0.119481677669349,0.136213641832446,0.87716381459297,0.380397667331811,0.962561725367983
"K02013",268.975028750705,-0.100937945490614,0.254459547182177,-0.396675804104724,0.691606544959845,0.997370795218308
"K02014",15334.9713389025,0.0253144607595691,0.199277125222993,0.127031442927742,0.898915512279974,0.997370795218308
"K02015",8.91216491086213,-0.346604962019092,1.1016762176431,-0.314615997394055,0.753053231396009,0.997370795218308
"K02016",128.716039672568,-0.391041167606008,0.38991409080184,-1.00289057725985,0.31591365948353,0.92871793789011
"K02017",42.0320084500343,-0.915236596038264,0.644721390282759,-1.41958466064987,0.155728633736303,0.822450429847197
"K02018",91.5477492341057,-0.202885757410538,0.401434094397517,-0.505402406626759,0.613276228875633,0.992927693570313
"K02019",26.0274156706929,1.86069739364069,0.875433019859885,2.12545945998073,0.0335482933618129,0.55341756161565
"K02020",445.711761345635,-0.0188493655279357,0.208446409436286,-0.0904278734227718,0.92794720763666,0.997370795218308
"K02021",3.69264412658078,-2.02593402761476,2.19633139200959,-0.92241727955319,0.356310959967138,0.949760216259208
"K02024",135.573782011603,0.445777167715755,0.59251988919056,0.752341273007275,0.451845853460216,0.9731410869362
"K02025",4771.2299088014,-0.194262743748155,0.127343742374824,-1.52549893795614,0.12713469824758,0.794547869651213
"K02026",2682.44108118291,-0.178465204650948,0.121368345831371,-1.47044275365595,0.141441879317919,0.80901139713996
"K02027",8723.23581509281,-0.172546071008803,0.118922339018258,-1.4509138689436,0.14680384549844,0.814133364640594
"K02028",1219.78939769611,0.00512426281870324,0.182418693597091,0.028090667231842,0.977589837607834,0.998573809130236
"K02029",1071.3426774819,0.0302343049284908,0.153470537322308,0.197003968683546,0.84382443208524,0.997370795218308
"K02030",5487.38417005974,-0.167141581487111,0.11789314587579,-1.41773790363698,0.156267299507672,0.822716813232894
"K02031",4975.2642683469,-0.165018229578717,0.12895750836112,-1.27963258344459,0.20067438481027,0.861668056315391
"K02032",4751.51124933557,-0.135483973127519,0.109051592643433,-1.24238417654762,0.214094850978869,0.883664559728345
"K02033",5769.02947678444,-0.186520380789843,0.129436998644319,-1.44101286914404,0.149581047127284,0.815874091147702
"K02034",6573.4704502337,-0.17584938181166,0.130316925777312,-1.3493978680264,0.177209205244463,0.844415291438441
"K02035",28465.9397834739,-0.144564739730651,0.120591874024248,-1.19879337559331,0.230608299028618,0.888188252939584
"K02036",2209.94863624786,-0.218838784578711,0.180180540198715,-1.21455282761036,0.224536689731817,0.88684146109791
"K02037",1246.77787310812,-0.144270836016055,0.165407884865555,-0.87221256793967,0.383092424472284,0.963622578411872
"K02038",846.529592645773,-0.212708966701588,0.197838815518779,-1.07516296103884,0.282301775016472,0.913930207303918
"K02039",1154.92755492239,-0.076542254596279,0.171442218058869,-0.44646094446816,0.655264318209574,0.992927693570313
"K02040",6321.04410622175,-0.338644910229835,0.206134461509821,-1.64283501045602,0.100417074355642,0.755548259580255
"K02041",37.7275177958533,0.188633128422977,0.550010156058679,0.342962991401293,0.73162630201897,0.997370795218308
"K02042",115.376702782886,0.238605013477655,0.356347438437239,0.669585319664584,0.503122174956107,0.979329538491088
"K02043",9.2824749313883,0.293843508679225,1.92544157402784,0.1526109712405,0.878705072555676,0.997370795218308
"K02044",476.998181038409,0.054628373062926,0.218476407475257,0.250042435676322,0.802554531762141,0.997370795218308
"K02045",401.834610391636,-0.0775270317829036,0.196049518853994,-0.395446172151236,0.692513639446727,0.997370795218308
"K02046",218.342052703337,-0.299611829053823,0.268514930951809,-1.11581068505868,0.264503179096431,0.906112200922899
"K02047",226.851741637623,0.0561588905346877,0.223907275581798,0.250813156422742,0.801958569292315,0.997370795218308
"K02048",28.9443182372294,0.973762167241574,0.797349596967725,1.22124871065933,0.221991866283343,0.88506594528464
"K02049",698.100131341736,0.218172189694638,0.165925898635157,1.31487725237132,0.188551158919441,0.848827148219077
"K02050",2054.06189046132,0.519635405375379,0.156343391632904,3.3236800094211,0.000888380676198863,0.0858147075766933
"K02051",3300.24223737685,0.205596972862579,0.12658445256022,1.62418818981557,0.10433565065917,0.759017135201614
"K02052",318.385922477809,-0.104395179595144,0.229613050967012,-0.454656994258321,0.649356024782794,0.992927693570313
"K02053",84.2243768213754,-0.00927082068406011,0.334246246406804,-0.0277364990144924,0.977872312889602,0.998573809130236
"K02054",255.460939616923,-0.51989697395061,0.237769799200518,-2.1865559700968,0.0287749545697363,0.53510136360559
"K02055",1936.25968448193,-0.0899339366028789,0.14716937973722,-0.611091361283588,0.541139098543837,0.984845345729267
"K02056",66.9753052312278,0.454900487174184,0.418365360550162,1.08732827826849,0.276891755511805,0.912317125798179
"K02057",943.076009265061,-0.0692206631240488,0.206875050076688,-0.334601311750203,0.73792585526458,0.997370795218308
"K02058",3345.0301277009,-0.116286589283987,0.145393592363543,-0.799805461806208,0.423823518080126,0.972723098477607
"K02062",7.39836574215098,0.691838169554829,1.9691353256858,0.351341099075494,0.725332465159277,0.997370795218308
"K02063",19.1226276669136,-1.41727783479508,0.968102299686199,-1.46397527952828,0.143200702857023,0.809528822814033
"K02064",88.8722688601393,0.0189801896788578,0.446401530868112,0.0425182002444017,0.966085603172398,0.997942587160163
"K02065",1500.94753050537,-0.00273851140697998,0.161782755991805,-0.0169270908397598,0.986494780496392,0.998573809130236
"K02066",1650.9133577303,-0.253925057203208,0.127111230537415,-1.99766028642501,0.0457535025038454,0.610284468809643
"K02067",2765.06949004468,-0.23161609272186,0.120076108141538,-1.92891072426204,0.0537419462431906,0.647606672133739
"K02068",12.7051399236179,1.07702041703034,1.41860457614164,0.759211153794277,0.447726254927293,0.9731410869362
"K02069",65.4860150093017,-0.46313943782904,0.428345769902916,-1.08122799469692,0.279595708138563,0.912317125798179
"K02071",69.5289078066722,0.704952271060119,0.4999098094856,1.41015890803484,0.158492766274162,0.826121128995609
"K02072",38.3757162529202,0.442464314257146,0.568356457323444,0.778497910168628,0.43627553817171,0.9731410869362
"K02073",107.683522519285,0.443258312802482,0.38386039836815,1.15473832332494,0.248197600815553,0.896664516291802
"K02074",52.1388717562625,-0.599835965555489,0.40917885924819,-1.46595052994088,0.142661764532812,0.80901139713996
"K02075",22.6909435399022,0.506810516555111,0.710264129117507,0.713552178377381,0.475504137346511,0.974469580961331
"K02076",7.65889823773013,-2.77718185615768,1.73729973950288,-1.59856229354663,0.109917893607515,0.759768797625471
"K02077",78.1940684182022,0.267484795381756,0.392103526171696,0.682179010205147,0.495125765322454,0.978899117871614
"K02078",7813.9710918182,-0.0133269628648745,0.144923941777928,-0.0919583244933808,0.926731151473522,0.997370795218308
"K02081",52.8888214789389,-0.336228709768552,0.511122087326253,-0.657824653063633,0.51065081102991,0.979329538491088
"K02082",16.9643566190843,0.882405209563331,0.871642048660942,1.01234814327616,0.311371623461272,0.92871793789011
"K02083",99.0591450854948,0.0807947849667261,0.404237168239236,0.199869757940987,0.841582442859419,0.997370795218308
"K02086",13.9297924449912,-0.399053592626593,1.10940238942637,-0.359701399987906,0.7190704449856,0.997370795218308
"K02099",11.3827533094688,1.4440398588723,1.09471543248877,1.31910066855399,0.187135459703269,0.848827148219077
"K02100",3.0206993294609,-3.46105632039868,2.63364636416599,-1.31416896645298,0.188789349476115,0.848827148219077
"K02103",99.2961594454706,0.81510957843661,0.469509038094473,1.73608921724867,0.0825480606482941,0.7248978522326
"K02106",59.4379883348084,0.189097727307416,0.445720598036321,0.424251713159567,0.671382250376376,0.995767285166943
"K02107",15.470664330734,0.207873011276833,0.998964310382456,0.208088526403159,0.835159845683323,0.997370795218308
"K02108",5797.98357544246,-0.024388574020033,0.104028327851591,-0.23444166145616,0.814642118528545,0.997370795218308
"K02109",3247.84093445565,-0.0719749702816162,0.123718831802315,-0.581762446614608,0.560726702369589,0.988149645670342
"K02110",3274.59057990885,0.0561789562846934,0.136197115595311,0.412482716973397,0.679985645909812,0.997370795218308
"K02111",15436.3929660235,0.151810559073925,0.10202700754022,1.48794483670493,0.136765441951645,0.807360367143472
"K02112",15009.0302415491,0.0447979436711774,0.0931524799132071,0.480909834208569,0.630580583056148,0.992927693570313
"K02113",2931.84035694833,-0.0563619577109256,0.126358247022947,-0.446048904909943,0.655561919986149,0.992927693570313
"K02114",1293.31645688866,0.169539978463701,0.161584107513303,1.04923671685808,0.294069183706578,0.921603082140073
"K02115",4145.32954213642,0.0990299368382499,0.118461831323763,0.835964932600068,0.403174631219563,0.967424176194844
"K02116",832.146003131445,0.139086240567436,0.205323145517996,0.677401664661552,0.49815114244118,0.97911391715664
"K02117",319.563457387716,0.179571045203381,0.37429307824796,0.479760528952179,0.631397682311946,0.992927693570313
"K02118",171.520683916953,0.873545345361984,0.337921108388342,2.58505705526421,0.00973628843835237,0.331310406007343
"K02119",242.592137772116,0.498932890079155,0.300940940373048,1.65790965317207,0.0973357034618538,0.755548259580255
"K02120",118.333360004144,-0.0480890978036991,0.416434066816278,-0.115478299293211,0.90806602005122,0.997370795218308
"K02121",99.4053553871671,-0.273090310437102,0.499822831865993,-0.546374221076639,0.58480872661005,0.992186816903
"K02122",30.682915127023,-0.163051307557278,0.846466246160661,-0.192625882363099,0.847251973334529,0.997370795218308
"K02123",283.77568011182,0.328978976068218,0.31655272022856,1.03925493305092,0.298686188417746,0.921603082140073
"K02124",33.7957797777734,0.0359967848413343,1.04413220202192,0.0344753133478961,0.972498127737775,0.998142329325159
"K02125",8.27822878907113,-2.08253002910259,1.69405760255979,-1.2293147682557,0.218953812301496,0.883664559728345
"K02126",293.873966030535,3.68190704649472,1.636275011062,2.25017617552262,0.0244377640268958,0.513536030726592
"K02128",484.48752793515,1.34831349887032,0.646682507739085,2.08496980007123,NA,NA
"K02133",434.479674995314,-0.155051591205175,0.211640165524947,-0.732618928078178,0.463790883292941,0.9731410869362
"K02160",672.749731727043,0.254411992999016,0.192250049191731,1.32333902679677,0.185722658715726,0.848827148219077
"K02164",3.46595905865196,-0.234346868993767,2.52031325340103,-0.0929832308255844,0.925916883363077,0.997370795218308
"K02167",35.1322275326671,-0.29162561301959,0.741149801605096,-0.39347728676176,0.693966996476498,0.997370795218308
"K02168",1.10468990370732,2.72557913458162,3.42349988578381,0.796138228571197,0.425951696478496,NA
"K02169",19.9180557841346,0.657321118274253,1.05830052300603,0.621110075999186,0.534527200100683,0.984070334914601
"K02170",1.58267051954455,1.69308235145558,2.57755224475389,0.656856657280768,0.511273089682809,0.979531200931012
"K02171",1354.05920672976,-0.0788523548950445,0.181945739359838,-0.4333839043029,0.664735891850934,0.992927693570313
"K02172",493.089960115963,-0.395149017805865,0.266093863669367,-1.4849986104785,0.137544192190986,0.807360367143472
"K02182",110.473682007769,-0.47873563663524,0.34094444353199,-1.40414558945678,0.160275500327005,0.828697110513083
"K02188",77.8932836397378,0.222229304129714,0.393512602511554,0.56473236870016,0.572255814299023,0.990848007156586
"K02189",52.2112395428972,-0.593177409644943,0.513503034628466,-1.15515852807788,0.248025514219374,0.896664516291802
"K02191",10.0062301771523,0.140015328733266,1.21051750677568,0.115665678480114,0.907917508238082,0.997370795218308
"K02192",139.875206467196,0.18611494444073,0.335047771801395,0.555487784443626,0.578561063222172,0.992186816903
"K02193",137.058792755047,0.00590522716702247,0.397189312148876,0.0148675379382038,0.98813785803216,0.998573809130236
"K02194",500.924940317558,1.52454510145535,0.613412064482075,2.48535232632337,0.0129423271842926,0.385629838341931
"K02195",1561.87278055781,0.0107626083000708,0.232454168742381,0.046299915197471,0.963071206900999,0.997942587160163
"K02196",23.1453771775603,-0.254557985443874,0.720096270318124,-0.353505490774749,0.723709513118015,0.997370795218308
"K02197",814.482519601723,0.0141155172856595,0.180673480081101,0.0781272230950735,0.937726852475241,0.997698724369199
"K02198",2012.10411108926,0.0182188317546454,0.147002834790843,0.123935240980674,0.901366549773429,0.997370795218308
"K02199",831.633269368429,-0.0263351195112514,0.172579325633454,-0.152597186334968,0.87871594399208,0.997370795218308
"K02200",235.885379775645,-0.0344010381110334,0.25672738403304,-0.133998319815412,0.893403903046605,0.997370795218308
"K02203",16.1490357291965,1.53907176024457,1.13064832249129,1.36122941999626,0.173441199615996,0.837701380587708
"K02204",168.541552838449,-0.212620227293034,0.376397169129288,-0.564882641877686,0.572153590991578,0.990848007156586
"K02205",65.4992113797238,0.840926106420026,0.63538963490462,1.3234809953207,0.185675472255589,0.848827148219077
"K02217",76.2047675857816,-0.243803858193635,0.398983361291083,-0.611062720522234,0.541158058553334,0.984845345729267
"K02221",1106.35292839207,0.046493134071084,0.165344307662702,0.281189807670481,0.778564821722946,0.997370795218308
"K02224",128.476371003399,-0.229454431494148,0.32383154062285,-0.708561096466456,0.47859688549921,0.974469580961331
"K02225",2.9889353062518,0.485472937024073,2.40913577066177,0.201513315661208,0.840297218596653,0.997370795218308
"K02226",39.2595625695835,-1.60351293424893,0.758644362886487,-2.11365563720514,0.0345446901339185,0.55341756161565
"K02227",109.715935813824,-0.192161779986785,0.411908990527312,-0.46651513903784,0.640846813785161,0.992927693570313
"K02228",27.6851874751476,-0.217885345295291,0.614386719173475,-0.354638761704369,0.722860233549552,0.997370795218308
"K02229",8.5950287041059,-1.04197971239918,0.96758929821129,-1.07688222092308,0.281532886846719,0.913930207303918
"K02230",197.533124597606,-0.160508116636005,0.282342029439158,-0.568488216064881,0.569703504993473,0.990848007156586
"K02231",55.1409002952552,-0.273192127331879,0.530392615915413,-0.515075284108871,0.606500413180773,0.992927693570313
"K02232",154.211161298928,-0.313243852813048,0.321057441572987,-0.975662957003404,0.329231514742913,0.938043549855045
"K02233",55.0261035393712,-0.279717306937304,0.553822056616905,-0.505067112433178,0.613511699436565,0.992927693570313
"K02234",185.006524573505,0.113233990746288,0.271240130929237,0.417467689454217,0.676336352860904,0.997370795218308
"K02236",41.8520456698834,0.163765370172612,0.512693295055031,0.31942171226373,0.749406748502642,0.997370795218308
"K02237",100.117856883009,0.395038452838455,0.36483720623111,1.08278006215247,0.278906057278824,0.912317125798179
"K02238",515.644129649232,-0.294609684123595,0.215067069433621,-1.36985027461177,0.170733644623668,0.831694303422829
"K02239",2094.95835884966,0.888395577601017,0.16928520090019,5.24792228072442,1.5382416064045e-07,0.000132195548984972
"K02240",21.4753885432876,1.76782405830861,0.920191838217775,1.92114729221303,0.0547131408728361,0.654385089398482
"K02241",1.85987518512342,0.759689691244874,2.68100130932698,0.283360432761438,0.776900555979308,0.997370795218308
"K02242",217.942378376359,-0.164761983545454,0.257128109846352,-0.640777796110697,0.52166706094353,0.981346520689153
"K02243",7.88866171783443,-1.70413399870383,1.33403949666215,-1.27742394656806,0.201452614973769,0.863636156820261
"K02244",24.5471089400279,1.67426062355836,0.992253991578207,1.68733070138161,0.0915397807287596,0.749263962924255
"K02245",11.4933321217392,0.958841898754899,1.43871253199884,0.666458293390101,0.505118213195348,0.979329538491088
"K02246",0.75653234766736,2.07964204201122,3.445936796285,0.603505567558071,0.546172412840135,NA
"K02249",29.9969061625762,1.42641817230079,0.68814934254917,2.07283228233102,0.0381878909436928,0.569649696771203
"K02250",862.136542953352,1.35659219193305,0.799658019357415,1.69646543784201,0.0897977701974589,0.743843493378398
"K02254",47.5333143129466,-0.101480211072951,0.683409286937226,-0.148491120932444,0.88195519274548,0.997370795218308
"K02256",7728.78471265856,0.377793139587097,0.250867684402217,1.50594581556937,0.132081083904851,0.800641307192464
"K02257",2354.36156827436,-0.00484929025706892,0.122266108633014,-0.0396617698173761,0.968362780945435,0.998025244378285
"K02258",254.300856343778,-0.260140042345645,0.21677436238823,-1.20004985589462,0.230119978383629,0.888188252939584
"K02259",626.988710390801,-0.0311167537826759,0.172949323793377,-0.179918331567755,0.85721668353105,0.997370795218308
"K02261",471.677741162024,1.16529537937824,0.590795703480969,1.97241681432739,0.0485620439283211,0.627849597453751
"K02262",474.126801940421,3.60861689302533,1.25507813942719,2.87521292871238,0.00403755112668955,0.210231753362887
"K02274",7944.01475597895,-0.16009970618496,0.107627614301116,-1.48753372658657,0.136873902411073,0.807360367143472
"K02275",6885.37683491104,-0.00891628983370515,0.121571288353838,-0.0733420691220606,0.941533915503319,0.997860244041637
"K02276",6539.22772177088,-0.129808555305183,0.162293672890176,-0.799837436626527,0.42380498976332,0.972723098477607
"K02277",1003.62174123694,-0.0278567011264596,0.184501057488706,-0.150983964567058,0.879988365303271,0.997370795218308
"K02278",192.875083820859,0.206160561769651,0.274793472160461,0.750238206711357,0.453111251655024,0.9731410869362
"K02279",1991.3100129588,-0.135913133641873,0.17881850875191,-0.760061889512995,0.447217591609955,0.9731410869362
"K02280",1688.32439372714,-0.0427982081673773,0.189850300548413,-0.225431342714485,0.82164373112466,0.997370795218308
"K02281",150.211809675163,0.141326602176821,0.305555407154128,0.462523649943244,0.643705846513572,0.992927693570313
"K02282",1706.56737226163,-0.102663948387171,0.167080258406773,-0.614458879619549,0.538912137818554,0.984415998762777
"K02283",3102.84979780795,-0.0270055868802505,0.142400989255694,-0.189644657817365,0.849587590302489,0.997370795218308
"K02291",253.889142937213,-0.176641459642338,0.254313627528977,-0.694581180563007,0.487317809557771,0.97616199004908
"K02294",51.9132547299045,0.577982471537061,0.544536118280798,1.06142173518601,0.288498283519194,0.921377165972116
"K02297",125.317922695034,0.374361395730099,0.358066305993994,1.04550858168816,0.2957879764044,0.921603082140073
"K02298",377.036314364287,-0.10031235986186,0.210937494506712,-0.475554903581489,0.634391509708869,0.992927693570313
"K02299",159.386254249301,-0.215193367739626,0.522675359902901,-0.411715156765001,0.680548214341997,0.997370795218308
"K02300",141.67942692079,-0.0798285753176255,0.353562335671432,-0.22578359531998,0.821369736681736,0.997370795218308
"K02302",91.1541801864901,0.0957578472060749,0.439886155333357,0.217687795001202,0.827672373822076,0.997370795218308
"K02303",131.294972094748,-0.0851466235644534,0.351218554156998,-0.242432020053223,0.808445425827889,0.997370795218308
"K02305",15.9308779718164,0.368842091799452,1.32132832477877,0.279144921729584,0.780133610157944,0.997370795218308
"K02313",5786.81466258316,0.00703671049398383,0.109496833187998,0.064264054850813,0.948759974341685,0.997942587160163
"K02314",3007.74670602394,-0.0904307433765609,0.115682905317385,-0.781712242862995,0.434383705002647,0.9731410869362
"K02315",287.51031196918,-0.0716264367173731,0.24214262666933,-0.29580267507045,0.767380779964258,0.997370795218308
"K02316",1643.0569964618,-0.0134929430357249,0.129091713052599,-0.104522147213486,0.916754993603456,0.997370795218308
"K02319",32.8368793763465,-0.25432845924238,0.754613487188754,-0.337031425438549,0.736093210492932,0.997370795218308
"K02322",7.10501658626195,1.30473877449774,1.64888920500008,0.791283471649431,0.428778591263364,0.9731410869362
"K02323",20.8037551702273,0.362116956905615,0.60512963978177,0.598412196494302,0.549564929660134,0.988149645670342
"K02335",2706.90672932204,-0.16847884404941,0.117393392350022,-1.43516462619183,0.151240191136835,0.815874091147702
"K02336",19.8896956509401,0.58738325044003,0.801378704721427,0.732965883644506,0.463579237728265,0.9731410869362
"K02337",2814.31416804859,-0.116552199674456,0.119517109834323,-0.975192588207851,0.329464737966369,0.938261681255628
"K02338",4406.00238553846,-0.080964368154141,0.118228976627716,-0.684809853417618,0.493463916747006,0.978458568774961
"K02339",50.4609313064027,1.17541175648579,0.53460148404954,2.19866908632986,0.0279014606171622,0.53510136360559
"K02340",548.969020536949,-0.165774406488914,0.185550585899397,-0.89341893309243,0.371632867316268,0.951971446688251
"K02341",311.558988229369,0.149016367778574,0.249473246401551,0.59732404146743,0.550291056258114,0.988149645670342
"K02342",804.555882877379,-0.208965713611825,0.1589541895851,-1.31462853641835,0.188634774724399,0.848827148219077
"K02343",2866.02436999427,-0.0174929671114904,0.133572658614976,-0.130962184124178,0.89580522239317,0.997370795218308
"K02346",340.235053455605,-0.472072824475889,0.291265107937057,-1.62076682586335,0.105067655684265,0.759017135201614
"K02347",571.157811701304,-0.142956693421724,0.230947962919847,-0.618999585942825,0.535916631656896,0.984070334914601
"K02348",40.1575729325279,0.308261039935814,0.802067450573926,0.384333062905415,0.700731605596392,0.997370795218308
"K02351",509.311411765719,-0.0061435670356567,0.174285112930553,-0.0352500964216301,0.971880315861626,0.998142329325159
"K02352",9.57552535496609,0.593326145859942,1.28498459827563,0.461737943517881,0.64426925752988,0.992927693570313
"K02355",38611.048191704,0.0728245566944048,0.114095390314767,0.638277817302663,0.523292849300236,0.981529085845934
"K02356",4108.30140504495,-0.0589200254352694,0.116176899524135,-0.507157840126635,0.61204407395423,0.992927693570313
"K02357",3789.72332735274,0.0904625861920723,0.133715863449637,0.676528452633029,0.498705187592847,0.97911391715664
"K02358",67352.5498383807,0.0854613609701585,0.100710259404209,0.848586444675434,0.396111452338952,0.966076934033148
"K02359",87.3461416931411,0.277409823780545,0.38390561316532,0.722599030249356,0.469926264203658,0.9731410869362
"K02361",4.21708138994973,0.0144253140822157,1.73133666871879,0.00833189427732195,0.993352187109679,0.998573809130236
"K02362",6.37958815845831,-1.02248910748428,1.96089697916886,-0.52143948322959,0.60206065259111,0.992927693570313
"K02371",36.0757576371453,-0.417161164257773,0.62829927028955,-0.663952966339632,0.506720414536128,0.979329538491088
"K02372",759.597325287277,0.0669114733254102,0.171916082149641,0.389210087205038,0.697120742104662,0.997370795218308
"K02377",745.041911835636,0.0162517158396205,0.1573962265184,0.103253529001984,0.917761756897198,0.997370795218308
"K02379",653.55018453396,0.121562757460924,0.208920952250634,0.581860058320481,0.560660946173495,0.988149645670342
"K02380",82.0594032799727,0.658095652543816,0.442443561092175,1.48741152638611,0.136906154471421,0.807360367143472
"K02381",87.7856747426793,-0.569061423099858,0.350611252527254,-1.62305521855897,0.104577601339991,0.759017135201614
"K02385",64.4386733062961,-0.203875997950952,0.523669793977358,-0.389321668531767,0.697038209089439,0.997370795218308
"K02386",27.6010801931555,-0.867561027936374,0.679648716894908,-1.27648446376825,0.201784315376592,0.864439388262096
"K02387",189.720924801671,-0.0844479182450422,0.470921837459671,-0.179324702164134,0.857682751702231,0.997370795218308
"K02388",117.771636270053,-0.00663878149992688,0.385768752329354,-0.0172092256302266,0.986269702291266,0.998573809130236
"K02389",246.0164738212,-0.156473517462957,0.250507174543632,-0.624626890419471,0.532215966648793,0.984070334914601
"K02390",553.991779349466,-0.035629929710451,0.208414091510124,-0.170957392814872,0.864257267915291,0.997370795218308
"K02391",61.8128766687708,0.455269254143702,0.460824838512494,0.98794426015159,0.323179947454437,0.931476967602338
"K02392",155.051365676472,0.0834666523716462,0.425819079958139,0.196014355157246,0.844598930158554,0.997370795218308
"K02393",84.9522393265105,-0.673560506775063,0.533739211808622,-1.26196556646577,0.206961176991868,0.875346390539759
"K02394",80.4245718847227,0.040546968557234,0.373036190139429,0.108694463510575,0.913444833316118,0.997370795218308
"K02395",211.0384849566,0.834861132089189,0.448132708019554,1.86297745544777,0.0624654381542281,0.671608547723031
"K02396",410.842938369193,-0.0245166504182724,0.284905119308397,-0.0860519827716195,0.93142509416468,0.997370795218308
"K02397",176.994297003342,-0.0749785619715568,0.300688921036902,-0.249355918112976,0.803085480564001,0.997370795218308
"K02398",131.271720148865,-0.331489189711625,0.366322262735264,-0.904911394782435,0.365512329857879,0.950060596598327
"K02399",32.8166235385138,0.0417991745208832,0.886965452479483,0.0471260457823188,0.962412768862548,0.997942587160163
"K02400",164.337580931452,-0.092836633742897,0.326379772474419,-0.284443588642349,0.776070458949307,0.997370795218308
"K02401",85.4716945369528,-0.0184518040302791,0.388739313811842,-0.0474657524327734,0.962142025155233,0.997942587160163
"K02402",51.0516446241816,0.404993965021967,0.652843250914294,0.620354065780387,0.535024706974798,0.984070334914601
"K02403",47.1410584526072,0.839519065828993,0.541549884550571,1.55021557529406,0.121089782696899,0.779792159754543
"K02404",42.275401493171,0.497156767265857,0.523586531512607,0.949521688095383,0.342355346776427,0.947770244518839
"K02405",1440.99906339833,-0.367687012182809,0.131959350113639,-2.78636573964762,0.00533026936412436,0.234727817806917
"K02406",13064.4520599324,0.180259097910981,0.166376246185349,1.08344251083875,0.278612055234366,0.912317125798179
"K02407",359.066216014032,0.251300479956225,0.312542589464111,0.804051954605954,0.421366970426758,0.972723098477607
"K02408",65.4199131269594,0.606241182541132,0.413385590397804,1.46652712775436,0.142504736317466,0.80901139713996
"K02409",187.137037938531,0.134656231610058,0.296295101506865,0.454466614281636,0.649493016077507,0.992927693570313
"K02410",174.299080284609,0.142232884523607,0.303553589714775,0.468559388993725,0.639384611202511,0.992927693570313
"K02411",27.9427587045271,0.559212330618535,0.897417722308302,0.623134931166894,0.533195856692496,0.984070334914601
"K02412",74.5117173991389,0.175579113733839,0.438007832980553,0.400858387712063,0.688524388259156,0.997370795218308
"K02413",83.9273640629221,-0.251510027190321,0.389679107701681,-0.645428564732973,0.518649497286937,0.980180447854674
"K02414",36.6651567001717,-0.774851127983085,0.856342175229438,-0.90483821817544,0.365551101349826,0.950060596598327
"K02415",118.770574121398,-0.00301361504892311,0.320229860791378,-0.00941078711858919,0.992491389083983,0.998573809130236
"K02416",203.201445081714,0.188220780063555,0.257077999200559,0.732154368125119,0.464074352687615,0.9731410869362
"K02417",133.667388757732,0.550561136595122,0.424288864362735,1.29760920645901,0.194421656937107,0.853524006689633
"K02418",91.3121073823029,0.109978297329635,0.388459099365256,0.283114226206414,0.777089276612599,0.997370795218308
"K02419",121.432024315101,-0.192378003793668,0.30295288353734,-0.6350096475314,0.52542212289647,0.982800269557903
"K02420",92.796607785335,0.400154853087301,0.467148201299722,0.856590803462308,0.391671070027013,0.96389527995257
"K02421",65.6723996350248,-0.432155063784307,0.391248144432846,-1.10455492232624,0.269352492779387,0.909608702338379
"K02422",95.3699009696767,-0.179869416976381,0.360444923393696,-0.499020530745328,0.617764920574334,0.992927693570313
"K02423",47.9474342287289,0.919918621616701,0.648977255088292,1.41748977241359,0.156339782495658,0.822716813232894
"K02424",154.285951834702,0.215282385596423,0.310547773457063,0.693234355538499,0.488162491266821,0.97616199004908
"K02426",227.218922770287,0.0440809406303225,0.240587824220949,0.18322182667831,0.8546239690392,0.997370795218308
"K02427",158.48290273777,0.411010377194117,0.334185144565636,1.22988823374641,0.218738960930718,0.883664559728345
"K02429",979.909044379945,-0.209927643327052,0.138416760838366,-1.51663456112942,0.129358974451577,0.799515890599063
"K02431",44.7380695916061,0.640398057599514,0.581904964529796,1.10052001037142,0.271105615908166,0.909608702338379
"K02433",1693.54133102534,-0.145272303474142,0.126703668437721,-1.14655167656451,0.25156695799154,0.897595428587345
"K02434",1466.38692656474,-0.0911946264016009,0.125302505588511,-0.727795713048876,0.466738649169977,0.9731410869362
"K02435",636.413526958876,-0.116321114083643,0.220102991094077,-0.528484931101753,0.597162803214771,0.992927693570313
"K02437",1725.26072272558,-0.00873398350234727,0.133166056265792,-0.0655871604766511,0.947706511557745,0.997942587160163
"K02438",18.4090004232626,0.349598103864797,0.833458477020405,0.419454734103374,0.674883829848797,0.997370795218308
"K02440",3472.98945943491,-0.376663350664473,0.131973439645932,-2.85408451636187,0.00431610472596561,0.214195325999025
"K02442",3.38791689945533,-5.19238259157783,2.69561029870281,-1.92623636809688,0.0540748666733906,0.650309992985816
"K02443",69.7593516977043,0.643789569710316,0.436265362678613,1.47568343669901,0.140028894461185,0.80901139713996
"K02444",76.0419492280044,0.357668224596223,0.483403044789716,0.739896507585738,0.459362793713039,0.9731410869362
"K02445",4.80186181225444,-2.48979926886019,2.06395592474278,-1.206323855569,0.227692642930142,0.888188252939584
"K02446",768.541043023955,-0.055035581946796,0.172091327646116,-0.319804505547017,0.749116531918723,0.997370795218308
"K02448",53.174439681938,0.196292568703102,0.540474489397985,0.363185631428682,0.716466220349305,0.997370795218308
"K02450",364.30322267077,-0.285444001832691,0.249787465191278,-1.14274750181763,0.253143441240824,0.898062916118484
"K02451",24.4973077476049,-0.367043342198512,0.720892786007332,-0.509151082273112,0.610646328458123,0.992927693570313
"K02452",115.809639647046,0.488996333609036,0.540053617924046,0.905458860712252,0.365222344967796,0.950060596598327
"K02453",684.317813044099,0.149522445953431,0.164649769679482,0.908124233908744,0.363812588144696,0.950060596598327
"K02454",347.836554615736,0.0888092801156782,0.26013370450528,0.341398590715397,0.732803535893858,0.997370795218308
"K02455",34.6274007173378,-0.337112224075804,0.652414566398622,-0.516714741574041,0.60535530386331,0.992927693570313
"K02456",1359.79658678052,-0.071076839013601,0.22416904277902,-0.317068039959766,0.751191975060415,0.997370795218308
"K02457",17.6888476165514,0.0945298947121904,0.805702797245461,0.117326010329577,0.906601714107584,0.997370795218308
"K02458",37.3556361325608,0.144707735669318,0.661861985321432,0.218637327537464,0.826932573025308,0.997370795218308
"K02459",66.2288024902116,0.659482299889416,0.459087669333477,1.43650623604612,0.150858343149688,0.815874091147702
"K02460",191.467961240953,0.36567432616755,0.34786540839723,1.05119485105568,0.293169107506756,0.921603082140073
"K02461",103.782061616277,-0.270301008850798,0.421646319813771,-0.641060993892186,0.521483055500657,0.981346520689153
"K02462",51.4861750688124,0.123350752931139,0.615106675696728,0.200535545791988,0.841061761033457,0.997370795218308
"K02463",47.3476309385993,-0.0969184213490847,0.509244900112412,-0.190317902698075,0.849060025707114,0.997370795218308
"K02466",13.0975387484433,-0.227488034524191,1.07555427185361,-0.211507722555123,0.832491106792438,0.997370795218308
"K02469",3976.32306175244,0.126989982218057,0.108135454416524,1.17436027714747,0.240250748961136,0.89029641349834
"K02470",2908.42393776616,0.0793481831903532,0.111534748160032,0.711421189354398,0.476823272214703,0.974469580961331
"K02471",237.044549448759,-0.0224677655867433,0.281766991195033,-0.0797388135900975,0.93644498894061,0.997370795218308
"K02472",76.7125806550071,0.481224128650313,0.375791277948936,1.28056226125531,0.200347462666191,0.861668056315391
"K02473",146.202288940188,0.00792632168522553,0.38818337077072,0.0204190140074475,0.983709116027534,0.998573809130236
"K02474",327.311330541712,-0.016076832963668,0.261702954313168,-0.0614316067079228,0.951015481373148,0.997942587160163
"K02475",8.79852133799326,0.434676769351598,1.86160677542634,0.233495480941214,0.815376678275466,0.997370795218308
"K02476",92.2186742952359,-0.538567346026382,0.540592347630246,-0.996254106051,0.319126696466403,0.92877036682644
"K02477",851.813936518617,-0.111217867804299,0.169885413839266,-0.654664019063617,0.512684096080176,0.979746666549689
"K02478",484.304007582269,-0.0712046254181833,0.245415870214292,-0.29013863429455,0.771710180459239,0.997370795218308
"K02479",21.8198563463846,1.23583173120978,0.731896197636592,1.68853415989928,0.0913087373216824,0.749263962924255
"K02480",76.2030490527881,-0.0618237638142612,0.495182500563311,-0.12485046168621,0.900641937246272,0.997370795218308
"K02481",246.562801729682,0.00556658762102951,0.255980834231562,0.0217461109451419,0.982650481242124,0.998573809130236
"K02482",621.793202804514,0.147636627191244,0.202262977427695,0.729924126841358,0.465436563720081,0.9731410869362
"K02483",3414.59154755195,-0.0973153223097489,0.128954235243082,-0.754650067338283,0.450458974122325,0.9731410869362
"K02484",282.726589716725,-0.278715782439193,0.231918284946812,-1.20178442378148,0.229447061837479,0.888188252939584
"K02486",74.1402235182118,-0.292683297725957,0.415849800407585,-0.703819738374506,0.481545039868201,0.974469580961331
"K02488",112.459219683335,-0.200727598855503,0.391596558920823,-0.512587749516175,0.608239724324329,0.992927693570313
"K02490",56.0862518173614,0.275508420033432,0.580261591232496,0.474800373135576,0.63492926702053,0.992927693570313
"K02491",9.37258844819512,0.440943544123616,1.22036245704041,0.36132178729341,0.71785890841657,0.997370795218308
"K02492",1609.32685192798,0.203734580543894,0.145488641434828,1.4003469860921,0.161409437007104,0.828697110513083
"K02493",229.262497404828,-0.196961980351806,0.296860269629854,-0.663483801983312,0.507020750204118,0.979329538491088
"K02494",22.8182923731382,0.122863714703336,0.807813015609255,0.152094249943067,0.879112599328267,0.997370795218308
"K02495",648.008431242417,0.630927806889247,0.188386752799945,3.34910919962219,0.000810718360905993,0.0857444064187782
"K02496",55.3976039095453,-0.144777298345831,0.512371872465926,-0.282562931585318,0.777511899039921,0.997370795218308
"K02497",127.411847782055,0.0161244589368728,0.423357253999816,0.0380871209469811,0.969618219855951,0.998142329325159
"K02498",80.2579493546545,0.145558670293261,0.436762964052696,0.333266971500126,0.738932768603102,0.997370795218308
"K02499",62.828233795004,0.405769960188625,0.620876490332843,0.653543766766071,0.513405783328271,0.979746666549689
"K02500",443.305449506865,-0.0979973788871494,0.208274927152858,-0.470519328595068,0.637984028207451,0.992927693570313
"K02501",299.859694050884,0.0748731710622684,0.232512614474487,0.322017673026011,0.747439305918265,0.997370795218308
"K02502",291.158821890248,-0.381774727135152,0.316292514121895,-1.20703054953751,0.227420379134233,0.888188252939584
"K02503",710.028299293713,0.12237420726716,0.190255928735435,0.643208377686513,0.520088897961252,0.98022172454027
"K02509",57.0799918701015,-0.0293859272679761,0.470449299470254,-0.0624635370932978,0.950193698397702,0.997942587160163
"K02510",1143.33242744755,-0.216541450164174,0.131909803459002,-1.64158723981023,0.100675573871825,0.755548259580255
"K02517",144.637044850211,0.172547103238078,0.351313483261695,0.491148536731642,0.623321394659401,0.992927693570313
"K02518",13627.4582836581,0.111716059788725,0.121735647707899,0.91769388746987,0.358779148686145,0.950060596598327
"K02519",16484.2294877652,0.0565174563329483,0.138171434164694,0.409038645901163,0.68251130054527,0.997370795218308
"K02520",9779.25826886604,-0.0542547411415202,0.128268528948376,-0.422977807466366,0.672311452855126,0.996158656889993
"K02523",581.802199989528,-0.0601062739506018,0.198277733551919,-0.303141824721651,0.761781781283822,0.997370795218308
"K02525",8.53492131733295,1.5002018496941,1.09647626266451,1.36820276076795,0.171248617695931,0.832474002744264
"K02526",35.9605179646597,0.335691894296652,0.628110113460707,0.534447522978233,0.593031947111884,0.992927693570313
"K02527",155.407091528642,-0.0173218439950677,0.261011207034489,-0.0663643687635942,0.947087737248026,0.997942587160163
"K02528",244.395082941619,-0.0958190452722076,0.273167659900447,-0.35077009228372,0.725760836194141,0.997370795218308
"K02529",2271.8381194539,-0.170480551402391,0.11449617942293,-1.48896279562887,0.136497165988233,0.807360367143472
"K02532",8.52879296275618,-0.438890464126733,1.1413745378853,-0.384527996340179,0.700587149826489,0.997370795218308
"K02533",86.9378035323671,-0.421573106855675,0.362526968348967,-1.16287378226127,0.244880716069536,0.894262566183201
"K02535",1359.066503996,-0.0975149465930297,0.199246053792967,-0.489419713648911,0.624544582174774,0.992927693570313
"K02536",529.51147040242,-0.115431950325851,0.17920331560097,-0.644139590491071,0.51948491961013,0.98022172454027
"K02548",253.084355743209,0.0014366442431737,0.259222265345798,0.0055421328922392,0.995578040368299,0.998573809130236
"K02549",172.130935539618,0.135713145764005,0.281214872961626,0.482595903746969,0.62938268818005,0.992927693570313
"K02551",235.532857093485,-0.0144058506445432,0.279163741541445,-0.0516035877904456,0.958844560507693,0.997942587160163
"K02552",208.277134190096,0.00254543571728608,0.351493433193846,0.0072417731795356,0.994221951490558,0.998573809130236
"K02553",24.8723868851062,-0.826269766419106,0.99442585187226,-0.830901333531749,0.406029370264869,0.967424176194844
"K02554",107.855342187639,0.261339769498104,0.445927349503285,0.586059073948275,0.557835817535123,0.988149645670342
"K02556",237.773204822274,-0.186722490235484,0.229018736894653,-0.815315343920419,0.414891828004236,0.969222258645634
"K02557",363.422112418049,-0.0907986417181813,0.287835892198733,-0.315452812450125,0.752417873555509,0.997370795218308
"K02558",301.362638856997,0.0485537993034451,0.234399991156801,0.207140789826077,0.835899907175126,0.997370795218308
"K02560",0.613403975524674,1.70622841141187,3.46418340496636,0.492534087244276,0.622341830761658,NA
"K02563",435.67155332395,-0.120733067422198,0.197828345399022,-0.610292054855325,0.541668359090022,0.984845345729267
"K02564",561.94238227258,-0.0578556035311754,0.213991487792835,-0.270364041709852,0.78688020086783,0.997370795218308
"K02566",428.426607820363,-0.322490813087517,0.214854814526743,-1.50097084767619,0.133363101889051,0.805152839932992
"K02567",307.005073500627,0.330382476331092,0.241119045560551,1.37020481133302,0.170622976832171,0.831694303422829
"K02568",43.38013764024,0.721615176356803,0.549451372821679,1.31333765288634,0.189069196146978,0.848827148219077
"K02569",46.4556658712552,0.261852639809346,0.50040513822721,0.523281277120803,0.600778528179481,0.992927693570313
"K02570",21.6039390176439,0.768964205908905,0.697797571171928,1.10198750708956,0.27046710289173,0.909608702338379
"K02571",8.77359453431492,-0.591001935932476,1.32742626816577,-0.445223927012625,0.656157937058691,0.992927693570313
"K02572",4.60432429592763,1.10094420590517,2.05862129904337,0.534796859634537,0.592790334832872,0.992927693570313
"K02573",2.68902805650211,0.347181038513936,2.42416614380117,0.143216684797662,0.886119053093037,0.997370795218308
"K02574",119.71732357753,1.310357614636,0.568337041341411,2.30559952865864,0.0211330196529347,0.479911506804299
"K02575",1319.24700206428,0.580258145678228,0.43598725266954,1.33090621830184,0.183219870913885,0.848827148219077
"K02584",80.5591798845689,0.307951685592626,0.435507612894578,0.7071097645018,0.479498268377334,0.974469580961331
"K02586",1.71920643376986,-0.0632607905070318,3.11166502542805,-0.0203302058512322,0.983779959978164,0.998573809130236
"K02587",1.2194604901981,3.78287392436594,3.41520595542429,1.10765616297831,0.268010338166192,NA
"K02588",0.77161355399432,0.88491677946675,3.44448956680918,0.256907957566119,0.797249827465207,NA
"K02591",1.94470906655683,4.45216331720307,2.79888809143287,1.59069000680332,0.111679357000132,0.761785500084045
"K02598",5.76722100273949,2.5978236530694,1.71080126696704,1.51848359200418,0.128892532776021,0.79828063991271
"K02600",7340.36693126532,-0.0374831852816762,0.145515313446125,-0.25758928317571,0.796723901459476,0.997370795218308
"K02601",6722.29033777769,-0.0349551190306694,0.131912078602953,-0.264988008686317,0.791018699397825,0.997370795218308
"K02609",1714.61092537816,0.555817499409557,0.205246349099801,2.70805060283577,0.00676797022328379,0.27069639305294
"K02610",370.780389519665,0.634105104868564,0.256802198858404,2.46923549598654,0.0135402077732282,0.393651962882832
"K02611",318.951143459398,0.41221200900928,0.256164989773042,1.60916606666076,0.107580034143565,0.759768797625471
"K02612",242.604638181712,0.755677182061904,0.286092696267613,2.64137180683229,0.00825710484382064,0.29970788430086
"K02613",215.144244451207,0.445638266610788,0.335430371760514,1.32855669649664,0.18399426666474,0.848827148219077
"K02614",144.233298251408,-0.372106996066683,0.405218829752704,-0.918286537409359,0.358468873520957,0.950060596598327
"K02616",141.606001803404,0.407342429587077,0.293706875258902,1.38690124031998,0.165471879600443,0.831694303422829
"K02617",35.8924399204917,-0.684863918485374,0.635066412182235,-1.07841306885058,0.280849457349159,0.913930207303918
"K02618",302.978662309336,0.295148711426448,0.272243616003957,1.08413455477376,0.278305143774266,0.912317125798179
"K02619",67.0054155308702,-0.902780364240374,0.511774279360596,-1.76402058612304,0.0777285133373194,0.711713759049777
"K02621",196.840398325045,0.038166583915129,0.244774690946722,0.155925368621694,0.876091848608017,0.997370795218308
"K02622",171.877371718989,0.821109662051709,0.293419105900901,2.79841920835595,0.00513534147547594,0.230279049331663
"K02623",33.8072715579628,-0.770582967286946,0.628207255919552,-1.22663811986538,0.219958635030238,0.884709378909398
"K02624",223.065696886475,0.397409984789551,0.222809386863823,1.78363214576969,0.0744834585730422,0.700979187554707
"K02625",9.42019464354942,-0.63404468844905,1.62864461245222,-0.389308191364339,0.697048177513885,0.997370795218308
"K02626",160.915127512314,0.0230922970062798,0.314912969028747,0.0733291394047724,0.941544204220954,0.997860244041637
"K02634",26.5507262772076,7.62540035642214,3.38484905043856,2.2528036679905,NA,NA
"K02635",331.427753752927,4.27518625839374,1.83906251128688,2.32465521544571,0.0200904037872902,0.477465985246354
"K02636",410.049965939277,0.112020196728273,0.226110016390799,0.495423416071326,0.620301269055269,0.992927693570313
"K02637",236.378640173295,6.4155155116684,2.51470679759292,2.55119822231734,NA,NA
"K02638",994.969150246852,0.160518169928885,0.164712066562533,0.974538012173776,0.329789474835044,0.938294140041367
"K02639",5.50652922269946,-1.12896529635072,2.2725882816518,-0.496775111209388,0.619347648270818,0.992927693570313
"K02640",17.8700333874544,7.65389047188289,3.38555592879184,2.2607484953333,NA,NA
"K02647",36.9134156832141,0.165282473633458,0.821941487319395,0.201087882998211,0.840629856445153,0.997370795218308
"K02650",11335.8806851554,0.13104954071729,0.136608816744139,0.95930514472385,0.337405044367605,0.944848161972079
"K02651",9359.5356305109,0.101027010680675,0.132633574749668,0.761700126618413,0.44623899975761,0.9731410869362
"K02652",1803.93695614138,0.110528894273153,0.173458454226328,0.637206729220215,0.523990195038665,0.982215110512226
"K02653",1515.9706947647,0.0853393396797755,0.132181383366861,0.645622987943177,0.518523546133402,0.980180447854674
"K02654",237.497474484921,-0.0178815104467478,0.239418338414979,-0.0746873049288069,0.940463508659465,0.997774305289909
"K02655",154.771860402226,0.65567974193225,0.322952700246791,2.03026555105809,0.0423295538781726,0.593512228557201
"K02656",102.740405158659,0.1100712151345,0.339860678081648,0.323871581013137,0.746035260380261,0.997370795218308
"K02657",384.097947936248,0.362297401738036,0.233373828612768,1.55243372357398,0.120558479489455,0.778883207834244
"K02658",239.531016732824,-0.115769068580125,0.304110195815125,-0.380681312804467,0.703439736872519,0.997370795218308
"K02659",133.096686066205,-0.0329715001519629,0.304557799994645,-0.108260238787326,0.913789262038477,0.997370795218308
"K02660",516.219599768436,0.19136157514733,0.286779350621349,0.667278082374888,0.504594523662943,0.979329538491088
"K02662",2563.68532487926,0.0313171194224305,0.162003421171367,0.193311469572629,0.846715044326461,0.997370795218308
"K02663",374.615840825337,-0.0693805175038091,0.214313254018991,-0.323734142442077,0.74613931974607,0.997370795218308
"K02664",861.914006095867,-0.0473285924184368,0.213406151001142,-0.221777077166738,0.824487424882054,0.997370795218308
"K02665",152.478721873704,0.359830961884725,0.38517924477157,0.934190942967661,0.350205406812076,0.947770244518839
"K02666",898.447526500623,-0.113653688466813,0.200346469119564,-0.567285707436081,0.57052008588906,0.990848007156586
"K02667",69.1800918714697,-0.00355859721197636,0.381513237734013,-0.00932758515304096,0.99255777173405,0.998573809130236
"K02668",137.313483773093,0.013468491287254,0.319325635150643,0.042177920607283,0.966356863697173,0.997942587160163
"K02669",3480.86219520462,-0.00944550588494253,0.165332428808982,-0.0571303884723998,0.954441329447576,0.997942587160163
"K02670",775.240892077404,-0.227358770879794,0.243413610875937,-0.934042965229558,0.350281730492495,0.947770244518839
"K02671",74.1419346870631,-0.266558346496166,0.487450117127005,-0.54684230679283,0.584487074751102,0.992186816903
"K02672",172.044085695556,0.0919955530250361,0.41319853021725,0.222642498211857,0.823813757716908,0.997370795218308
"K02673",45.0264085289097,-0.0117806262877987,0.513696410347742,-0.0229330516049818,0.981703675954943,0.998573809130236
"K02674",790.500749882788,0.349236846952043,0.212048443424549,1.64696727460915,0.0995647725181811,0.755548259580255
"K02676",177.717328100003,-0.184963286469378,0.273872925972161,-0.67536170584521,0.499445988844703,0.979189496323257
"K02683",5.02543606256038,1.92182184743889,1.48092260346348,1.2977193021055,0.194383808416597,0.853524006689633
"K02686",256.955577147032,0.95393970399306,0.286234928726912,3.3327159205758,0.000860027072788411,0.0858147075766933
"K02687",330.047667039565,0.288586322063536,0.257760712166929,1.11959002455209,0.262888508434626,0.903690153582261
"K02688",6.89828628350418,-0.233665704191242,1.36063403304821,-0.171732955751344,0.863647475757626,0.997370795218308
"K02689",277.808663952218,4.57669714937922,1.4321121308768,3.19576732205821,NA,NA
"K02690",541.773283352911,6.12480793067052,1.6988704421892,3.6052236701334,0.000311884194776626,0.0455579132321271
"K02691",128.818863661645,10.5034838347331,3.33816807009439,3.14648142759214,NA,NA
"K02696",13.5522659298628,7.2550661273135,3.38625182765513,2.14250637476581,NA,NA
"K02703",7970.80366394685,2.95131481510784,0.93315354197176,3.16273226469429,0.00156296001281916,0.130007882177416
"K02704",789.433340861854,6.16323646256207,1.77040360595938,3.48126068079386,NA,NA
"K02705",517.408571168786,6.42570039139645,1.86112255437905,3.45259390698231,0.000555224179129679,0.0678619920164826
"K02706",397.666521466941,3.1567356736239,1.17158074064238,2.69442434833219,0.0070510331134177,0.27069639305294
"K02710",3.38424947914824,5.25469445798433,2.80894425990201,1.87070086544459,0.0613865548006664,0.671367178635374
"K02713",72.9096928990601,23.085546059202,3.38390559533836,6.8221601959004,8.96815767222056e-12,2.68551481494645e-08
"K02724",81.877640887468,9.84971142622911,3.30138044695682,2.98351298327597,0.00284959945678946,0.172805577111904
"K02742",16.6447334906884,-0.36996051373759,1.05002098417808,-0.352336304999831,0.724586064114007,0.997370795218308
"K02744",1.53472663424876,1.30822274063885,3.16258178416539,0.413656572357729,0.67912563579992,0.997370795218308
"K02759",18.0695836505467,2.09733014840706,1.34081975614529,1.56421483110948,0.117767125376814,0.775828076343312
"K02760",115.896919564126,-0.336726705748858,0.363156982190571,-0.927220795033914,0.353811908056946,0.947770244518839
"K02761",2.06800179877343,0.578686953188007,3.30557767779974,0.175063789023767,0.861029510999928,0.997370795218308
"K02768",178.010831406969,-0.156591811274085,0.298525368763797,-0.52455110238214,0.599895286300116,0.992927693570313
"K02770",574.923902099538,0.223745774303645,0.302556004605187,0.739518538379749,0.45959218695888,0.9731410869362
"K02777",64.8153222020578,0.477002746338508,0.421186692938095,1.13252093272713,0.25741548895089,0.900160492505064
"K02779",101.802676365012,-0.189220068665198,0.426415876213053,-0.443745365077957,0.657226692917965,0.992927693570313
"K02781",151.088331951221,0.458476891478343,0.489194921915839,0.937206971983286,0.34865210416941,0.947770244518839
"K02782",161.536615950139,0.283928704727259,0.399393968976297,0.710898828680384,0.477146931915677,0.974469580961331
"K02783",170.751124521245,0.293683103194816,0.406055481774224,0.723258560410497,0.469521046962345,0.9731410869362
"K02784",345.665441589644,-0.0179577884905644,0.212586400862246,-0.0844728939279655,0.93268045330845,0.997370795218308
"K02793",359.002239175433,0.233457123766833,0.245993682738088,0.94903706944132,0.342601758861812,0.947770244518839
"K02798",250.235760868717,0.043699579994239,0.249549948382555,0.175113560541589,0.860990403138185,0.997370795218308
"K02800",1369.85907323883,-0.383221030519717,0.175711318501755,-2.1809695231209,0.0291856707602175,0.536174791972217
"K02803",23.0878249646411,0.577640298107032,0.742221140885824,0.778259020509212,0.436416328802385,0.9731410869362
"K02804",377.026735826592,0.198570311219779,0.24691823439608,0.804194601931479,0.421284595850174,0.972723098477607
"K02805",68.6487218887149,-0.27160589147449,0.470418718574268,-0.577370501534603,0.563689196912032,0.988149645670342
"K02806",465.312490138059,0.360505355169305,0.214174384147299,1.68323283199622,0.0923300273486783,0.749263962924255
"K02810",10.5312545942839,-0.924845514751371,1.54910544419871,-0.597019084927272,0.550494638687665,0.988149645670342
"K02823",114.002918634747,0.258030182978985,0.30810572421316,0.837472863050313,0.402326824411692,0.967424176194844
"K02824",136.533880661686,0.52711299977961,0.377384752887096,1.39675224223303,0.162488088226629,0.828697110513083
"K02825",927.633507572901,-0.0811672387744706,0.198974577374042,-0.407927685263473,0.683326766534375,0.997370795218308
"K02826",51.1012828601421,0.6266228650396,0.460004246510394,1.36221104433965,0.173131291337122,0.837701380587708
"K02828",24.0334097724273,-0.45500243983325,0.906229504132903,-0.502083012921329,0.615609128792771,0.992927693570313
"K02829",11.5475650274261,-1.16649237449297,1.14831446720875,-1.01583007773855,0.309710310352575,0.92871793789011
"K02834",1069.11075006546,0.166532000800217,0.156706303117525,1.06270135589456,0.287917405790834,0.921101460680626
"K02835",1490.72044704354,0.175223475622663,0.131773281614465,1.32973447633581,0.183605771334515,0.848827148219077
"K02836",1998.52736632116,0.174495029689482,0.13386526629205,1.30351236375828,0.192399898155209,0.851650399151181
"K02837",985.76792074266,0.324887585654732,0.17979085500745,1.80703065037023,0.0707575003448521,0.688718930590573
"K02838",3443.40553805923,-0.109094475345494,0.115647906625348,-0.943332901813049,0.345510651762731,0.947770244518839
"K02839",1.13672141978484,0.807808411937645,3.37454747876725,0.239382737098944,0.810808814733385,NA
"K02841",46.7942495324133,0.432492588722813,0.526305612447928,0.821751808253048,0.411218166525662,0.968959956833116
"K02843",58.8447948438993,0.450026843659846,0.472158760034748,0.95312611297676,0.340526176911,0.947595754348686
"K02844",8.8594933021883,0.667122265346293,1.19932667606063,0.556247333326692,0.578041785452661,0.992186816903
"K02847",217.304495730466,-0.50583910531853,0.313571479685206,-1.6131540592478,0.106711041549467,0.759017135201614
"K02849",15.8008573104206,0.303324920765964,0.911262439252079,0.332862310241734,0.739238220690186,0.997370795218308
"K02851",885.782369169024,0.206077884611942,0.157464199727747,1.30872849173493,0.190626336921815,0.849632213082797
"K02856",1.11361241372462,-3.57414021130187,3.41704732345175,-1.04597328423635,0.295573367114559,NA
"K02858",1.29928359893028,3.87583239030167,3.41322889094902,1.13553251602298,0.25615226593763,NA
"K02860",606.805497371624,0.116675989588018,0.227574959252821,0.51269256499525,0.608166391366022,0.992927693570313
"K02862",232.211693559171,-0.0497874283187724,0.27388388359308,-0.181782979215906,0.855753042579063,0.997370795218308
"K02863",9216.26750101987,-0.0726271125177515,0.113878927852498,-0.637757255774503,0.523631708114315,0.981850438289491
"K02864",12908.1843995755,0.0401662025120974,0.120621445444377,0.332993874879568,0.739138906708598,0.997370795218308
"K02866",23.5024896866833,0.109834361163204,0.795765817726289,0.138023472127805,0.890221867011262,0.997370795218308
"K02867",7843.97255795757,-0.0453015690449595,0.118337386598071,-0.382817048333378,0.701855419929063,0.997370795218308
"K02869",40.6734581280886,0.832478873939411,0.92144316602238,0.90345113473791,0.366286511528725,0.950060596598327
"K02871",16187.2901787549,0.0453555225208474,0.106114763684822,0.427419530948218,0.669073784288757,0.994313373227138
"K02874",5088.06621213316,0.157869158369628,0.139705203436191,1.13001630924744,0.258469352297771,0.902082139225727
"K02876",4317.65920371638,-0.00033283412181336,0.147569837737035,-0.00225543462619008,0.998200425059598,0.998573809130236
"K02877",145.718412892686,0.556092947129628,0.469664721870356,1.18402111385988,0.236404704996471,0.888188252939584
"K02878",5847.79226822915,0.0360199132770303,0.112358378849247,0.320580571257253,0.748528262999629,0.997370795218308
"K02879",5714.82711953931,-0.0607237823863173,0.114589425435099,-0.529924835173468,0.596164046266045,0.992927693570313
"K02881",3510.65314687423,-0.109762139137971,0.108504554933624,-1.01159015126246,0.311734056856456,0.92871793789011
"K02883",39.4139922571642,-0.498458423443375,0.785519260207312,-0.634559136477218,0.525715986476008,0.982800269557903
"K02884",3882.77048788802,0.0271414138766101,0.174273409795329,0.155740419083357,0.876237636055632,0.997370795218308
"K02885",81.3001955997616,0.21973097136121,0.474272179301931,0.463301414147096,0.64314833228799,0.992927693570313
"K02886",11090.3654984721,-0.00540526416457441,0.103426105197364,-0.0522620875480109,0.958319861766,0.997942587160163
"K02887",6187.51662103539,-0.0349988670177206,0.0997918268870387,-0.350718772363374,0.725799340759172,0.997370795218308
"K02888",7275.28829507501,0.0019199559774553,0.136366740024815,0.0140793567192845,0.988766669776172,0.998573809130236
"K02889",104.002295593754,0.323329673150377,0.418516584367409,0.772561196443607,0.439782116593288,0.9731410869362
"K02890",5024.16607948553,0.0769681095533112,0.112890758648876,0.681792827637071,0.49536996017416,0.978899117871614
"K02892",4143.62219020745,0.0327960913940404,0.125796091229582,0.260708350104348,0.794317426244767,0.997370795218308
"K02895",3941.63327901902,0.106041171994754,0.119932594986691,0.88417308077526,0.376602787503393,0.958960074131727
"K02896",21.3297770715738,-1.59929338800019,0.871483602468868,-1.83513881783831,0.066485123619063,0.673390891931288
"K02897",6273.11835601547,0.0225223751499795,0.123395480121198,0.182521881092064,0.855173184139303,0.997370795218308
"K02899",3978.73155990349,-0.0564826241071971,0.160508554932765,-0.351897904325766,0.72491483091433,0.997370795218308
"K02902",3907.09655531374,0.072285350237802,0.15918388983489,0.454099659913942,0.64975709805089,0.992927693570313
"K02904",2473.11904981054,0.0315815042007256,0.11625482966465,0.271657567189475,0.785885331087725,0.997370795218308
"K02906",9830.71337383126,0.000442241788631228,0.132653362045771,0.00333381515410545,0.99734000528731,0.998573809130236
"K02907",2209.84766365717,0.0808080249951019,0.114734331775906,0.704305535617121,0.48124251971888,0.974469580961331
"K02908",125.75345971858,-0.33087378190408,0.468097524030673,-0.706847964191322,0.479660964003007,0.974469580961331
"K02909",6784.8265010401,0.128179241034643,0.112683344840554,1.13751718336028,0.255322145397714,0.899605882022776
"K02910",59.4507968547363,0.346186664102763,0.68622210650076,0.504481946622306,0.613922745472727,0.992927693570313
"K02911",3078.63735331485,-0.0189207960262592,0.125333315705141,-0.150963819314988,0.880004256745197,0.997370795218308
"K02912",41.7916043230618,0.162088164070723,0.888131049786036,0.182504782497777,0.855186601498673,0.997370795218308
"K02913",4920.40189971199,-0.0243610254400654,0.129306427773535,-0.188397636989329,0.850564951941282,0.997370795218308
"K02914",1247.15033536888,0.101369553040345,0.170107605097544,0.595914291910802,0.551232485063709,0.988149645670342
"K02916",3777.16494217061,0.0224307004883794,0.128852711690714,0.174080158609467,0.861802466247567,0.997370795218308
"K02919",4859.09770698692,0.0478266251077671,0.109876190183106,0.435277424782067,0.663361069192833,0.992927693570313
"K02921",26.0188501398644,0.395287379074296,0.686089023312566,0.576145901833226,0.564516567651725,0.988149645670342
"K02926",5389.27691968804,-0.0977518842582136,0.122817369367109,-0.795912538771506,0.426082872740403,0.9731410869362
"K02929",62.342170484233,-0.0643859203090396,0.496635779197419,-0.129644143668202,0.896847976350859,0.997370795218308
"K02930",63.7793588087859,0.291400345278708,0.4865001546387,0.598972770101412,0.549191042944528,0.988149645670342
"K02931",9202.55628371996,-0.0417382883265407,0.115534573593512,-0.361262321990207,0.717903357114822,0.997370795218308
"K02933",5902.89721975544,-0.0563487001543191,0.122891173181914,-0.458525203196709,0.646575159779835,0.992927693570313
"K02935",7516.77922022079,-0.0363853595073525,0.143721243543646,-0.253166189007423,0.800139792848255,0.997370795218308
"K02936",23.4739711544793,0.131471372242713,0.730511406730945,0.179971689738632,0.857174793592589,0.997370795218308
"K02939",3955.91419287564,-0.0747203296354033,0.132316978586136,-0.564707042390342,0.572273043371954,0.990848007156586
"K02945",31021.5855471433,-0.106097428868372,0.120305172872611,-0.881902467990441,0.377829552338428,0.960336202533726
"K02946",12135.9835239869,0.000701882934067707,0.111652933978857,0.00628629189628476,0.994984297785916,0.998573809130236
"K02948",10294.4860269189,0.132933716961646,0.141024367221295,0.942629416326659,0.345870488045404,0.947770244518839
"K02950",10558.0071573526,0.025308419343699,0.136064838806256,0.186002640841958,0.852442690376987,0.997370795218308
"K02952",10167.438588567,0.0651605247203387,0.129968580035869,0.501355979286344,0.616120614757923,0.992927693570313
"K02954",4238.86609513664,0.0969068581067559,0.108439550037479,0.893648655617465,0.371509904808524,0.951971446688251
"K02956",14694.4113383355,0.0674584735249133,0.122802278502784,0.5493259111099,0.582781808545197,0.992186816903
"K02959",8537.09404237439,-0.00588699046773234,0.13035733131849,-0.0451604095311616,0.963979450651979,0.997942587160163
"K02961",3527.23867430965,0.00384948888428995,0.110742038704787,0.034760863438245,0.972270428209937,0.998142329325159
"K02962",28.8664483351605,-1.10198544619287,0.769400334905033,-1.43226535809721,0.152067893214994,0.815874091147702
"K02963",5522.05442764436,-0.119251662820539,0.114956348403658,-1.03736474302227,0.29956590311422,0.922416552057102
"K02965",5539.62306353144,0.00159479195621123,0.125519029061627,0.0127055791311788,0.989862687323246,0.998573809130236
"K02966",125.655978713326,-0.229915998812058,0.516704896168941,-0.44496578320962,0.656344481730167,0.992927693570313
"K02967",16705.9722327922,0.072218146020444,0.107217733430991,0.67356531153427,0.500587713023183,0.979189496323257
"K02968",3963.77024186645,-0.120397831614307,0.142286940975587,-0.846162204266971,0.397462263398799,0.966464269385061
"K02970",3877.96392450478,0.034533722597447,0.17993804677527,0.191920070359423,0.847804815804733,0.997370795218308
"K02974",200.53975451756,0.089043471203738,0.419688542804926,0.212165599300446,0.831977843557903,0.997370795218308
"K02975",77.7154419446182,-0.225408162828701,0.381169221252783,-0.591359821991545,0.554279354839245,0.988149645670342
"K02976",371.703453242622,0.219584558465793,0.257844526835068,0.851616131476981,0.394427183258331,0.965749959335301
"K02978",48.5550018391193,-0.0681216284860541,0.598607333598434,-0.113800190312657,0.909396187726555,0.997370795218308
"K02979",31.8235541370959,0.213448066757021,0.840901914934212,0.253832299541999,0.799625119038318,0.997370795218308
"K02980",5.45314034800279,-0.282099932114554,1.41057185827453,-0.199989763342955,0.841488587069886,0.997370795218308
"K02982",10388.0632432517,0.0417114949616043,0.115895590065233,0.35990579916049,0.718917580144265,0.997370795218308
"K02984",138.285154003518,-0.20510449821723,0.431902660385146,-0.474885933868362,0.634868277803066,0.992927693570313
"K02986",15429.4665402038,0.0660125601655958,0.0929805142193565,0.709961229186808,0.477728179089647,0.974469580961331
"K02987",49.127842658844,0.630092071116372,0.676765040601741,0.931035194365433,0.351835359140644,0.947770244518839
"K02988",6441.16233475348,0.0242913256460245,0.114555777847249,0.212048018026774,0.83206957303536,0.997370795218308
"K02990",7103.1083839393,-0.00495831783375119,0.13059519473276,-0.0379670771493354,0.969713931721069,0.998142329325159
"K02991",22.4973826743873,0.0103009139485081,0.986874659415741,0.0104379151397063,0.991671899887851,0.998573809130236
"K02992",7285.62055365794,-0.044321401566707,0.136886181205372,-0.323782876959735,0.74610242067334,0.997370795218308
"K02994",6554.19353305855,0.0777956805582437,0.131694517451437,0.590728316286448,0.554702471978922,0.988149645670342
"K02995",58.1143482587982,0.757623893130789,0.535895337156149,1.41375347124924,0.157434299388102,0.822831670502234
"K02996",5474.29906203495,-0.00260230038291536,0.117068680044462,-0.0222288350900259,0.982265416194433,0.998573809130236
"K03014",0.94762757443068,-2.36838327440736,3.33028635871855,-0.711165052881122,0.476981961815046,NA
"K03040",22942.5057857289,-0.0200547461192322,0.120611534700765,-0.166275523887394,0.86794012701086,0.997370795218308
"K03041",616.98963446034,0.268203756044754,0.270451009155153,0.991690720188403,0.321348419241234,0.931476967602338
"K03042",191.557749706063,-0.184766231585759,0.882939183748077,-0.209262693271157,0.834243173459878,0.997370795218308
"K03043",61168.9741196618,0.011792307786058,0.1177399735004,0.100155515883634,0.920220861554109,0.997370795218308
"K03046",62077.9731791362,0.0302676127112459,0.114997833935999,0.263201589762907,0.792395205538542,0.997370795218308
"K03047",55.625676753754,0.607649115675341,0.48417723080055,1.25501381936247,0.209473743337007,0.87976034280879
"K03048",145.156440547959,0.921884129381068,0.402615831788768,2.28973641022823,0.0220366013814245,0.485210314975555
"K03049",78.047089180954,0.0192376175802724,0.555402576623868,0.034637249429436,0.972368998560577,0.998142329325159
"K03051",70.7103567142625,0.213513341456083,0.62489960235752,0.341676231910813,NA,NA
"K03053",70.3370483950963,-0.652098477165862,0.621400373160549,-1.04940148949248,0.293993372971404,0.921603082140073
"K03057",19.9083562153436,-0.440042579632242,1.10724482034062,-0.397421213040196,0.691056875099967,0.997370795218308
"K03058",40.513472967593,0.334171488028205,0.575614321750138,0.580547556586443,0.561545426245016,0.988149645670342
"K03059",8.50306792814448,2.16687764620188,1.77479054882725,1.22092020809651,0.222116232386511,0.88506594528464
"K03060",5605.94303740486,0.023209755470065,0.125087261994359,0.185548513094096,0.852798832864991,0.997370795218308
"K03070",16239.7681738087,0.000558199146426228,0.120057465392964,0.00464943304107886,0.996290302525604,0.998573809130236
"K03071",752.228840334684,-0.115534828104288,0.199610959278864,-0.578800024415901,0.562724114669464,0.988149645670342
"K03072",6671.04930220678,-0.0778738935125984,0.104857488245255,-0.742664113129018,0.457685061889988,0.9731410869362
"K03073",3105.45642361599,-0.0453546095750485,0.133819390379817,-0.338924048647355,0.734666947334961,0.997370795218308
"K03074",2013.963410456,-0.144734619705503,0.131840287886398,-1.09780266734714,0.272290666492131,0.912051902472804
"K03075",1895.95582883851,0.0848164231177449,0.156625267640384,0.541524521525387,0.588146100552286,0.99260501002599
"K03076",17519.1815219443,0.0200970784711494,0.0941893805139031,0.213368835865556,0.831039286183847,0.997370795218308
"K03077",215.934564886599,0.127861339215401,0.285191306699956,0.44833533214924,0.653911204999335,0.992927693570313
"K03079",90.7640918056605,-0.532218643454692,0.372176725167822,-1.43001592379186,0.152712448852325,0.815874091147702
"K03086",11335.2487637966,0.00757210607216962,0.0999884445790678,0.0757298116202,0.939634057846251,0.997774305289909
"K03087",262.636838341746,0.567331579206434,0.307566299399276,1.84458303889119,0.0650982161598604,0.673390891931288
"K03088",18931.1286122906,-0.046125759978997,0.117788833673253,-0.39159705160975,0.69535596674424,0.997370795218308
"K03089",2544.08732528195,0.0869912471793464,0.116431426336095,0.747145765682148,0.454975577262778,0.9731410869362
"K03090",1641.94094105451,-0.237653911215447,0.157183975870205,-1.51194744820357,0.130547232036385,0.800641307192464
"K03091",1891.69700133311,0.866150514839865,0.126819472639769,6.82979117331745,8.50383287480913e-12,2.68551481494645e-08
"K03092",2928.46492572257,0.196387582604147,0.121740235034736,1.61316907715934,0.106707779658378,0.759017135201614
"K03095",60.0963668505786,0.712161042087504,0.653440166797121,1.08986419610262,NA,NA
"K03098",19.2507517070236,0.0467092957467721,0.872670887289013,0.0535245261726061,0.957313989595021,0.997942587160163
"K03100",3442.4209057471,-0.0983732614719941,0.112483833352568,-0.874554667457448,0.381816262801385,0.963622578411872
"K03101",720.861191052134,0.0504508076017103,0.152180034719143,0.331520542065981,0.740251327123415,0.997370795218308
"K03105",11.4150488331012,-1.28347938411902,1.53816712288777,-0.834421282980881,0.404043628180383,0.967424176194844
"K03106",3484.47464277318,0.0293342662133753,0.146233269437403,0.200599127176953,0.841012040611302,0.997370795218308
"K03110",827.484592279835,-0.194841158779107,0.165460949761769,-1.17756581876049,0.238969743440765,0.890239289508822
"K03111",6594.59230117529,-0.0885346403262966,0.132873242684529,-0.66630902157252,0.505213600355558,0.979329538491088
"K03112",2.69424090634618,0.716394025938125,1.94606157196058,0.368125056401164,0.712779988439993,0.997370795218308
"K03113",169.171613002884,0.389850559320617,0.321195009443438,1.21375036304625,0.224843066100449,0.886872389355376
"K03116",3134.60403116145,-0.0204358454868602,0.152588607393202,-0.133927727868959,0.893459724131659,0.997370795218308
"K03117",503.639412427556,-0.0454202397571816,0.186180956775603,-0.243957494599863,0.807263739805843,0.997370795218308
"K03118",2244.58905960381,-0.0562997637736961,0.12577955072066,-0.447606653475259,0.654437100477814,0.992927693570313
"K03119",26.5978670790907,-1.41199543068123,0.749660523831007,-1.88351311799837,0.0596308637823066,0.664835541828556
"K03120",104.996601476605,-0.225102656301872,0.535713445316927,-0.420192284270001,0.674344990836561,0.997370795218308
"K03124",5577.36198539333,0.308664552693094,0.373287055382176,0.826882551223427,0.408303634209121,0.967424176194844
"K03136",71.3473476628208,0.00167235978332409,0.437392834280519,0.00382347320818597,0.996949317191509,0.998573809130236
"K03147",2771.4997771733,0.0432762254816307,0.123969871921235,0.349086635413533,0.727024269617187,0.997370795218308
"K03149",993.267361480149,-0.112548432305869,0.136517201587658,-0.824426746204592,0.40969712280667,0.968683801219559
"K03150",11.9764435028864,-0.0814477631220664,1.26001393781212,-0.0646403668069672,0.948460343836022,0.997942587160163
"K03151",118.751204348281,0.0192526186555682,0.313328181598613,0.061445537893657,0.95100438685414,0.997942587160163
"K03153",253.606819061604,-0.433439560120256,0.267300858528026,-1.62154196775545,0.104901456994627,0.759017135201614
"K03154",138.999177304307,0.618276085011747,0.430195700124531,1.43719726820322,0.15066194901144,0.815874091147702
"K03163",52.9981892107914,0.881105160062324,0.620219545097434,1.42063430123587,0.155423101189046,0.822450429847197
"K03166",168.228354440756,0.766115061151848,0.354130004385379,2.16337235383797,0.0305125521667391,0.543868080138692
"K03167",228.788138644572,0.187102257079321,0.430328922336142,0.434788942522367,0.663715631772158,0.992927693570313
"K03168",4598.81810428578,0.0728602471710731,0.121365266312243,0.600338543184354,0.548280636581389,0.988149645670342
"K03169",1822.37785431347,0.0637184316802321,0.182564786523254,0.349018191808397,0.727075652236877,0.997370795218308
"K03177",871.235343447088,-0.0912037831837944,0.135532753728184,-0.672927987331441,0.50099310587091,0.979189496323257
"K03179",185.040720264201,0.0832718465505329,0.257145660511221,0.323831428401255,0.746065660794668,0.997370795218308
"K03181",7.25171135527759,-1.33381944294064,1.76630850822702,-0.755145229006167,0.450161847696506,0.9731410869362
"K03182",388.771384123123,0.17269191725531,0.207498405914316,0.832256597318731,0.405264123594343,0.967424176194844
"K03183",615.375397227003,-0.138618465978251,0.164072460945878,-0.844861259343068,0.398188306751054,0.967406926044586
"K03185",23.0394878097861,-0.613512126644288,0.737675924782084,-0.831682458425799,0.40558820454629,0.967424176194844
"K03186",351.652154788145,0.126744467589763,0.215542092145586,0.588026525715239,0.556514488462345,0.988149645670342
"K03187",108.100147239305,-0.24666255750675,0.409748234075626,-0.601985651172385,0.547183688714108,0.988149645670342
"K03188",98.3835540061686,-0.0473292510268347,0.393825114442161,-0.120178346406056,0.9043418705068,0.997370795218308
"K03189",282.860180564462,-0.0780541013703979,0.22454831723468,-0.347604926777616,0.728136905735345,0.997370795218308
"K03190",152.907348728374,0.591437966802851,0.351155058589916,1.68426440780265,0.0921305806866217,0.749263962924255
"K03192",22.3320266390292,-0.28603130094535,0.769963349721823,-0.371486903952882,0.710274908368263,0.997370795218308
"K03194",6.02939496965863,-1.22373227106751,1.78486423817554,-0.685616443477177,0.492955009556981,0.978233118700054
"K03195",16.311443740071,0.632642209031119,0.899765343960223,0.703119111308078,0.481981523014881,0.974469580961331
"K03196",13.5876346355512,-0.371904383093707,1.03482344362109,-0.359389213093519,0.719303943160086,0.997370795218308
"K03197",36.5771719245728,-0.0842877267730626,0.663951350670218,-0.126948648704426,0.898981041994945,0.997370795218308
"K03198",37.8658326657838,-0.813205740382528,0.53835599120604,-1.51053532173156,0.130906883525105,0.800641307192464
"K03199",118.806842184535,-0.152779114114614,0.441440573708179,-0.34609214289308,0.729273468053246,0.997370795218308
"K03200",1.6691138677622,-0.35025625609806,2.74665003343089,-0.127521253830998,0.898527852380303,0.997370795218308
"K03201",37.7579381601979,-0.739969295329019,0.652523355942667,-1.13401196844521,0.256789527668517,0.899605882022776
"K03203",1.74349859385392,4.29640802405755,3.35042247436702,1.28234813875801,0.19972054815256,0.861668056315391
"K03204",33.4612251015316,0.449242877148341,0.529290830144522,0.848763763818988,0.396012757257624,0.966076934033148
"K03205",217.125185808441,-0.257776534363791,0.256507624789113,-1.00494686883371,0.31492243435651,0.92871793789011
"K03208",131.452590962207,-0.0188196305824226,0.337617544922816,-0.0557424543405319,0.955546978386956,0.997942587160163
"K03210",1372.98657876277,-0.0220481802419886,0.121878869050779,-0.180902402637184,0.856444182937197,0.997370795218308
"K03212",2.22358120414276,1.99674852678695,2.89477898860048,0.68977581178047,0.490335181999085,0.977192332550331
"K03214",1.05387427276691,3.57517732436267,3.42010637338136,1.04534097307272,0.295865407136427,NA
"K03215",658.660791967204,0.317639148808677,0.20120627851187,1.57867414057826,0.114410819180723,0.766679393190281
"K03216",278.741634476931,0.661382167475417,0.224866248085769,2.94122471960821,0.00326917272708674,0.184708259080401
"K03217",4984.37076232796,0.0154264902159548,0.104357608354079,0.147823339948666,0.882482189082503,0.997370795218308
"K03218",473.116808158082,-0.102904580325831,0.194190821421049,-0.529914748662149,0.596171039899108,0.992927693570313
"K03220",6.12844883053976,-1.0860350229637,1.51960881352984,-0.714680655504354,0.474806393662519,0.974469580961331
"K03222",5.12999280791733,-1.5125239218419,1.60543541234237,-0.942126920967247,0.34612766303452,0.947770244518839
"K03223",6.14819406878163,-1.26829503665178,2.01725413356742,-0.62872347888506,0.529530104230625,0.984070334914601
"K03224",9.41634753130216,-0.0517938691418823,1.2223198151467,-0.0423734185604002,0.966201018227228,0.997942587160163
"K03225",9.16811877535614,0.665035731514941,1.23175858299648,0.539907527899761,0.589260806113146,0.992709695586957
"K03226",11.3888126817051,0.0605170819161071,0.919382718963016,0.0658236017143819,0.947518265531546,0.997942587160163
"K03227",2.06024953850486,4.54108446587718,3.19665485879546,1.42057390192832,0.155440670053695,0.822450429847197
"K03228",1.31555503843067,-0.785314388529378,3.35566804563481,-0.234026243910195,0.814964604623064,NA
"K03229",9.28943717802163,-1.43131405128096,1.33366516436619,-1.07321844307238,0.28317311760958,0.915231409262695
"K03231",496.823351044691,-0.239739765255372,0.733819313561833,-0.326701356621041,0.74389377407392,0.997370795218308
"K03236",103.928031842762,0.653611893777321,0.428616190430761,1.52493514797105,0.127275274064598,0.794547869651213
"K03237",10.856116267882,-0.361662132321568,1.12962884587368,-0.32016014254828,0.748846935835711,0.997370795218308
"K03238",91.1958541539889,0.320388225812588,0.517093923986724,0.619593870572754,0.535525203183833,0.984070334914601
"K03242",212.225756346009,-0.0468432969937148,0.43585693575557,-0.107474019915527,0.914412935030409,0.997370795218308
"K03243",100.005386232132,-0.532450823839136,0.584735479121789,-0.910584089473792,0.362514556830626,0.950060596598327
"K03263",26.0356165307415,1.61095067773524,0.934912902498335,1.72310241246041,0.0848700066467376,0.734518019952762
"K03264",84.2214343862159,0.174106338760085,0.438329421908931,0.397204317250366,0.691216798817484,0.997370795218308
"K03265",111.052537845126,0.368837787941004,0.45952828482048,0.802644364068024,0.422180318513441,0.972723098477607
"K03269",126.674423837482,-0.686855401393153,0.365620939614505,-1.87859973807119,0.0602991669524618,0.666294669517148
"K03270",85.43309038391,0.111491651862176,0.48880413943536,0.228090645858615,0.819575771968261,0.997370795218308
"K03271",574.144660606409,-0.247153947898462,0.170079479851987,-1.45316735513038,0.14617729359046,0.814133364640594
"K03272",118.310515957637,-0.555753169629552,0.31745969560796,-1.75062591352027,0.0800103685835692,0.713098553777597
"K03273",206.119279027578,-0.366881887938573,0.32202949917009,-1.13928037302195,0.25458623192163,0.899605882022776
"K03274",92.4845206801789,-0.0890563813650779,0.394827634703479,-0.225557619420334,0.821545506166107,0.997370795218308
"K03281",124.977676328379,0.0318153591312986,0.419835058645682,0.0757806154491473,0.939593638402677,0.997774305289909
"K03282",694.916668340144,0.0347348889441151,0.216463594646988,0.160465269001752,0.872514578393241,0.997370795218308
"K03284",2120.71336956914,0.0430865351171713,0.125778049256315,0.342560052186596,0.731929459263435,0.997370795218308
"K03285",88.5510536807839,1.35304723087583,1.14735610247767,1.17927400913629,0.238289084215693,0.890239289508822
"K03286",7933.94028519422,-0.0215879802187193,0.146123199611803,-0.147738211838167,0.882549373838221,0.997370795218308
"K03288",14.9301751099482,-0.781576226437143,1.35319041311899,-0.577580375134106,0.563547459639908,0.988149645670342
"K03291",8.0387034360948,-0.4625763964721,1.2460941695055,-0.371221058401763,0.710472889604635,0.997370795218308
"K03292",512.275831175551,0.520118727962434,0.205807828837763,2.52720574770963,0.0114974124638763,0.364328059503467
"K03293",57.3562449688693,0.641232048842702,0.52941651345338,1.21120522792149,0.225816759621243,0.888188252939584
"K03294",2592.9615748876,-0.00527980936171492,0.160891457993783,-0.0328159706397772,0.97382134234314,0.998142329325159
"K03296",313.567264309233,-0.0297735616347379,0.210398380130339,-0.14151041284773,0.887466734558239,0.997370795218308
"K03297",21.308344013457,-0.659791721670246,0.79735242214861,-0.827478168176022,0.407966091268932,0.967424176194844
"K03298",28.8146243210813,0.610393925746992,0.579185105558439,1.05388401719768,0.291936021210203,0.921603082140073
"K03299",528.03237868978,0.23989825524744,0.212564715766829,1.12858925989671,0.259071143461806,0.902235629679475
"K03300",110.519300377447,0.454994754721696,0.369895801584978,1.23006196007653,0.218673903493831,0.883664559728345
"K03301",234.59473058513,-0.249501284466554,0.337620885014175,-0.738998372260291,0.459907985768188,0.9731410869362
"K03303",1385.91012444089,0.0315590514829395,0.17441630472893,0.180940947762809,0.856413927619215,0.997370795218308
"K03304",1.09919032763541,3.62487932706863,3.41886943303106,1.06025673049904,0.289027818435353,NA
"K03305",963.166895545586,-0.048578905002449,0.162943910580834,-0.298132681542277,0.765601898839083,0.997370795218308
"K03306",1448.79252419155,-0.211918530264667,0.152399181868781,-1.39054900207492,0.164362230108182,0.831694303422829
"K03307",2104.42311947509,-0.0968143541173182,0.149976013181685,-0.645532255881712,0.51858232216806,0.980180447854674
"K03308",13.285152540337,0.669579803009895,1.31554772489901,0.508974163640696,0.610770333991963,0.992927693570313
"K03309",58.5374189713403,-0.714436623751531,0.518778063442041,-1.37715272502333,0.168465034424967,0.831694303422829
"K03310",54.7737795525466,0.246031430289271,0.560214324694049,0.439173758049898,0.660535638106265,0.992927693570313
"K03311",35.2674499524458,0.76605788409928,0.850335794272545,0.900888671580191,0.367647515030006,0.950146953911141
"K03312",14.9736763470988,0.369447438995049,1.30441393918594,0.283228680633093,0.777001544119436,0.997370795218308
"K03313",349.594345425338,-0.450644258660297,0.196598179222086,-2.29220972667925,0.0218935439523148,0.485210314975555
"K03315",193.487455421397,0.318642750365852,0.271492583192572,1.17367018508876,0.240527156890788,0.89029641349834
"K03316",48.9452127826936,-0.553595834064593,0.463416804237563,-1.19459594257786,0.23224493526912,0.888188252939584
"K03317",64.4234236469338,0.244366764859327,0.626198116517013,0.390238741404276,0.696360016535128,0.997370795218308
"K03319",1.16700372781726,0.154707602430366,3.1033216380351,0.0498522616973472,0.960240119612803,NA
"K03320",3244.83872681016,0.0997387418249415,0.232109052415811,0.429706384937822,0.667409238254133,0.992927693570313
"K03321",346.410714829007,-0.283005352271608,0.274655834282299,-1.03039992946491,0.302822306343563,0.923868889060477
"K03322",539.525783937302,-0.019372056995745,0.210919762268369,-0.0918456231289341,0.926820695210596,0.997370795218308
"K03324",239.382078365067,0.0168129448566536,0.223421429972989,0.0752521584822287,0.940014085494943,0.997774305289909
"K03325",35.3002224615682,0.194261233364819,0.696973753901827,0.278721016791949,0.7804589323548,0.997370795218308
"K03328",65.529774905244,-0.445993222359123,0.558485731952487,-0.798575857613971,0.424536391142167,0.972723098477607
"K03330",51.096569473787,0.621523129579468,0.579918132548205,1.07174288006558,0.283835535208895,0.916877573012983
"K03331",15.8673773966269,0.394473212670295,0.783817637942411,0.503271671336487,0.614773280677628,0.992927693570313
"K03332",118.57902443128,-0.086353902816829,0.500442602762865,-0.17255505894199,0.863001179653917,0.997370795218308
"K03333",562.883087085826,-0.11968041372742,0.239009667764551,-0.500734613987738,0.616557908256962,0.992927693570313
"K03335",999.361031672413,0.115061325985966,0.206710168272862,0.55663118533232,0.577779442298696,0.992186816903
"K03336",1094.93448061945,0.317588152973393,0.215592102505712,1.47309734114671,0.140724790286929,0.80901139713996
"K03337",359.230513029108,0.243792333494414,0.243851949649835,0.99975552315449,0.317428834804117,0.92871793789011
"K03338",265.663201374034,-0.159028219459472,0.26183096361312,-0.607369797922184,0.543605527094442,0.985668817289558
"K03342",37.7262346207574,-0.620375525654978,0.543879820093015,-1.14064817765969,0.254016359977886,0.898584748911732
"K03343",8.29022060054876,-0.823831908371583,1.90154483347669,-0.433243483860083,0.664837891497991,0.992927693570313
"K03346",34.4123784352498,1.07268853357867,0.644594332042236,1.66412963976913,0.0960865250036509,0.755548259580255
"K03365",64.3332407986414,-0.476101003646612,0.436969835624067,-1.08955118827976,0.275910894674721,0.912317125798179
"K03366",74.5739609272975,-0.709738748283326,0.475400561263008,-1.49292787201964,0.135456068352664,0.807360367143472
"K03367",203.288174361376,0.018942596519033,0.363805309865593,0.0520679495470567,0.958474550866985,0.997942587160163
"K03379",877.52640344159,-0.0938496103146892,0.176436047940159,-0.531918569988145,0.594782395112063,0.992927693570313
"K03380",171.59962995354,-0.247727088955536,0.296676269456308,-0.835008102972049,0.403713146096905,0.967424176194844
"K03381",112.856391995965,-0.193098173702428,0.344899992633745,-0.559867143596847,0.575570061302501,0.992186816903
"K03383",7.86264265630692,-0.79437678924253,1.70528296859646,-0.465832828845024,0.641335164547595,0.992927693570313
"K03385",241.528187544841,0.982788805387677,0.397648194026685,2.47150325375733,0.0134546326886508,0.39307217157234
"K03386",961.722212615399,0.453829454913651,0.230830408772535,1.96607308944665,0.0492901684124532,0.628002105104514
"K03387",90.1646363372847,-0.224155596203186,0.33319835303778,-0.672739208221026,0.501113218962032,0.979189496323257
"K03388",3.18194918624787,1.46152517712844,2.26255885181802,0.645961176193968,0.518304498845414,0.980180447854674
"K03389",13.2670004929297,-0.750066344259156,0.900445684559228,-0.83299454605784,0.404847805202691,0.967424176194844
"K03390",6.00588891997597,2.15371490857422,2.52938330494252,0.85147826522211,NA,NA
"K03392",496.376565152623,-0.215115711534945,0.204123726192263,-1.05384962124554,0.291951771045349,0.921603082140073
"K03394",92.8294254878162,-0.334440731343076,0.312513738519376,-1.07016329242863,0.284545813966158,0.917896368893027
"K03395",4.70538864903986,0.200279907014651,1.79098635151548,0.111826595911901,0.910960899294621,0.997370795218308
"K03396",975.646669014888,-0.354804742077798,0.250885762342456,-1.41420835827859,0.157300734589443,0.822831670502234
"K03399",19.8954121101291,-0.849340898517402,0.840534214844698,-1.01047748386344,0.312266581636674,0.92871793789011
"K03402",225.898988313235,-0.187227524783152,0.241728517255933,-0.774536355530293,0.438613677589746,0.9731410869362
"K03403",4.47190664964278,-3.00224951989566,2.32934078580737,-1.28888376410541,0.197438499305836,0.858098093136902
"K03404",94.107116816665,-0.342764001083532,0.337958363679449,-1.01421961377657,0.310477971578293,0.92871793789011
"K03405",2767.89564343313,-0.0675608546812055,0.133914419955599,-0.504507690087493,0.61390465958497,0.992927693570313
"K03406",2648.64674210398,0.0345105347677801,0.140592816216464,0.245464424829829,0.806096850549509,0.997370795218308
"K03407",355.199212756077,0.0150345532782152,0.249303597324525,0.0603062027165388,0.951911761886241,0.997942587160163
"K03408",391.451441464091,-0.0133757972884396,0.277427738807408,-0.0482136261714089,0.961545990702927,0.997942587160163
"K03409",52.2202622046353,-0.2528778014525,0.602666682804385,-0.419598110643491,0.674779068828979,0.997370795218308
"K03410",108.847722197182,-0.226814853312318,0.373532971521549,-0.607215080340592,0.543708185599415,0.985668817289558
"K03411",64.6309717099794,0.316737982121222,0.609879551277475,0.519345141934619,0.603520079048083,0.992927693570313
"K03412",656.613115051402,-0.329598061052824,0.172757117318037,-1.90786965058031,0.0564080657551348,0.661225808667247
"K03413",627.206416350884,0.0622934220408038,0.221270517454517,0.28152608290261,0.778306925449231,0.997370795218308
"K03414",130.933229920061,-0.0722942817296307,0.507951639434928,-0.142325127270097,0.88682319986215,0.997370795218308
"K03415",22.8809674725562,-0.202423194520336,1.02807491591399,-0.196895373466413,0.843909414251503,0.997370795218308
"K03416",4.12823866641547,0.909839391610419,2.14251248184934,0.42466001916828,0.671084533139906,0.995572273711889
"K03417",78.8950211794313,0.454893987665513,0.455491919674715,0.998687282949764,0.31794620302452,0.92871793789011
"K03424",549.640139811052,0.238086938840412,0.222577282305237,1.06968211838397,0.284762417878051,0.917896368893027
"K03426",254.979529976318,-0.0770454242231683,0.291602692829325,-0.264213692526711,0.791615260746617,0.997370795218308
"K03427",260.082921288874,-0.156672403378172,0.272078060661026,-0.575836225080143,0.564725885690837,0.988149645670342
"K03428",20.7080248846758,-0.403033609775006,0.842355141354779,-0.478460437870419,0.632322526029577,0.992927693570313
"K03429",28.0986089541105,-0.738616699354171,0.667797711188378,-1.10604856377804,0.26870550006026,0.909404067290258
"K03430",47.8874470265356,0.100016566839062,0.540959721624868,0.184887271345536,0.85331745486831,0.997370795218308
"K03431",998.866287765324,-0.165868895441825,0.14775402312376,-1.12260155043556,0.261606756616194,0.903690153582261
"K03432",752.759844643874,0.175121580397309,0.17022205697063,1.0287831290132,0.303581596309185,0.923868889060477
"K03433",923.384937330018,-0.14882588299454,0.153141220616437,-0.971821188282777,0.331139513016792,0.939535829523811
"K03435",2.60455354964947,1.17552640552138,2.45242845214504,0.479331580292665,0.631702759148856,0.992927693570313
"K03436",199.043877935045,-0.27592512270018,0.253775583179149,-1.08728002609059,0.276913073142283,0.912317125798179
"K03437",203.800027168752,-0.0782313149393105,0.235844589895493,-0.331707057490596,0.74011047103335,0.997370795218308
"K03438",998.766812317725,0.182886255569882,0.177768407799133,1.0287894110889,0.303578643643148,0.923868889060477
"K03439",213.935699281892,-0.206481148637681,0.262043163329541,-0.787966173259835,0.430716492417671,0.9731410869362
"K03442",13.8398841042749,0.337281184742033,0.794068324423326,0.424750836128586,0.671018320766654,0.995572273711889
"K03446",1199.00184844282,-0.0342239083999431,0.158033058373145,-0.216561703938769,0.828549933266976,0.997370795218308
"K03449",120.727869208688,-0.484381302111205,0.332046394754292,-1.45877597156156,0.144626778121042,0.8117804818809
"K03453",24.8985236460197,-0.827730934707441,1.18062181597363,-0.701097441626413,0.48324220683753,0.974469580961331
"K03455",35.0315979669274,-0.740779097371747,0.591611359357476,-1.25213805592962,0.210519562754174,0.881063355230432
"K03457",1954.13236891205,0.284777552769977,0.190616099262378,1.49398478865098,0.135179595147478,0.807360367143472
"K03464",113.140582619929,0.0214711745206381,0.328655283673154,0.0653303798456228,0.94791095438518,0.997942587160163
"K03465",862.477035496005,-0.329308063686527,0.221437603962554,-1.48713704354485,0.136978619566717,0.807360367143472
"K03466",3196.2701381746,-0.0910705655740426,0.118830099517362,-0.766393076703068,0.443442451025404,0.9731410869362
"K03469",220.509504677918,0.0901800208430439,0.229384158789441,0.393139706416357,0.694216298822049,0.997370795218308
"K03470",694.056118677538,-0.177212663816863,0.159768199490744,-1.10918608572746,0.267349913872594,0.908595789052828
"K03471",10.836347855573,1.94806795146114,1.18112793095298,1.64932849389936,0.0990803552135472,0.755548259580255
"K03472",3.55608804155529,-1.2175164422253,1.9811927681697,-0.6145370918904,0.538860470196914,0.984415998762777
"K03474",246.941418747468,-0.0248922344133955,0.209599719554265,-0.118760819271759,0.905464850626793,0.997370795218308
"K03475",0.537652203157148,1.43564962074386,3.48059994860588,0.412471884715995,0.679993583965458,NA
"K03480",11.0649816504877,0.37910986310264,1.3632863709756,0.278085273332074,0.780946900239292,0.997370795218308
"K03483",6.59228424612134,-0.732848621272095,1.60284930501201,-0.457216170591036,0.647515676552547,0.992927693570313
"K03484",5.7592244117778,-0.0257795832121435,2.02780289205959,-0.012713061665456,0.989856717606825,0.998573809130236
"K03486",23.0999281131353,0.91369106355574,0.821507125490848,1.1122131935372,0.266046496534197,0.907376120582748
"K03488",32.0518816902788,1.93172699786801,0.593902192525713,3.25260122319615,0.0011435385775314,0.0992558339251527
"K03491",35.5589034204427,0.519933823078484,0.620537412934409,0.837876673091814,0.402099971076118,0.967424176194844
"K03492",7.9979892098515,2.82510698390356,1.34836418257375,2.09521064146856,0.0361522717218401,0.561047008846237
"K03495",818.938689841289,0.267799320982309,0.183775637784103,1.45720795319407,0.145058985880066,0.813069080135518
"K03496",6548.08906279201,-0.0686713370268473,0.11704481781914,-0.586709760469356,0.557398651404176,0.988149645670342
"K03497",1525.08735048792,-0.116992350627342,0.134493962784387,-0.869870648505595,0.384371097335817,0.963622578411872
"K03498",245.496730287484,0.26715945963561,0.224812877070246,1.18836368769095,0.234690156150684,0.888188252939584
"K03499",1244.64051955926,-0.141633195013272,0.167994460466011,-0.843082531533398,0.399182287663171,0.967406926044586
"K03500",459.648210761435,0.138432396317136,0.181456994308642,0.76289369194375,0.445526798517502,0.9731410869362
"K03501",248.371077481547,-0.165090753453512,0.226073853799046,-0.730251423060442,0.465236515148432,0.9731410869362
"K03502",95.4343253384491,0.208733127043484,0.440551481693983,0.473799625507728,0.635642801669584,0.992927693570313
"K03503",9.35866139323043,-0.215489528694048,1.17445829765815,-0.183479932087611,0.854421463358934,0.997370795218308
"K03517",4310.30085223703,0.0606182120907387,0.165822371166857,0.365561122206739,0.714692589941039,0.997370795218308
"K03518",3837.47928996474,-0.268634164124635,0.110327656216883,-2.43487601691231,0.0148968930260655,0.414965080619099
"K03519",2787.7221446154,-0.273037173491402,0.148451077549667,-1.83924009174034,0.0658798802270893,0.673390891931288
"K03520",6219.51771154376,-0.162319000791054,0.0950318442548363,-1.70804851851324,0.0876273401715242,0.738115527830181
"K03521",5252.99953353988,0.248705255150082,0.128868138806023,1.92992044002779,0.0536166963773426,0.647606672133739
"K03522",3727.69691434594,0.422972153553693,0.167539079307336,2.52461787006592,0.0115824156119303,0.365089932104478
"K03523",443.138182318181,-0.176823345776572,0.243030420283858,-0.727577006903267,0.466872559976463,0.9731410869362
"K03524",260.326528965584,0.11776409182105,0.207031904348724,0.568820985304217,0.569477631768239,0.990848007156586
"K03525",388.009860390868,-0.0238662896335714,0.22340035216431,-0.106831924848614,0.914922320033952,0.997370795218308
"K03526",3729.9723085319,-0.132907930263478,0.123697769911763,-1.07445696359995,0.282617923514252,0.913930207303918
"K03527",3792.67322072311,-0.0296479830269116,0.123924957795851,-0.239241421213574,0.81091838556644,0.997370795218308
"K03528",19.7040853195597,-0.752602249159917,1.20360736903591,-0.625288834649421,0.531781506693009,0.984070334914601
"K03529",944.00796829393,-0.0777978128101945,0.166611094606093,-0.466942570626084,0.640540966784979,0.992927693570313
"K03530",4845.49160941832,-0.0995851941939928,0.145491965998047,-0.684472118517728,0.49367708958292,0.978458568774961
"K03531",7510.88792414112,-0.160432849181511,0.111083929000002,-1.44424896225545,0.148668956651519,0.815874091147702
"K03534",130.723314843423,-0.207326207063501,0.375328525482867,-0.55238595786657,0.580683949250955,0.992186816903
"K03535",18.5682952008279,-0.158096333973146,0.749071645197413,-0.211056358876701,0.832843293687208,0.997370795218308
"K03536",968.615401102935,0.0766610444774725,0.169357654895138,0.452657687808319,0.650795252077928,0.992927693570313
"K03538",10.8117871260988,0.631513090473827,1.11460761935654,0.566578838603667,0.571000355508716,0.990848007156586
"K03540",7.51336792751447,1.47507142564438,1.45480136254671,1.01393321701472,0.310614619989827,0.92871793789011
"K03543",228.725507724363,0.0755782136050496,0.247350239482219,0.305551406634003,0.759946223786338,0.997370795218308
"K03544",22220.8002130456,-0.0855583988972603,0.120339502410487,-0.710975175926972,0.477099618924882,0.974469580961331
"K03545",6102.51899598462,-0.0587720646047062,0.119240805581949,-0.492885504403228,0.622093490165185,0.992927693570313
"K03546",268.576762619354,0.031527775148196,0.2733024043832,0.115358572198986,0.908160914278773,0.997370795218308
"K03547",390.130675957259,-0.166562221699317,0.227871393437097,-0.730948361648106,0.464810694674852,0.9731410869362
"K03548",15.7460774160182,-1.40627057363429,1.10863724402791,-1.26846773478854,0.204630965975254,0.869790528904044
"K03549",1155.40144325742,-0.116872659826733,0.149281289908989,-0.782902263893793,0.433684507981468,0.9731410869362
"K03550",360.580585399264,0.221635296615577,0.196639320719517,1.12711585762501,0.259693499570464,0.902235629679475
"K03551",1160.94681417217,-0.0971549000430324,0.172755259082303,-0.56238461601187,0.573853998277583,0.992186816903
"K03553",9266.70726038541,-0.088720047537289,0.121142234215477,-0.732362648846989,0.463947250145482,0.9731410869362
"K03554",77.2416899392811,0.179123673941528,0.386236944636577,0.463766287583056,0.642815199220362,0.992927693570313
"K03555",540.418903669807,-0.192675864253748,0.20529095236848,-0.938550199269921,0.347961731924276,0.947770244518839
"K03556",3602.78675641742,-0.380341413740909,0.141804085008588,-2.68216119244996,0.00731482045242418,0.273802873059803
"K03557",62.6611627049971,-0.446314220037063,0.533091328790057,-0.837219057848963,0.402469446952657,0.967424176194844
"K03558",591.726413772367,0.198605264151515,0.193142453519074,1.02828384196694,0.303816329440153,0.923868889060477
"K03559",5824.86295373032,-0.146319128041003,0.162515956037775,-0.900336998337522,0.367940937317317,0.95023642673282
"K03560",153.556200056251,0.268180697442676,0.377818069455344,0.709814376610628,0.477819252646856,0.974469580961331
"K03561",8219.76687162362,-0.126141992189737,0.138546033567786,-0.910469891785248,0.362574753077346,0.950060596598327
"K03562",600.267391660066,-0.212340009793518,0.166642284402874,-1.27422646991664,0.202583166834773,0.864672698897356
"K03563",435.383102857117,-0.221305764771004,0.198717122944023,-1.11367234736659,0.265419776552225,0.906750653765962
"K03564",1496.986807909,-0.0687393894693968,0.161751064226195,-0.42497024547097,0.670858365445317,0.995572273711889
"K03565",212.331911985149,-0.150004130683137,0.298023585159906,-0.503329730103918,0.614732467354364,0.992927693570313
"K03566",355.893440151068,-0.0973336203150234,0.266391043037139,-0.365378727472656,0.714828718226997,0.997370795218308
"K03567",70.3648326366464,0.728045455725049,0.489338695077903,1.487815010438,0.136799685989184,0.807360367143472
"K03568",1778.8375477041,-0.00419622444716312,0.166573409845782,-0.0251914423259277,0.979902262826299,0.998573809130236
"K03569",7002.35864560238,-0.0306268716233465,0.117808889541968,-0.259970803072853,0.794886295220423,0.997370795218308
"K03570",1007.20190486019,-0.0358916296750852,0.156770029229972,-0.228944459928846,0.818912084116413,0.997370795218308
"K03571",465.706788762938,0.0315658888992077,0.196365066698204,0.160751041058243,0.872289487195793,0.997370795218308
"K03572",325.760849835162,-0.0104492214710096,0.24419009745271,-0.0427913399438044,0.965867867391545,0.997942587160163
"K03574",508.992636115165,0.105507406309355,0.172584137741401,0.611338954379723,0.540975207257724,0.984845345729267
"K03575",434.197835961003,0.397286160871704,0.236965837210806,1.67655458503192,0.0936296138265113,0.75200560627888
"K03576",21.1816138613111,0.148730649088354,0.660341779482691,0.22523283201143,0.821798149306601,0.997370795218308
"K03577",15.7315129487083,0.265705407931992,0.858469374171747,0.309510642925783,0.756933117481948,0.997370795218308
"K03578",355.752928054312,-0.175654991465935,0.265598292806351,-0.661355875483754,0.50838411608049,0.979329538491088
"K03579",63.2200153889159,-0.618338690103076,0.460542499043838,-1.3426311174036,0.17939144921874,0.848637748318353
"K03580",285.012982615996,0.265549226645321,0.269192738842742,0.986465042805077,0.323904961146331,0.931476967602338
"K03581",550.789583676527,0.344463635973349,0.222716121941678,1.54664885941015,0.121947941144442,0.782793375684956
"K03582",95.7270276603999,-0.28610872267541,0.39582875093028,-0.722809351273738,0.469797021375489,0.9731410869362
"K03583",139.517171779263,-0.350516066412633,0.459779388502551,-0.76235706771072,0.445846922384304,0.9731410869362
"K03584",1081.35611369971,0.33344811410673,0.159806647828601,2.08657223361801,0.036926819384303,0.562734659777585
"K03585",817.811281471641,-0.0724379500167673,0.144145195718408,-0.50253461210235,0.615291511686745,0.992927693570313
"K03586",194.422576357232,-0.306375859762551,0.309209832744047,-0.990834790225311,0.321766258276753,0.931476967602338
"K03587",1185.94070412121,-0.162183443569766,0.146190138325407,-1.1094007121654,0.267257355292323,0.908595789052828
"K03588",927.580451164949,0.0592335586147876,0.188142860848908,0.31483287937434,0.752888546118167,0.997370795218308
"K03589",461.828479564567,-0.127192221528202,0.166523263191185,-0.76381052767488,0.444980162191217,0.9731410869362
"K03590",902.951710266856,-0.200051398502813,0.162389940030274,-1.23191989888979,0.217979007368412,0.883664559728345
"K03591",2.35284485225039,-0.525640954893349,2.82304366373684,-0.186196537320844,0.85229063929654,0.997370795218308
"K03592",331.235339916288,0.0906026031863304,0.195508578503339,0.463420090718847,0.643063280617326,0.992927693570313
"K03593",4903.43496581744,-0.0015212735921422,0.14821053895947,-0.010264274071348,0.991810437993199,0.998573809130236
"K03594",1623.68452210933,0.0140998809409635,0.128153117151739,0.110023706440699,0.912390574027153,0.997370795218308
"K03595",2585.6142753868,0.528187342260729,0.168955733654014,3.12618773472552,0.00177088462536123,0.135972154119082
"K03596",1916.75289567517,0.0593527479115166,0.119800326406279,0.495430602669925,0.620296197220332,0.992927693570313
"K03597",101.759551663511,0.719980627295098,0.410095111118253,1.75564303932287,0.0791493784240158,0.713098553777597
"K03598",93.5877511700253,-0.55941448163497,0.343355655590893,-1.6292566396562,0.103258701144016,0.757863187685676
"K03599",485.911644910918,0.00124080585300888,0.27822896596212,0.00445965734990301,0.99644172004888,0.998573809130236
"K03600",277.558640919313,0.370236534017618,0.282000545060306,1.31289297309139,0.189219015042576,0.84886343152808
"K03601",619.049969200064,0.0389712538970266,0.183324083823665,0.212581200921272,0.831653635790033,0.997370795218308
"K03602",252.749776388063,0.187395123708144,0.225609861324955,0.830615836593381,0.406190685436352,0.967424176194844
"K03605",32.8623762500852,0.0394469712039419,0.710937711111539,0.055485833129132,0.955751416088303,0.997942587160163
"K03606",24.5018685772233,0.56323545149747,0.955614180047245,0.589396289064719,0.555595465321985,0.988149645670342
"K03607",120.658486239748,0.108541511414382,0.347465208091769,0.312380948902702,0.754751027053379,0.997370795218308
"K03608",199.227858429256,0.301539006344794,0.26181145418943,1.15174107748021,0.249427487062334,0.897595428587345
"K03609",989.594515539161,0.166099628872998,0.151721395545768,1.09476734164954,0.273618577520263,0.912243138973363
"K03610",283.863724217195,0.265534937299128,0.193604229880575,1.37153479272081,0.170208305211264,0.831694303422829
"K03611",73.1133328329576,0.507060119444268,0.461399938675016,1.09896009284347,0.271785473131327,0.910869165407675
"K03615",131.326282224792,0.0709473536925104,0.445027295521529,0.15942247679295,0.873336031450046,0.997370795218308
"K03616",31.0373916440214,-0.119755222477307,0.903012056738617,-0.132617523302871,0.894495873242719,0.997370795218308
"K03620",70.6926886577871,-0.271536640427169,0.459721547961188,-0.590654585653866,0.554751882768051,0.988149645670342
"K03621",1639.39685636958,0.0239644463152026,0.156797111603675,0.15283729445078,0.878526586509321,0.997370795218308
"K03622",481.965765627298,-0.128804799702248,0.58488104129174,-0.220223926933546,0.825696763021419,0.997370795218308
"K03623",96.3485202085595,0.2450469356629,0.420068202337974,0.583350356677895,0.559657469632185,0.988149645670342
"K03624",2749.86809996435,-0.0917226803650113,0.195116082829934,-0.470092875147347,0.638288664303988,0.992927693570313
"K03625",594.015643472259,-0.212628909384925,0.166998177774631,-1.2732408953101,0.202932572898912,0.864672698897356
"K03626",30.3373941378629,-0.146774834047524,1.0891851126935,-0.13475655546242,0.892804356152614,0.997370795218308
"K03627",247.909183904779,1.20802319225861,0.47036532564692,2.56826582741223,0.0102208743223358,0.342101400711518
"K03628",11028.6903041534,-0.024513158420228,0.109615771325836,-0.223628024724306,0.823046755290235,0.997370795218308
"K03629",608.832572882658,0.126704061742347,0.190537952207819,0.664980704758241,0.506062834495109,0.979329538491088
"K03630",307.676895028357,-0.218258467454306,0.276679791004093,-0.788848606044657,0.430200496863009,0.9731410869362
"K03631",844.902235187217,-0.219021000095131,0.18164775956873,-1.20574567291737,0.227915568634678,0.888188252939584
"K03632",0.349143344198607,0.780914431248397,3.52788830258223,0.22135463605149,0.824816311475564,NA
"K03633",4.57661421850319,-3.04680832211512,2.31164817949396,-1.31802423445859,0.187495535410609,0.848827148219077
"K03634",830.430944307782,0.125856166950699,0.216821059799701,0.580460989661082,0.561603786428051,0.988149645670342
"K03635",473.227904107175,0.037305697605934,0.207176784083878,0.180066978889055,0.857099985869893,0.997370795218308
"K03636",1652.40413249412,-0.00887670746002433,0.149044957850461,-0.059557247612029,0.952508269353177,0.997942587160163
"K03637",473.608135411616,0.209602413925959,0.189216168231071,1.10774050592755,0.267973900535039,0.908736816700217
"K03638",109.553457777344,0.201772502080628,0.36873609707117,0.547200297674367,0.584241131700731,0.992186816903
"K03639",2604.05047297771,-0.0468425140767895,0.160362344239421,-0.292104198769093,0.770206956468291,0.997370795218308
"K03640",1701.22290515934,-0.0670837266125636,0.150737922362166,-0.445035499768844,0.656294099742188,0.992927693570313
"K03641",2388.74171369236,-0.0186605122393291,0.169511227953731,-0.110084225479285,0.912342578361286,0.997370795218308
"K03642",1235.77068788713,-0.0268742542568066,0.142320379177696,-0.188829276679009,0.850226625135157,0.997370795218308
"K03643",148.658433765833,-0.495339294579746,0.255587551775678,-1.93804154833992,0.0526181537431267,0.643122699525686
"K03644",2895.68017987899,0.00556665315537624,0.113332224958113,0.0491180082049359,0.96082525225607,0.997942587160163
"K03646",52.9850683978909,-0.227390859066383,0.627466476968208,-0.36239523131991,0.717056702531009,0.997370795218308
"K03647",67.3291746415454,-0.605777865708563,0.489059527595703,-1.23865875527805,0.215471899069349,0.883664559728345
"K03648",124.165413427248,0.399377671432594,0.301302563308897,1.32550372969496,0.18500413321065,0.848827148219077
"K03649",59.4400291013447,-0.361886442267504,0.566522235380939,-0.638785946370075,0.522962191949865,0.981529085845934
"K03650",192.633164946133,0.563449649094584,0.233644142185869,2.41157190513404,0.0158839194391334,0.420923865137035
"K03651",590.543247757051,-0.286027976949189,0.189327920056749,-1.51075434021277,0.130851051877913,0.800641307192464
"K03652",232.276731883683,-0.334421322830411,0.278280340326544,-1.20174253933278,0.229463294177014,0.888188252939584
"K03653",13.1259690479835,-0.467147948835037,1.5074161393209,-0.309899792532067,0.756637160579946,0.997370795218308
"K03654",419.74688475935,0.203828749104065,0.252790288760168,0.806315583180671,0.420060907501704,0.971957982310591
"K03655",715.491257328847,-0.0842712896126632,0.174473022779785,-0.483004697631841,0.629092400724843,0.992927693570313
"K03656",63.2894624881603,0.829465222825213,0.514071484151484,1.61352117049307,0.106631327611625,0.759017135201614
"K03657",3562.18935319442,-0.0174073451856088,0.102725884145675,-0.169454323322479,0.865439297424758,0.997370795218308
"K03660",15.1161623837772,-0.706570672968175,0.841968660003535,-0.839188804207045,0.401363368906787,0.967424176194844
"K03664",1101.43826121163,-0.0668140977088109,0.134198099390807,-0.497876631726633,0.618570998975734,0.992927693570313
"K03665",3450.16521742265,0.0371109856354421,0.115760030387398,0.320585486296504,0.748524537795509,0.997370795218308
"K03666",2552.04871186869,0.135593561532258,0.161649567228905,0.83881178191,0.401574938127319,0.967424176194844
"K03667",1247.57743405028,0.411983363386454,0.136309790045478,3.02240479754977,0.00250774950786525,0.161493675296828
"K03668",162.063429882789,-0.416470465401825,0.305905127733712,-1.3614366927656,0.173375727099717,0.837701380587708
"K03669",218.7112681075,0.045184331192663,0.275198250720244,0.1641882936189,0.869582916386168,0.997370795218308
"K03670",225.216784233432,0.213937963264523,0.243697045198467,0.877884929176272,0.380006168638353,0.96230737588799
"K03671",7887.22366108099,0.0716794584622312,0.148568003744622,0.4824690152359,0.629472804267066,0.992927693570313
"K03672",78.0771223525894,0.0108621113894262,0.411225013989622,0.0264140337282604,0.978927100759287,0.998573809130236
"K03673",1093.91612205869,-0.0290557266738803,0.224554205515969,-0.1293929303489,0.897046741420936,0.997370795218308
"K03676",127.611725063367,0.236637941265225,0.358988570969382,0.659179596236807,0.509780447587977,0.979329538491088
"K03679",182.322557210702,0.473855679699632,1.3313889647127,0.355910776083294,0.721907385395994,0.997370795218308
"K03683",5.38479263026123,0.726810522201332,1.86073366552488,0.390604273823524,0.696089766080318,0.997370795218308
"K03684",608.030883053391,-0.580268530116958,0.184186137243739,-3.15044627571005,0.00163021235860922,0.132010234746653
"K03685",971.39257200594,-0.148605518409404,0.179158192344846,-0.829465381763652,0.406841117965494,0.967424176194844
"K03686",1898.0062962281,0.003583653953314,0.16908215261247,0.021194749995451,0.983090302239851,0.998573809130236
"K03687",1926.2452141477,0.254151874169631,0.138427049767975,1.83599863318353,0.0663578588008023,0.673390891931288
"K03688",545.516289010031,0.168930837484043,0.196421848906695,0.860040970107603,0.389766458683002,0.96389527995257
"K03690",34.7397432257914,0.00918872980437876,0.690441395260612,0.013308486234245,0.989381677752414,0.998573809130236
"K03693",169.539463720342,0.705179706837831,0.435735167373732,1.61836766834336,0.10558338545286,0.759017135201614
"K03694",4101.4281624141,0.126411910824386,0.137139664354299,0.921774976040494,0.356645962791766,0.949760216259208
"K03695",2795.46635759783,0.315877247239821,0.182040571610825,1.73520245758796,0.0827049513609026,0.725212230893771
"K03696",9148.52703308515,0.0706503803417875,0.156082535131371,0.452647570609502,0.650802538395431,0.992927693570313
"K03698",415.518651528791,-0.180034148308323,0.220323707685722,-0.817134706924642,0.413851450744207,0.968959956833116
"K03699",2244.17865363036,0.047315589867602,0.133609235346199,0.354134126619325,0.723238367812816,0.997370795218308
"K03700",45.1568699880418,0.140794639947192,0.58039717497862,0.242583261974661,0.808328248975551,0.997370795218308
"K03701",9382.59794230442,0.0168471711756195,0.109769148709209,0.153478198325556,0.87802118182304,0.997370795218308
"K03702",5733.3908095438,0.0288354617816602,0.126132414274927,0.228612620692477,0.819170014432715,0.997370795218308
"K03703",1966.56330709731,-0.0506598064491379,0.125320118202346,-0.404243206723927,0.686033884227334,0.997370795218308
"K03704",38647.9650849702,0.168922963472781,0.182152817548579,0.927369478804413,0.353734731772258,0.947770244518839
"K03705",2429.77359058753,0.116655440690334,0.139260109546733,0.837680230685062,0.402210319359073,0.967424176194844
"K03706",308.189298853808,1.04812952745498,0.273762110511118,3.82861428668163,0.000128866786610041,0.0316473071749629
"K03707",96.9302450607161,-0.173636227190766,0.372241217967705,-0.466461581387344,0.64088514105332,0.992927693570313
"K03708",42.0909622993414,1.0443321025613,0.872650957937936,1.19673518153127,0.231409789672676,0.888188252939584
"K03709",514.372022670892,-0.146001569497923,0.196061123375023,-0.744673737376552,0.456468979422357,0.9731410869362
"K03710",561.836051476827,0.136361174454977,0.173128784547821,0.787628555304228,0.430914006769525,0.9731410869362
"K03711",779.056491200527,0.268286911168508,0.16393435094447,1.63655090969547,0.101724340022814,0.755548259580255
"K03712",1.52735972132398,1.29904785487447,3.17250372805453,0.409470867878564,0.682194141551521,0.997370795218308
"K03715",12.6727934802667,1.54996557652583,1.15527415016317,1.34164308645434,0.179711748784918,0.848812037439173
"K03716",54.7907175963365,0.665733694856285,0.499691209837984,1.33229018591729,0.18276485082936,0.848827148219077
"K03717",43.8676663050674,1.11522079226354,0.630889583437319,1.76769568168712,0.0771117923087027,0.711713759049777
"K03718",306.485630538603,-0.162488894161281,0.228211353065487,-0.712010563798085,0.476458234525913,0.974469580961331
"K03719",541.358649760342,0.158006705985203,0.215706270249838,0.732508636870845,0.463858173048637,0.9731410869362
"K03722",760.271777219081,0.0903144740001552,0.159644616947225,0.565722012600095,0.571582768814261,0.990848007156586
"K03723",2355.85972578764,-0.0658896072676643,0.147752765704262,-0.445945001121313,0.65563697470015,0.992927693570313
"K03724",2140.20078325632,-0.154717453421449,0.182605008807247,-0.847279351382766,0.396839433097942,0.966076934033148
"K03726",32.3930930389472,0.417226031585589,0.759440837291222,0.54938582585808,0.582740699202976,0.992186816903
"K03727",291.174045731646,-0.274832800973994,0.225292137418715,-1.21989521748469,0.222504599052334,0.88543524499962
"K03732",102.964048747059,-0.283515382216389,0.3977392563185,-0.712817197981978,0.475958882091953,0.974469580961331
"K03733",389.086833930798,-0.219554220872698,0.185040852028954,-1.18651756336673,0.235417969659883,0.888188252939584
"K03734",239.311308534192,-0.878879931964828,0.440480080765501,-1.99527735837099,0.0460126379180151,0.612377085535539
"K03735",178.645107666714,-0.13843493492446,0.268419253315268,-0.515741450043688,0.606035000483852,0.992927693570313
"K03736",38.8000120119738,0.171225188482741,0.600493862168738,0.285140613867968,0.775536415628863,0.997370795218308
"K03737",771.94980132273,1.11972075792139,0.566517482947575,1.97649815164663,0.0480983848806747,0.626220058805132
"K03738",1206.32277123359,0.502145427371811,0.194807044396487,2.57765538678265,0.00994731464533078,0.33657891192591
"K03739",5.99276087398866,1.4372678439121,1.44768505813756,0.992804226190697,0.320805369999894,0.931476967602338
"K03741",172.881191917597,0.0556202794864682,0.242433019572448,0.229425346368079,0.81853833792761,0.997370795218308
"K03742",310.714288523694,0.232070298540811,0.276357698895162,0.839746095254789,0.401050762949577,0.967424176194844
"K03743",150.464198244259,-0.0801851568441446,0.272321311195593,-0.294450538931755,0.76841365311701,0.997370795218308
"K03744",1726.68170390115,0.000369915159420726,0.126514211093166,0.00292390203617773,0.997667067032154,0.998573809130236
"K03745",20.0255991009037,0.0931419004844168,1.03166949417634,0.0902826932561182,0.928062572762692,0.997370795218308
"K03746",197.430823408699,-0.0474517656058324,0.326179705066173,-0.145477369894015,0.884333981872278,0.997370795218308
"K03747",280.085898983361,0.0287110147846464,0.304288410053618,0.0943546117303228,0.92482746948168,0.997370795218308
"K03748",21.6101361719334,-0.824497641373714,0.652929116200085,-1.26276745961663,0.206672762276788,0.874744292067623
"K03749",60.9904436682531,-0.195150004915926,0.477428916493363,-0.408751959033548,0.682721698661351,0.997370795218308
"K03750",908.416800951343,0.0592222346332801,0.164801112215635,0.35935579461254,0.719328939850151,0.997370795218308
"K03752",244.00088664988,-0.0126995141290052,0.280623300500486,-0.0452546674005897,0.963904320564983,0.997942587160163
"K03753",109.00073849664,0.193432642249929,0.408117108174357,0.47396357166995,0.635525884602334,0.992927693570313
"K03756",71.7440898060567,-0.319390076005765,0.412197131581697,-0.774847885962211,0.438429549485705,0.9731410869362
"K03758",87.0882932537433,0.70651263299658,0.545953158962815,1.29409020059302,0.195634266009069,0.854597825768282
"K03759",3.10981837214797,3.45271654082586,2.25356782141705,1.5321112184921,0.125494991838019,0.790776399829564
"K03760",38.1266254755779,0.458713777479431,0.596962950564702,0.768412473580658,0.442242172110064,0.9731410869362
"K03761",307.111701081355,-0.125773100179428,0.276259504526854,-0.455271576609964,0.64891387207354,0.992927693570313
"K03762",519.913184933779,-0.465941521806059,0.236035940119016,-1.97402786021111,0.0483785751278387,0.627849597453751
"K03763",108.339229053575,1.13978929166527,0.446013773313197,2.55550245275699,0.0106034613795385,0.345131142402478
"K03765",3.26487108151416,0.906174142805567,2.06561254856145,0.438695119003152,0.66088246426692,0.992927693570313
"K03767",137.265868173468,-0.265630994391848,0.29066963327472,-0.91385877292793,0.360791059062899,0.950060596598327
"K03768",777.709324965563,-0.0853487019255235,0.197790504589071,-0.431510613226068,0.666097137271074,0.992927693570313
"K03769",784.772443616741,-0.0411185223282357,0.206689476789156,-0.198938634743271,0.842310747332345,0.997370795218308
"K03770",1637.37236939238,0.0141998158167055,0.150435330308399,0.0943914955854803,0.924798171183364,0.997370795218308
"K03771",455.017858386728,-0.027696044787912,0.270954374541016,-0.102216636416473,0.918584722969435,0.997370795218308
"K03773",241.640858617212,0.439354137133278,0.320503929543887,1.37082293424149,0.170430159776307,0.831694303422829
"K03774",22.2053854582718,-0.712690030174701,0.681216923755644,-1.04620129847265,0.29546810354366,0.921603082140073
"K03775",259.085768052064,-0.167084029003303,0.301652829460181,-0.553895116125071,0.579650627715607,0.992186816903
"K03778",62.0976633825792,0.432426442431857,0.429184813646943,1.00755299041774,0.313669106469186,0.92871793789011
"K03779",8.3352942065234,-1.20510088291506,1.39603141854638,-0.863233353422573,0.388009178967378,0.96389527995257
"K03780",7.2263666895409,-0.548732473926597,1.45515826208931,-0.37709470387003,0.706103226881998,0.997370795218308
"K03781",3230.54323227159,0.0648561330123829,0.135530236154381,0.478536265062696,0.632268569145939,0.992927693570313
"K03782",5182.16111122025,-0.0783884255681524,0.126820222052483,-0.618106673364064,0.536505023614097,0.984070334914601
"K03783",432.519483269715,-0.209744054765486,0.190137951044548,-1.10311515198954,0.269977161625467,0.909608702338379
"K03784",339.070655944777,0.368017897376701,0.20677050711433,1.77983747543459,0.0751025625920741,0.702795699006143
"K03785",17.5160380065341,0.512153054563774,0.881213086935487,0.5811909311797,0.561111779078769,0.988149645670342
"K03786",538.229958510382,-0.0715915765906483,0.17148999700993,-0.417467944713434,0.676336166189752,0.997370795218308
"K03787",728.188153042116,-0.100407716565792,0.158271719779392,-0.634400868997608,0.525819242618384,0.982800269557903
"K03789",566.820108180135,-0.145387557121201,0.198443188789232,-0.732640701896892,0.463777599513552,0.9731410869362
"K03790",185.004833731799,0.258324946159502,0.264988922062129,0.97485186984132,0.329633743372779,0.938294140041367
"K03791",62.5368547066687,-0.119993768962376,0.502630021814925,-0.238731798250123,0.811313558115387,0.997370795218308
"K03793",49.5746731409936,-0.0718279341337868,0.425264256424452,-0.168901884060757,0.865873817224821,0.997370795218308
"K03794",5.46290316989488,-0.809766921082178,1.56340682796934,-0.517950226771081,0.60449299700176,0.992927693570313
"K03795",266.805648626684,-0.172931927607849,0.228317484615983,-0.757418679076249,0.448799068841942,0.9731410869362
"K03797",8525.46959223346,0.0102243201085825,0.124400428721968,0.08218878514827,0.934496591428478,0.997370795218308
"K03798",11522.4399131423,0.0131570241875086,0.123039093847663,0.106933688928159,0.914841586512838,0.997370795218308
"K03799",3441.79437946158,-0.0524366084228318,0.150680167215918,-0.347999404246031,0.727840630908434,0.997370795218308
"K03800",42.0035188973901,-0.624891205377049,0.598714114608361,-1.04372218748477,0.296613941457714,0.921603082140073
"K03801",524.393388758853,-0.38438938055424,0.169006626526433,-2.27440419618174,0.0229416953894136,0.496020988040427
"K03802",687.984935831929,-0.0670510242500542,0.146404588464143,-0.457984445388311,0.646963616359849,0.992927693570313
"K03805",20.2615689966092,0.187459426257659,0.957811033007262,0.195716503357754,0.844832066410808,0.997370795218308
"K03806",31.7166824150634,0.620424573912776,0.621702238646098,0.997944892821836,0.318306081362934,0.92871793789011
"K03807",2.34254368864565,-1.77638948809752,2.57056717134316,-0.691049628230228,0.489534353751344,0.977192332550331
"K03808",46.995334890615,0.0352110162563205,0.565817128844856,0.0622303823290141,0.950379367771336,0.997942587160163
"K03809",331.23301267638,0.0470225637898356,0.250497736090839,0.187716522007942,0.851098877822447,0.997370795218308
"K03810",32.590552581402,-0.737217043714618,0.728030452385213,-1.01261841630293,0.311242459823567,0.92871793789011
"K03811",96.6909421524082,-0.274261396927689,0.333886546114698,-0.821420929112472,0.411406546250696,0.968959956833116
"K03812",82.3665698652071,-0.0769468041222358,0.517354634918504,-0.148731254982101,0.881765697618306,0.997370795218308
"K03814",107.686410230937,0.190973486900831,0.366011501152869,0.521769087308184,0.601831115346736,0.992927693570313
"K03816",1.45985772711785,1.20265607200934,3.23435661433799,0.371837807456956,0.710013612474408,NA
"K03817",20.5209198427459,-0.945985221062306,0.687930414712683,-1.3751176003134,0.169094988668316,0.831694303422829
"K03818",13.3684443726078,-1.89971430430843,1.12498575609115,-1.68865631766675,0.0912853113550185,0.749263962924255
"K03820",453.710259967731,-0.276242790974306,0.226122045269813,-1.22165351301634,0.221838682839585,0.88506594528464
"K03821",6561.48981313893,0.227689732765262,0.120464002723766,1.89010598699243,0.0587437865689246,0.663242882944981
"K03822",16.5187290626552,-0.257922560377197,1.30627494431483,-0.197448907291477,0.843476260361025,0.997370795218308
"K03823",3.88396366758434,0.345816941725623,2.17836330145267,0.158750811444083,0.873865204006632,0.997370795218308
"K03824",78.0345969489069,-0.396592926055231,0.400225082398588,-0.990924715858415,0.321722342644926,0.931476967602338
"K03825",13.4645234821888,0.0681519287420583,1.29965003315786,0.0524386773387483,0.958179156436595,0.997942587160163
"K03827",6.51230789619879,-1.54756424373483,1.36278453314335,-1.13558982076592,0.25612827101003,0.899605882022776
"K03828",91.1661002529782,-0.438173521724123,0.435784117102228,-1.00548300070637,0.314664330957283,0.92871793789011
"K03829",105.415023111275,-0.411422736713503,0.389623124761908,-1.05595050849437,0.290990826570682,0.921603082140073
"K03830",27.9190659070659,0.365654787603812,0.56275254688285,0.649761230987252,0.515846465162168,0.979746666549689
"K03831",58.832935553289,-0.14527072086434,0.474479715610365,-0.306168453750368,0.759476390054929,0.997370795218308
"K03832",3925.16890777595,-0.0510447801216587,0.156831673611725,-0.325474943588452,0.744821643301903,0.997370795218308
"K03833",200.242570109022,-0.192026240602801,0.298048282408261,-0.644278970679545,0.519394549712916,0.98022172454027
"K03839",10.0558475473649,-2.42180476136213,1.67610664926911,-1.44489896416686,0.148486267332026,0.815874091147702
"K03841",263.080278160775,0.220179410172284,0.26976287818192,0.81619610398656,0.414387984767144,0.969222258645634
"K03842",17.0514764208162,-0.438376319507433,1.07350816977591,-0.408358624414515,0.683010405168616,0.997370795218308
"K03844",7.87335615274794,0.760154542690359,1.4220135033245,0.53456211274591,0.592952688231657,0.992927693570313
"K03851",650.625450422805,1.37717371519957,0.61245620025319,2.24860767942303,0.0245374674073581,0.513828294764572
"K03852",60.778291050516,-0.328664534038914,0.471142322566883,-0.697590766731123,0.485433157545284,0.975590329039834
"K03855",191.317096812641,0.475511285347587,0.400043250022339,1.18864969055479,0.234577545488963,0.888188252939584
"K03856",830.4478954135,-0.164327818574824,0.167214494761282,-0.982736686848957,0.325737049644969,0.933687465629213
"K03862",110.726752002296,0.228496321009482,0.389184941918966,0.587115009853229,0.557126467431118,0.988149645670342
"K03863",51.4354444970906,0.471661383638551,0.453738572644879,1.03950030276068,0.298572117330792,0.921603082140073
"K03879",809.703103420909,0.553222853540532,0.88156925198661,0.627543272742156,0.530303180138548,0.984070334914601
"K03880",5.72495168787169,6.01489118879073,2.05543497238138,2.92633494594189,0.00342981448651725,0.188450999630751
"K03881",145.928040042744,-0.691478623178462,0.524598503177018,-1.31811017185677,0.187466769898463,0.848827148219077
"K03882",83.7220127988797,1.22197355856726,0.677159408444688,1.80455819313493,0.0711438451481866,0.688718930590573
"K03883",795.61490652148,0.812211430359358,0.561452996039742,1.44662409157732,0.148002234967816,0.815874091147702
"K03884",127.912261378393,9.77091327429157,2.58352463104027,3.78200894889756,0.000155567768101923,0.0344535921660605
"K03885",3729.07899353594,0.0651445907483701,0.142232505092737,0.458014788573789,0.646941816603701,0.992927693570313
"K03886",695.416876562391,0.147799342139624,0.198408460326931,0.744924595937517,0.456317305188131,0.9731410869362
"K03887",1221.77157166033,-0.152846072016658,0.143561798503149,-1.06467091949468,0.287024874258611,0.919823007337143
"K03888",865.224067109416,0.130853425445372,0.177168920010549,0.738580025421956,0.460162057020636,0.9731410869362
"K03889",1242.28635350274,-0.0133975480417409,0.132068427046246,-0.101443988857757,0.919198018497802,0.997370795218308
"K03890",1989.58754059917,-0.0234739891975908,0.126360010022687,-0.185770713324384,0.852624572102396,0.997370795218308
"K03891",4305.3399278744,-0.178344313925176,0.114128292282669,-1.56266522838579,0.118131357111317,0.775828076343312
"K03892",701.321297276577,0.0986845803803546,0.155999088684044,0.632597159463076,0.526996742518947,0.983668472177992
"K03893",17627.4739913802,0.397594702763233,0.48085613570973,0.826847518907904,0.408323492601157,0.967424176194844
"K03897",25.7040028077802,1.61724912260934,0.978123899345521,1.65341949388157,0.0982455181841506,0.755548259580255
"K03918",561.430285370107,0.274775367936247,0.297884179573467,0.922423501408135,0.356307715837676,0.949760216259208
"K03919",27.4597670519537,-0.0625999193664427,0.652576471527735,-0.0959273312748944,0.923578287455779,0.997370795218308
"K03921",652.794939021954,0.0456069178421741,0.169310164530421,0.269369048034796,0.787645702244507,0.997370795218308
"K03922",0.932363302074486,0.159970166010171,3.39290935751811,0.0471483759669866,0.962394971735815,NA
"K03924",10051.4750421948,-0.124663565867912,0.114040669883408,-1.09315006651017,0.274327916729175,0.912243138973363
"K03925",1995.94475822078,-0.02240578064556,0.167155260560682,-0.134041732042445,0.893369574780692,0.997370795218308
"K03926",162.08269974525,0.107156279476979,0.26478183921753,0.404696484447882,0.685700626639833,0.997370795218308
"K03928",562.01234999621,0.153462125449981,0.221548321145636,0.692680155085002,0.488510295652836,0.976448241133994
"K03929",233.268298702294,-0.312163448142055,0.232136994207747,-1.34473804663245,0.178709843413185,0.847421419003616
"K03930",54.6060529825434,0.21493961416783,0.393264556857165,0.546552213821538,0.584686406628244,0.992186816903
"K03932",738.75761537777,-0.378251821302861,0.290350427065572,-1.30274243136359,0.192662710660252,0.852018336726716
"K03933",76.4157045974478,-0.172315446063027,0.529843052236213,-0.325219789776927,0.745014732014912,0.997370795218308
"K03934",10.7464831142945,-0.86850877465149,1.09488730413347,-0.793240337496521,0.427637810097439,0.9731410869362
"K03937",94.7721049117871,-0.191006439805489,0.350710600356433,-0.544626936315486,0.586010124918293,0.99260501002599
"K03939",11.4425446340309,-1.83839647352698,1.27609959654769,-1.44063714031452,0.149687222054603,0.815874091147702
"K03942",0.568486132026317,-0.406445346548072,3.48781255395817,-0.116533024713961,0.907230114447781,NA
"K03953",156.500086634635,-0.554942610635907,0.287022196304703,-1.93344841542074,0.0531809819079769,0.646247769384763
"K03969",3536.88489730082,-0.642855303395742,0.234335717022236,-2.74330909331565,0.00608234033642416,0.258348484218754
"K03970",20.0187622439486,-0.330886583477592,0.679291585357765,-0.487105376556847,0.626183656446695,0.992927693570313
"K03972",390.562953280028,-0.142174545564723,0.28986535259614,-0.490484786440864,0.623790892709932,0.992927693570313
"K03973",1631.76408066241,-0.214635246297314,0.15632689778895,-1.37298986503963,0.169755497454389,0.831694303422829
"K03974",21.1111504791422,0.00636293306371697,0.801704184490655,0.00793675920222311,0.993667448853304,0.998573809130236
"K03975",1653.64958255427,-0.160725770264877,0.132228662608635,-1.21551384619677,0.224170171080544,0.886760339895229
"K03976",170.45907038961,-0.0922330986271672,0.398004500262714,-0.231738833521446,0.816740867492758,0.997370795218308
"K03977",1193.68927028836,-0.104925110487262,0.145307965213832,-0.72208781076011,0.470240491833922,0.9731410869362
"K03978",500.404166940906,0.072179630089837,0.181806537514233,0.39701339168943,0.691357585315406,0.997370795218308
"K03979",1332.28729287349,0.120670493057068,0.137952755426915,0.874723325994003,0.381724465019305,0.963622578411872
"K03980",654.094640570671,0.0338934094418049,0.182614321607774,0.185601047844443,0.85275763178334,0.997370795218308
"K03981",166.198992677173,-0.203150715626313,0.273611234044838,-0.742479439250735,0.457796904618496,0.9731410869362
"K04019",96.9400968723821,0.0296274965957373,0.392304763035686,0.0755216336566434,0.939799685518097,0.997774305289909
"K04026",11.8421129017792,0.00497989271972369,1.1212233375066,0.00444148150786627,0.996456222128994,0.998573809130236
"K04027",281.429533476997,0.0989842878200954,0.217790228926468,0.454493703909533,0.649473522531046,0.992927693570313
"K04028",170.774410563807,-0.483859097530708,0.30532480700154,-1.58473562067384,0.113026415083705,0.764012641011636
"K04029",9.0829063926353,-0.465309290343481,1.4234167689985,-0.326896029664499,0.743746524135529,0.997370795218308
"K04030",11.489128544236,-0.431680905086071,1.20625072123818,-0.35786996640546,0.720440627538033,0.997370795218308
"K04031",1.39316358523536,-3.05040424519545,2.87218516790028,-1.06204999569212,0.288212989006505,NA
"K04033",108.433156542731,-0.0116120756342264,0.359093594281294,-0.0323371840076048,0.974203156150683,0.998204055121718
"K04034",602.48688779105,0.30911553396431,0.246835993900178,1.25231141974099,0.210456409296961,0.881063355230432
"K04035",117.526207562386,-0.607777579690819,0.380923665953967,-1.59553641323053,0.110592333975165,0.759768797625471
"K04037",42.4045743748878,-0.188195616977067,0.494298367121629,-0.38073283161536,0.703401504343017,0.997370795218308
"K04038",47.3272698889741,-0.27839887232099,0.712559644607122,-0.390702553011528,0.696017111539708,0.997370795218308
"K04039",7.66687553546621,0.823751851721704,1.63352611645757,0.504278348183422,0.614065790376964,0.992927693570313
"K04040",23.511093814955,-1.34897575044527,0.862624467810616,-1.56380418221737,0.117863561838305,0.775828076343312
"K04041",75.8581654597257,0.832433269043568,0.335843496604354,2.47863447546293,0.013188638512992,0.387189980658377
"K04042",1478.12164039933,0.0237403253984626,0.158039086149611,0.150218062992267,0.880592575387988,0.997370795218308
"K04043",11678.0121226481,0.274367862598975,0.14848940040527,1.84772692091252,0.0646418574420691,0.673390891931288
"K04044",189.23711040627,0.519025822179594,0.309379759346739,1.6776334149187,0.0934186853952749,0.75200560627888
"K04045",0.82485538904406,1.32356337397273,3.43886016830633,0.384884324803644,0.700323119971585,NA
"K04046",45.0269950313221,0.174413600645862,0.521193819531035,0.334642495958216,0.737894784180316,0.997370795218308
"K04047",1436.35682701597,0.288936812613432,0.18042238178754,1.60144661516372,0.109278035099275,0.759768797625471
"K04061",5.43983997006296,2.3829649551424,1.34503040672668,1.77168110343444,0.0764475081723377,0.709069107102608
"K04062",470.307288124572,0.433322079136774,0.258789125331466,1.67442151435753,0.094047787460825,0.75200560627888
"K04063",2000.92019579995,-0.135542137524543,0.128533207159364,-1.05453011342422,0.29164028116843,0.921603082140073
"K04065",1380.34405456422,-0.259999634279502,0.172444120931718,-1.50773266652826,0.13162296137722,0.800641307192464
"K04066",720.806508227845,-0.245850312936379,0.209025666380499,-1.17617284610803,0.239525812952277,0.89029641349834
"K04067",128.392992728956,-0.18735246500569,0.452914584534763,-0.413659598085453,0.679123419578298,0.997370795218308
"K04068",1.08640077417879,1.60046291716706,3.41407917549163,0.468783187178603,0.639224618701898,NA
"K04069",1306.98758068353,0.522770030610667,0.162556830989591,3.2159216406239,0.00130026330344146,0.111246813204442
"K04070",54.5207996016319,0.168454346613099,0.481281866827363,0.350011829291552,0.726329820012208,0.997370795218308
"K04072",387.427422596893,1.33855573850181,0.904157158485728,1.48044587817411,0.138754294143915,0.807360367143472
"K04073",126.866287735381,0.544779768797524,0.340556377753752,1.59967572004022,0.10967054087135,0.759768797625471
"K04074",1865.84131406786,-0.235577519267128,0.13784646217983,-1.70898487739062,0.0874537507468031,0.737712356682875
"K04075",994.386140144853,0.308202541416763,0.147437006097132,2.09040151842013,0.036581746616946,0.561764308945871
"K04076",303.094103117561,0.692138585528129,0.275238473077692,2.5146869105496,0.0119138132317988,0.371624101277307
"K04077",136819.854827391,0.061056698000346,0.128929002001537,0.473568375249025,0.635807731625575,0.992927693570313
"K04078",21877.5179697081,0.129267212238215,0.135338130138016,0.95514259068298,0.339505593198176,0.94572046402971
"K04079",1572.73048630201,0.0961872757773796,0.155044436734395,0.620385212157964,0.535004205899227,0.984070334914601
"K04080",3747.01809803856,0.479729567863125,0.198603202778835,2.41551778194309,0.0157128552452812,0.418241289173284
"K04082",63.3226277428932,-0.0379558754482091,0.384273688968197,-0.0987730269801281,0.921318485095528,0.997370795218308
"K04083",261.846643517658,0.199409760961025,0.236440652643987,0.843381875033479,0.399014905413729,0.967406926044586
"K04084",87.6282126871115,0.158438112297075,0.340903223058689,0.464759795684886,0.642103481946006,0.992927693570313
"K04085",234.668382458177,0.0491717168696923,0.277557731475409,0.177158519808874,0.859383876634384,0.997370795218308
"K04087",512.530658232852,-0.151717610384241,0.217881454538942,-0.696330996620571,0.486221565692758,0.975864931948368
"K04088",889.82908558956,-0.0743743845856211,0.159568189510958,-0.46609781569599,0.64114548671595,0.992927693570313
"K04090",1230.26669958955,0.0606414321021262,0.15314203179298,0.395981634774849,0.692118576551417,0.997370795218308
"K04091",96.5801568229782,0.271448690244688,0.340998663208388,0.796040335439096,0.426008591393485,0.9731410869362
"K04092",16.1812768455623,-1.06460261882452,0.798769763011136,-1.33280285274103,0.182596509319888,0.848827148219077
"K04093",29.0242238948469,-0.0794036068677728,0.68779082719286,-0.115447318760923,0.908090574715658,0.997370795218308
"K04094",500.405288673855,0.0798113842435185,0.185561896496072,0.430106534534196,0.667118146848084,0.992927693570313
"K04095",402.458368297126,0.0286226839455147,0.287889236717779,0.0994225566465822,0.920802773877063,0.997370795218308
"K04096",245.395538100358,-0.242526403226042,0.309857819539966,-0.78270221996047,0.43380199830541,0.9731410869362
"K04098",396.343406246633,-0.0641703305073101,0.244838938602039,-0.262092013932525,0.793250503597212,0.997370795218308
"K04099",14.1243000041262,2.52006488615654,1.26905734186757,1.98577700393582,0.0470580902701639,0.620289977883382
"K04100",106.813086984136,-0.260812051246139,0.45678243455635,-0.570976533936672,0.568015549697767,0.989771640133817
"K04101",206.520664462828,0.13770183781965,0.239163839647723,0.575763618875152,0.564774967390932,0.988149645670342
"K04102",267.304965384419,-0.0481153588064283,0.278438817285791,-0.172804062578108,0.862805443611595,0.997370795218308
"K04104",679.526418768522,-0.328613171186294,0.236413119072398,-1.38999549803182,0.164530244434479,0.831694303422829
"K04105",4.48464815211164,0.0971658985414088,1.85488433441844,0.052383804606271,0.95822287845055,0.997942587160163
"K04109",10.0961454392869,1.02556339681965,1.48692718389623,0.689719986241925,0.490370294738464,0.977192332550331
"K04110",54.2040254309685,-0.229512593316062,0.521377680376504,-0.440204101468869,0.659789289436821,0.992927693570313
"K04112",41.2187270346046,1.18673546029311,1.06926545655541,1.10986046824717,0.26705915765169,0.908595789052828
"K04113",107.024648601155,1.49006110788853,0.699754662141588,2.12940504508854,0.0332207634192723,0.552011655672275
"K04114",8.60941240501915,1.16027892368439,1.43928251940486,0.806150917586471,0.420155835561126,0.971957982310591
"K04115",77.7863144032619,1.15067864094989,1.32196512922316,0.870430403581125,0.384065237483483,0.963622578411872
"K04116",19.2413252787232,0.196356706738614,0.921531065671709,0.213076600511007,0.83126721563733,0.997370795218308
"K04117",8.85157768043033,-2.12536665714048,1.23307132873314,-1.72363642525376,0.0847734985035549,0.734518019952762
"K04127",38.0348278710796,-0.525439169732189,0.599058781160617,-0.877107866967916,0.380428052086494,0.962561725367983
"K04335",21.0068490987343,0.895025799915397,1.21946560138,0.733949197831039,0.46297970094098,0.9731410869362
"K04343",58.3149399287755,-0.475401870755526,0.40176086627093,-1.1832956135527,0.23669201063476,0.888188252939584
"K04477",142.148134275577,-0.499540589152881,0.264167411340673,-1.89100005416137,0.0586243369985964,0.663242882944981
"K04479",5.41738287171268,-0.106983187687286,1.81487748952387,-0.0589478839783027,0.952993618434766,0.997942587160163
"K04483",365.577573904291,-0.136041354294393,0.370550991548156,-0.367132614396777,0.713520100575022,0.997370795218308
"K04485",884.023831591616,-0.116870753864285,0.132414518388157,-0.882612837979691,0.377445489836226,0.960336202533726
"K04486",209.440158145595,0.391020476323102,0.258286561579372,1.51390174514728,0.130050761458336,0.800641307192464
"K04487",2339.40495810684,0.138047372440955,0.133042688546451,1.03761712837573,0.299448340388552,0.922416552057102
"K04488",1036.97441287117,-0.00269090464375129,0.181888347521686,-0.0147942662650804,0.988196313939669,0.998573809130236
"K04516",11.2440387314767,-1.43784026736389,1.04982173465084,-1.36960420984436,0.170810484757068,0.831694303422829
"K04517",259.639071801777,-0.11426318505799,0.237144598881003,-0.481829169195315,0.629927306281829,0.992927693570313
"K04518",288.280913109225,-0.385245250882011,0.222869400311576,-1.72856951355112,0.083886169860598,0.731287148901196
"K04561",1612.66542273689,1.09795900571081,0.519678096684779,2.1127675241945,0.0346206705913367,0.55341756161565
"K04562",75.1229790366648,-0.177160432940698,0.383959496575828,-0.461403961929902,0.644508809559791,0.992927693570313
"K04564",9213.68931815219,-0.0267399490304071,0.120316539347677,-0.222246660146508,0.824121872703836,0.997370795218308
"K04565",426.106537181437,-0.175765644458326,0.274363588381634,-0.640630360227828,0.521762869421517,0.981346520689153
"K04566",484.972726414493,-0.170924529998305,0.166568612321626,-1.02615089131119,0.304820465172929,0.923868889060477
"K04567",1725.97109016929,0.0633627006494157,0.135043778335347,0.469201183723328,0.638925839461893,0.992927693570313
"K04568",23.231600322278,-0.0256619876217818,0.766807925442526,-0.0334659916392651,0.973302985372863,0.998142329325159
"K04618",309.228674474109,-0.0941134888654781,0.274980525512046,-0.342255105848779,0.732158917947721,0.997370795218308
"K04651",31.3312063683453,-0.784998430991912,0.63607611895549,-1.23412655749593,0.217155748807809,0.883664559728345
"K04652",227.325885236323,-0.237892126900503,0.261977144668848,-0.90806443135034,0.363844181266472,0.950060596598327
"K04653",140.766990496612,-0.374644746353268,0.323610633625988,-1.15770221193121,0.246985580994508,0.8959963761706
"K04654",338.31724875321,-0.428064283272186,0.227064900433339,-1.88520675126473,0.0594019296952627,0.664835541828556
"K04655",209.844669674103,-0.564777782554696,0.26309023600711,-2.14670749901731,0.0318165753908052,0.550721011605584
"K04656",193.993610161554,-0.574414054271795,0.324259240589298,-1.7714654892421,0.0764833266302028,0.709069107102608
"K04712",42.926606122808,-0.918693672764253,0.523799820318563,-1.75390222968294,0.0794472614874111,0.713098553777597
"K04719",27.8448784006139,0.509869842942879,0.582236279842724,0.875709502473132,0.381187978156186,0.962857360260397
"K04720",43.9646300917008,0.0712914289707794,0.633212808976386,0.112586839621935,0.910358119164967,0.997370795218308
"K04744",1103.1322385169,0.0801616190262665,0.146287735528026,0.547972246182653,0.58371095989485,0.992186816903
"K04748",183.912960211959,0.249216638540166,0.292216317374353,0.852849836653368,0.393742582824822,0.965370132142093
"K04749",5159.23052810068,-0.204455380011167,0.118645563530897,-1.72324504959617,0.0848442202088997,0.734518019952762
"K04750",2667.15116901657,-0.073605398175537,0.160894096102954,-0.457477309350356,0.647328007972363,0.992927693570313
"K04751",780.877826270522,-0.201548530420627,0.274481984766259,-0.734286917198812,0.462773889737266,0.9731410869362
"K04752",502.739443226628,0.114107916462606,0.249936901074888,0.456546896324111,0.64799675589345,0.992927693570313
"K04754",160.79066938901,0.159053283229068,0.309158566756716,0.514471537689041,0.606922354849607,0.992927693570313
"K04755",122.943273531274,-0.273345230494081,0.330414647151097,-0.827279398328495,0.408078717926304,0.967424176194844
"K04756",85.3431115378304,0.153955022150393,0.387879244588081,0.396914824132675,0.691430272170942,0.997370795218308
"K04757",2251.19090643681,-0.39647214466271,0.144012885802502,-2.75303242799,0.00590460472688821,0.254985798280083
"K04758",126.971101294179,1.18699429109823,0.388908560999483,3.05211664162829,0.0022723378186679,0.153409516773134
"K04759",3172.78625263202,0.604636837035592,0.264772743957004,2.28360679426195,0.0223946501270611,0.491287764142743
"K04760",74.8846071493538,0.241663915378496,0.54977180645828,0.439571314024512,0.660247620886226,0.992927693570313
"K04761",137.075218819637,-0.317007939044307,0.303080645324343,-1.04595243521756,0.295582993389975,0.921603082140073
"K04762",90.1801904120007,-0.422653144529954,0.395124485566879,-1.06967085050065,0.28476749153197,0.917896368893027
"K04763",422.227539895421,-0.0373240174384015,0.211538221647666,-0.176441009798067,0.859947488846609,0.997370795218308
"K04764",523.804326168906,0.0709424902241354,0.199745233907474,0.355164870952553,0.722466080267258,0.997370795218308
"K04765",23.2184797086402,-1.01426110298083,0.660216782034716,-1.53625465238098,0.124475936700903,0.788040576006032
"K04767",35.4347064823919,0.0966874362870889,0.610826864267601,0.158289430185786,0.874228736633344,0.997370795218308
"K04768",349.004216593161,0.392627121275733,0.275862230194962,1.42327248278334,0.15465718069535,0.821865000163668
"K04769",412.802272189028,1.28535634621416,0.220464208380118,5.8302268457018,5.5352077159632e-09,8.2875897527259e-06
"K04770",3.1576443703001,-0.670696145710952,2.61535028837348,-0.256446009810819,0.797606464623994,0.997370795218308
"K04771",4668.62309252749,-0.0277657425865807,0.123755361273762,-0.224359917023388,0.822477257246744,0.997370795218308
"K04772",97.348197586041,0.113716725954861,0.350597417277516,0.324351293965319,0.745672089874963,0.997370795218308
"K04773",856.189134070291,-0.020626703887126,0.14783447454246,-0.139525668494879,0.889034773791668,0.997370795218308
"K04774",3.9516401246683,0.937880660721031,1.9225583136135,0.487829499932442,0.625670614214796,0.992927693570313
"K04780",1.76175413181425,-0.961456632782979,3.06474950579741,-0.31371458938626,0.753737819052034,0.997370795218308
"K04782",11.1046383001183,-0.10236130596076,1.79022277498743,-0.0571779710273646,0.954403426019868,0.997942587160163
"K04793",15.6289756520436,-4.7924673316313,2.81802055673521,-1.70065023840123,NA,NA
"K04794",5.49323768800935,0.24943357267982,1.58404155274556,0.157466559035327,0.874877161095998,0.997370795218308
"K04795",17.0696335959776,-0.152602404995535,0.796686021152324,-0.191546482483541,0.84809746689195,0.997370795218308
"K04796",99.8820428439993,0.370589966841189,0.545803478833938,0.678980587725315,0.497150161961963,0.978899117871614
"K04798",85.2790242597046,0.822283279367373,0.43213585151217,1.90283513041087,0.0570620616411154,0.663242882944981
"K04799",17.6483700434515,1.01800703764832,0.773611454464944,1.31591515582251,0.188202521266757,0.848827148219077
"K04801",29.7077777706664,0.578591614913219,0.906496510618696,0.638272302359248,0.523296438655212,0.981529085845934
"K04802",43.3609510872725,0.555326125757787,0.541658694264127,1.02523255259888,0.305253471865935,0.923868889060477
"K04940",64.0909274410892,-0.0173025473470865,0.521274854851371,-0.033192752702449,0.973520877445283,0.998142329325159
"K05020",233.518663923946,-0.405214789281205,0.380897214848321,-1.06384287803881,0.287399883435911,0.919956120736328
"K05030",7.3859990557493,-2.02675767148742,1.77263957695599,-1.14335576043485,0.252890912444981,0.898062916118484
"K05275",1539.12987875652,-0.0272359167075813,0.147531910640853,-0.184610343547191,0.853534672421321,0.997370795218308
"K05296",12.3513050540574,-0.368990770464417,1.05428319621916,-0.349992081622547,0.726344640246402,0.997370795218308
"K05297",15.3405650416348,-0.577295970175393,1.31059239325836,-0.440484755706643,0.659586050873475,0.992927693570313
"K05301",47.0905888131697,-0.535945128035361,0.521984110500357,-1.02674605846071,0.304540055205418,0.923868889060477
"K05303",191.464999744519,-0.100296410087464,0.297424741988292,-0.337216095127056,0.735954005002077,0.997370795218308
"K05304",285.903713181668,0.188322444476915,0.230550269508068,0.816838969126968,0.41402045909767,0.968959956833116
"K05308",54.3164016074796,-0.699286552818954,0.440002210838184,-1.58927963449739,0.111997274496688,0.762217814728028
"K05311",220.911938109433,1.16742735764983,0.392504773816333,2.97430104173996,0.00293656821104129,0.174129772434914
"K05337",1203.96381900695,0.12482337749368,0.227957346251686,0.547573392769115,0.583984863181762,0.992186816903
"K05341",199.406691934962,-0.565400508704727,0.31912051411712,-1.77174604480996,0.0764367226026442,0.709069107102608
"K05342",338.640095902698,-0.133704939048014,0.236428791363442,-0.565518853592077,0.571720904215452,0.990848007156586
"K05343",2016.41009990031,-0.239294559830329,0.130350481157008,-1.8357781091893,0.0663904803178491,0.673390891931288
"K05346",47.813349667207,-0.176833434064106,0.592513749024133,-0.298446127799312,0.765362687296558,0.997370795218308
"K05349",3126.64615439339,-0.252524273451057,0.132369746185681,-1.90771895185801,0.0564275508874452,0.661225808667247
"K05350",436.111623023124,-0.277417535444299,0.220838518675313,-1.25620085258845,0.209043157722692,0.87912635638217
"K05357",101.316172805865,-0.0155877017109115,0.38101934839758,-0.0409105253485612,0.967367226458767,0.997942587160163
"K05359",37.9514774914361,-0.78825406315465,0.59015590377697,-1.33567089325018,0.181656867063731,0.848827148219077
"K05363",4.16473111417915,-1.40696658528081,2.42034760962987,-0.581307651712048,0.561033124508035,0.988149645670342
"K05364",487.147284769515,-0.0387339110702392,0.172047731354677,-0.22513468073804,0.821874502104712,0.997370795218308
"K05365",157.922380759241,0.0300472923237499,0.285071140017554,0.105402785851629,0.916056205589961,0.997370795218308
"K05366",1708.7921068723,0.00523137745564587,0.129018849268081,0.0405473888918034,0.967656727211017,0.997942587160163
"K05367",34.9334632831141,-1.21964745404825,0.641705541345651,-1.90063413117902,0.0573499516820899,0.663242882944981
"K05375",150.283171171828,-0.200771344485066,0.402707160315475,-0.498554195877185,0.618093480157464,0.992927693570313
"K05386",4.74992191842505,0.911593866422013,1.65730124391538,0.550047174446312,0.582287017623506,0.992186816903
"K05499",47.3338497027708,-0.411840079775779,0.647479942331248,-0.636066158733739,0.524733301616621,0.982800269557903
"K05501",77.6041087128133,0.862837301156977,0.394579681765541,2.18672511796914,0.0287625968180383,0.53510136360559
"K05515",1369.26590898341,0.0235264165689716,0.13790725042777,0.17059593673281,0.86454149310731,0.997370795218308
"K05516",401.428482397178,0.570438973059426,0.261497161955402,2.181434661829,0.0291512822310196,0.536174791972217
"K05518",93.9360934935124,-0.338741848202713,0.584623276715582,-0.579419023658735,0.562306470932245,0.988149645670342
"K05519",181.807649633757,0.430055302102759,0.488871110137047,0.87969056298336,0.379026963054818,0.961087265535601
"K05520",1216.54140143947,-0.024643857772924,0.150892095488622,-0.163321065249453,0.870265648910027,0.997370795218308
"K05522",178.875675293128,-0.404750554358498,0.255850759269534,-1.58197910185641,0.113654341333108,0.765398789280195
"K05524",2439.89513791886,0.00246242808292441,0.158787686761388,0.0155076765279964,0.987627160246353,0.998573809130236
"K05527",92.1662512131794,0.303572993262277,0.348748229615402,0.870464614535981,0.38404654885709,0.963622578411872
"K05539",146.73864317516,0.0748090091871185,0.302838531658017,0.247026059654777,0.804888056233873,0.997370795218308
"K05540",801.725761510474,-0.133151575544695,0.167681012022097,-0.794076645524711,0.427150812720945,0.9731410869362
"K05544",3.74520889039316,-2.75375482000407,2.44162610918264,-1.12783640773153,0.259389014396721,0.902235629679475
"K05548",90.3069605569357,-0.265237816917961,0.468381340527068,-0.566286045083456,0.57119934528357,0.990848007156586
"K05549",210.588358466629,-0.514458249878095,0.249508241060407,-2.06188880852854,0.0392183232723176,0.575682691367427
"K05550",201.186627623035,0.120169131986482,0.310388446507565,0.387157232618041,0.698639809403484,0.997370795218308
"K05551",50.6954859217466,-1.3467882090646,0.666002551984014,-2.0221967694456,0.0431560279015136,0.598439505464885
"K05552",12.8600203481465,0.159584800910255,0.852726335899621,0.18714656061595,0.851545722907265,0.997370795218308
"K05553",0.860661201634262,-1.29758865580347,3.43560379003984,-0.377688678643711,0.705661879075998,NA
"K05555",915.567796132433,-0.295499516196289,0.227059985584241,-1.30141607926183,0.193116072775264,0.852929321424084
"K05556",4.60719582565234,0.577425604266872,1.87528983384626,0.30791272572654,0.758148742216966,0.997370795218308
"K05557",37.8926443190209,-0.117508507526977,0.556149380069414,-0.211289469588747,0.832661399497088,0.997370795218308
"K05558",48.1902379398255,-0.452915774986101,0.54250592534633,-0.834858669418154,0.403797287908265,0.967424176194844
"K05559",32.6984342306642,0.706646836503959,0.688240203151267,1.02674449017714,0.304540793869124,0.923868889060477
"K05560",9.78729545962362,1.38608274459853,1.23838093610949,1.11927009224889,0.263024930873743,0.903690153582261
"K05561",14.6214474779263,1.07991905598505,1.0046775354886,1.07489121418431,0.282423435954532,0.913930207303918
"K05562",15.2467837260088,-1.07137913643463,0.779421992580641,-1.37458160872178,0.169261193576565,0.831694303422829
"K05563",14.73689490195,0.0935850838487357,0.99490089464345,0.094064729816405,0.925057737645526,0.997370795218308
"K05564",12.5306732325161,-1.54941726547343,0.911203994313082,-1.70040657760886,0.0890544754446992,0.739732667736898
"K05565",48.0719056660564,-0.521453050660935,0.545638722795077,-0.955674567944428,0.339236675166985,0.945600916012535
"K05566",47.4661085751235,-0.152529331112194,0.467535076533792,-0.326241470999385,0.744241666968239,0.997370795218308
"K05567",12.8953253017872,-1.08302033347601,1.24274172062404,-0.871476603305933,0.383493975338891,0.963622578411872
"K05568",53.8632611284656,-0.551061600668893,0.666538651862285,-0.826751155584521,0.408378120009527,0.967424176194844
"K05569",11.3716450451591,0.423082374873247,1.22836373448866,0.344427601527463,0.7305247342367,0.997370795218308
"K05570",6.87931275695228,-0.200719031739403,1.40892719973604,-0.142462315850675,0.886714843316255,0.997370795218308
"K05571",7.2543284517929,-0.591967027323623,1.34826496788679,-0.439058376078292,0.660619238255345,0.992927693570313
"K05573",235.557667096065,6.77155058924727,2.583075710425,2.62150681914512,0.00875420109684921,0.306759131276487
"K05574",19.7305571427966,7.79678657767858,3.38534981494809,2.30309628365485,0.0212734263663876,0.479911506804299
"K05575",499.364788764804,7.12134145155704,2.11613312265961,3.36526155906807,0.000764711300498065,0.0832701087033257
"K05577",273.395806584498,1.94498615838824,1.17502034577979,1.65527870676782,NA,NA
"K05578",91.8739796780055,8.58974054126637,2.37718913588426,3.61340223695376,0.000302205332337789,0.0452476933842755
"K05579",348.697074395036,10.5122023127718,2.58867230143225,4.06084706316655,4.88949940219573e-05,0.0155784058571213
"K05580",171.049542427262,6.19251217929569,1.95388546638904,3.16933222843405,0.00152789638439134,0.128881287973518
"K05582",67.4096425963052,1.83816644096435,1.21979177732709,1.50695100190976,0.13182321701697,0.800641307192464
"K05586",7.4130960306047,2.53017284392267,1.64541014736434,1.53771559509073,0.124118168844181,0.787440374160804
"K05587",7.85181602808239,-0.0397655487614365,1.65050366273883,-0.0240929781976066,0.980778444284886,0.998573809130236
"K05588",1.61031059078694,4.18286807115418,3.03479748660303,1.37830220619967,0.168110002334665,0.831694303422829
"K05589",44.7115913067718,-0.693896510608925,0.580775726712652,-1.19477533012023,0.232174821424707,0.888188252939584
"K05590",1.72403515307077,0.412473573762019,3.1076525044446,0.132728345003856,0.894408225118921,0.997370795218308
"K05591",29.784254192224,-0.460284759548652,0.605456218004886,-0.760227983231214,0.447118320888185,0.9731410869362
"K05592",5153.59989008248,0.512528484528587,0.150360528190324,3.40866376766006,0.000652818877204553,0.0780292609464684
"K05593",4.1097013811098,-0.0184572071104625,1.98126858491414,-0.00931585311098156,0.992567132142583,0.998573809130236
"K05594",110.084921103273,0.187338949347728,0.438847023418411,0.42688895982123,0.669460207158594,0.994394142031949
"K05595",174.966086165252,-0.404455424064447,0.269399092111221,-1.50132437676318,0.13327168297978,0.805152839932992
"K05596",30.2168592706564,-0.709849293103079,0.768941309395428,-0.923151460884824,0.35592827994411,0.949760216259208
"K05601",791.705858128865,1.21989732084327,0.69421944664245,1.75722147621077,0.0788800660222494,0.713098553777597
"K05602",200.654045869757,-0.154116744949509,0.30985949928045,-0.497376215050358,0.618923775123969,0.992927693570313
"K05603",88.5489827600786,-0.387832150474844,0.38310235285186,-1.01234604169819,0.311372627945101,0.92871793789011
"K05605",113.264394790085,-0.377266796194513,0.430561605542153,-0.876220246622937,0.380910311811581,0.962857360260397
"K05606",849.309889483572,-0.239079695380148,0.179772021996988,-1.32990491359192,0.183549602297216,0.848827148219077
"K05607",3.57067701152946,3.65400981612247,2.48386370653963,1.47109916156109,0.141264301758903,0.80901139713996
"K05657",28.7101048232575,1.94021378610647,0.942009114322405,2.05965500397741,0.0394315338670867,0.577397203740788
"K05685",9.04971687017506,-0.100019190052333,1.39259318760218,-0.0718222600417496,0.942743357614593,0.997895010384199
"K05710",1708.05056331103,0.134173972064327,0.187201038277636,0.716737328482844,0.473536188415826,0.974469580961331
"K05711",4.41477580847577,5.63161779117635,2.56639615197358,2.19436807791563,0.0282089588817644,0.53510136360559
"K05712",242.742154636057,0.15161206213061,0.312729025561211,0.48480329530824,0.627815884972567,0.992927693570313
"K05713",66.9021969020967,-0.431878260185335,0.585119746869962,-0.73810234998156,0.460452255846703,0.9731410869362
"K05714",30.2650304377365,0.0290767590624788,0.596995807008576,0.0487051311267603,0.961154286683051,0.997942587160163
"K05715",45.0505211507459,-0.454284048196889,0.58006215735003,-0.78316442891612,0.433530560394956,0.9731410869362
"K05716",0.959859377456309,1.63813998181192,3.42622856124583,0.478117543102921,0.632566546487118,NA
"K05739",27.8535881769296,0.26376772153961,0.731564633649777,0.360552860823346,0.718433733675623,0.997370795218308
"K05770",61.1520475476603,-0.329978328244033,0.458212201549293,-0.720143040993496,0.471436929393533,0.97427045208346
"K05772",142.300423195022,0.83349610507278,0.278519769411968,2.99259225595554,0.00276619047346259,0.172805577111904
"K05773",73.9465865275242,-0.123761993355798,0.364934107339965,-0.339135177739097,0.734507899045724,0.997370795218308
"K05774",1.77563434939587,0.850470530646329,3.06303477741212,0.277656178414294,0.781276302841695,0.997370795218308
"K05776",6.0009157513363,0.30067658178458,1.83137521664721,0.16418076375143,0.869588843917405,0.997370795218308
"K05777",7.1767485139866,0.361146500946278,1.28970567974055,0.28002241644693,0.7794603067622,0.997370795218308
"K05778",3.78568090088312,2.35437465170048,1.8493701955678,1.273068343668,0.202993791058555,0.864672698897356
"K05780",3.23463538566204,0.581662637328058,2.03957434622544,0.285188249403371,0.77549992234297,0.997370795218308
"K05781",12.109583861454,0.13140676569025,1.12277598387684,0.117037385531275,0.906830427678265,0.997370795218308
"K05782",38.3090093554945,-0.518094253755706,0.554297191901639,-0.934686773314275,0.349949745266706,0.947770244518839
"K05783",53.7639181329562,-0.597703983015481,0.616454517121432,-0.96958326432012,0.332254258221641,0.940659462198618
"K05784",161.913460840381,-0.710290770184025,0.542510422995488,-1.30926658747335,0.190444063500727,0.849632213082797
"K05785",88.7269871493657,-0.0272540557799396,0.462248578982269,-0.0589597394543533,0.952984175557336,0.997942587160163
"K05786",159.275619476875,0.211930028778848,0.389550957728097,0.54403672889125,0.586416198389488,0.99260501002599
"K05787",2.29230802083714,0.120758961760271,3.2106206284458,0.0376123422027372,0.969996767231193,0.998142329325159
"K05788",954.0663615534,-0.19856014226155,0.147433148404118,-1.34678085905954,0.178050821152098,0.846306641174535
"K05791",128.33891055467,-0.938475509247549,0.439695743041092,-2.13437479006897,0.0328121135226017,0.551495800429007
"K05792",96.5113993022312,-0.556358855675716,0.466149249498437,-1.19352086541884,0.232665445431126,0.888188252939584
"K05793",26.6917948906037,-0.488088608168002,0.742000674798349,-0.657800760492095,0.510666165666171,0.979329538491088
"K05794",779.053475199868,-0.0139108475836262,0.181404552715254,-0.0766841150092946,0.938874841712688,0.997774305289909
"K05795",1933.30899308824,0.257001737341793,0.168478973303608,1.5254232163361,0.127153571706024,0.794547869651213
"K05797",77.9197672298216,-0.666940767382293,0.39530583683426,-1.68715132749715,0.0915742576412512,0.749263962924255
"K05799",1440.31546705394,0.0494237468428214,0.168142558243521,0.293939543677223,0.768804100641438,0.997370795218308
"K05800",67.8032738781048,-0.107622013924566,0.425131097906211,-0.253150179920051,0.80015216342285,0.997370795218308
"K05801",45.5726790603344,0.0619005820752724,0.78327540041343,0.0790278643279234,0.937010459840536,0.997370795218308
"K05802",22.0586685578737,-1.72637347657707,0.910868751233615,-1.89530431715765,0.0580520965612314,0.663242882944981
"K05803",5.75579088567737,-1.50329443261539,1.55586477952709,-0.96621149369569,0.333938362713197,0.942486736234371
"K05805",79.8505726599453,-0.03237494686356,0.418188690611179,-0.0774170789177592,0.9382917545453,0.997767989696698
"K05807",1314.43892606499,0.22878509012654,0.159141429288775,1.43762118481034,0.150541566680673,0.815874091147702
"K05808",5209.36123242725,0.227097393499466,0.128533570570922,1.76683330658863,0.0772561489830228,0.711713759049777
"K05809",14.2213121571658,7.32480734564568,2.87288708288192,2.54963287255197,0.0107836409781817,0.34909851793692
"K05810",379.916250459373,0.28122010250621,0.25686847903395,1.09480191405284,0.273603427714242,0.912243138973363
"K05811",4.88694803607228,-1.3296730056922,1.84992686841989,-0.71877057865965,0.472282288308348,0.974469580961331
"K05812",19.2504328565895,-0.592882661102376,0.741716669492792,-0.799338461016128,0.424094183090679,0.972723098477607
"K05813",1130.48055623251,-0.085511176459793,0.145567756584696,-0.587432124160271,0.556913524154716,0.988149645670342
"K05814",160.633628808641,0.0343670126957749,0.287292879296445,0.119623614688734,0.904781312232825,0.997370795218308
"K05815",191.768174826389,-0.320216049193449,0.248423954630229,-1.28899022507745,0.197401484876529,0.858098093136902
"K05816",38.2099502207707,-0.408145471968912,0.594294590519939,-0.686772988480061,0.49222579397027,0.977865853750901
"K05818",10.9040350267585,-1.37767218400755,1.155341115959,-1.19243759698105,0.233089705665082,0.888188252939584
"K05819",0.458318729236091,-2.30805224277304,3.46371997884719,-0.666350702963356,0.505186964302641,NA
"K05820",63.0046430497796,-0.393166428435703,0.438710269759782,-0.896186972443072,0.370152912325744,0.951911707477401
"K05822",156.47013192609,0.744252612022607,0.335040020071676,2.22138421512567,0.0263249492327295,0.534004259723778
"K05823",32.4374566195306,0.578754184471948,0.595981393549317,0.971094384382079,0.331501279971959,0.940038430753817
"K05825",1391.17596149693,-0.243301976584175,0.153833565494518,-1.58159226045401,0.11374268199355,0.765398789280195
"K05826",358.55903118732,-0.280054443784182,0.274107915931026,-1.0216941120907,0.306925698699496,0.92608770786561
"K05827",88.9585886626012,0.72225053477615,0.387217441166628,1.86523244562569,0.062148829514983,0.671608547723031
"K05828",39.2299128645635,-0.223956315567558,0.571985378268981,-0.391542029003128,0.695396628558403,0.997370795218308
"K05829",73.0954453918251,0.442704452101731,0.469051956997708,0.943828174037221,0.34525746077664,0.947770244518839
"K05830",30.8556266247635,-0.193254363628156,0.66432452346335,-0.290903552108321,0.771125084558133,0.997370795218308
"K05831",32.974484565356,0.143965276821591,1.01792861914896,0.141429638693088,0.887530541297068,0.997370795218308
"K05832",51.341237158067,0.453003968156421,0.551778583201015,0.820988675436483,0.411652718775391,0.968959956833116
"K05833",57.6895344403997,0.515748824037189,0.463060753046367,1.11378219951529,0.265372635237513,0.906750653765962
"K05834",167.583523089723,0.127902478438751,0.367937937065743,0.347619708526813,0.728125803075081,0.997370795218308
"K05835",43.821152382596,0.254977022452196,0.4579964372029,0.556722720398013,0.577716891052328,0.992186816903
"K05836",21.4365592543555,0.505809953906385,0.871225421271596,0.580572997018533,0.561528275814902,0.988149645670342
"K05837",1119.45302391112,-0.116291573157908,0.16253496966181,-0.715486479001278,0.474308492737177,0.974469580961331
"K05838",805.15170266063,-0.0469016791588857,0.221060760301452,-0.212166460908429,0.831977171394261,0.997370795218308
"K05841",11.9621286271079,0.0882792013555627,0.954952528491118,0.0924435495186856,0.926345640027368,0.997370795218308
"K05844",41.8975172876469,-1.07346448337652,0.594943735434204,-1.80431260881011,0.0711823142537043,0.688718930590573
"K05845",4230.58134524325,-0.241150253297575,0.130931794006605,-1.84180057355213,0.0655043261480407,0.673390891931288
"K05846",908.298253268209,-0.162965432382371,0.20699148111928,-0.787305020965869,0.431103331166373,0.9731410869362
"K05847",683.879423684457,-0.15942498822449,0.202920128109297,-0.785653891065058,0.432070283071028,0.9731410869362
"K05873",84.1852944968511,-0.425523523465311,0.367191897830315,-1.15885869481235,0.246513787894839,0.8959963761706
"K05874",11.7226085117775,0.375998335371176,1.22546978322676,0.306819752324813,0.758980572765632,0.997370795218308
"K05878",1772.08299708366,-0.333589923520919,0.176014350390561,-1.89524276163115,0.058060247371899,0.663242882944981
"K05879",357.991502614815,-0.530642990919702,0.228630243387265,-2.32096586636122,0.020288686143696,0.478381658718878
"K05881",64.1107728758614,-0.03517247423343,0.477997756338746,-0.0735829274656764,0.941342256215994,0.997860244041637
"K05882",112.790334331011,-0.150077920940785,0.323668643070621,-0.463677665890048,0.642878700895201,0.992927693570313
"K05884",68.6461797567933,-0.201630972788155,0.477872444933593,-0.421934712758285,0.67307267194873,0.99689749022459
"K05886",11.8026100806378,-0.147209168354942,1.31695517769602,-0.111779938184745,0.910997894829138,0.997370795218308
"K05888",54.9349559054153,-0.155304750512038,0.475948132972306,-0.326306039992544,0.744192818858675,0.997370795218308
"K05889",112.914386902187,-0.966087705021445,0.435173374710535,-2.22000646446732,0.0264183287997528,0.534004259723778
"K05895",26.2492569507164,-0.987665808398375,0.821210577501436,-1.20269494263382,0.229094391709201,0.888188252939584
"K05896",1003.47385079614,-0.111856529159845,0.136431437394673,-0.819873566502586,0.412288187195223,0.968959956833116
"K05898",286.680756780852,-0.408777759694023,0.242537196739657,-1.68542295857741,0.0919069972186718,0.749263962924255
"K05901",9.81542140698368,-1.92626611307284,1.31687424248511,-1.4627563141016,0.14353407078119,0.809528822814033
"K05913",355.264407590336,0.0149004713841562,0.239643009961654,0.062177784307335,0.950421253806495,0.997942587160163
"K05916",1032.12545033435,0.475690808926561,0.225196502060933,2.11233657971228,0.0346575904602212,0.55341756161565
"K05917",15.696790296983,-0.0995457065023193,1.16295217684931,-0.0855974204992766,0.931786449078518,0.997370795218308
"K05919",2.66964860995187,-4.84049534412882,2.93988891771232,-1.64648919725017,0.0996630823735719,0.755548259580255
"K05921",186.243227827349,-0.369448871654265,0.281832833898656,-1.31087945483,0.189898493072049,0.849632213082797
"K05934",39.3350295813253,-0.714391099234697,0.64054164714339,-1.11529219438057,0.264725229231873,0.906112200922899
"K05936",44.2603189460452,-0.0876894809499589,0.604273532523623,-0.145115541605375,0.88461964775067,0.997370795218308
"K05937",9.19574159470637,-1.11842309803224,1.30589580324868,-0.856441298953508,0.39175372916046,0.96389527995257
"K05939",166.937914911151,-0.385663882454212,0.335210044210713,-1.15051410038233,0.24993219003543,0.897595428587345
"K05942",8.38037784157987,-0.709471594542283,1.65889698801954,-0.427676703053925,0.668886513529201,0.994281789408385
"K05946",342.609733656831,0.156530331354994,0.221727410204734,0.705958416284484,0.480213997880574,0.974469580961331
"K05947",57.6946591820955,0.886932920006845,0.552043375689363,1.60663628813459,0.108134177273571,0.759768797625471
"K05966",25.1569898353248,0.0144202063909381,0.878034425532313,0.0164232813334121,0.986896706434826,0.998573809130236
"K05967",98.6183802011146,0.422255752827182,0.314354395618974,1.34324748981399,0.179191848888844,0.848637748318353
"K05970",42.1224526868775,-0.113685498464902,0.700373241933276,-0.162321304781847,0.871052838369353,0.997370795218308
"K05972",304.981782699558,-0.422173456062538,0.342532332336916,-1.23250687951783,0.217759798381221,0.883664559728345
"K05973",975.460386006277,0.0507510482437529,0.157141717531175,0.322963558252343,0.746722840664406,0.997370795218308
"K05979",150.884006919754,0.0688973536595446,0.315317959799059,0.218501203367707,0.827038620817987,0.997370795218308
"K05982",28.8871626131992,-0.0816409631936797,0.652013085979764,-0.12521368811333,0.900354380983398,0.997370795218308
"K05985",19.4170757882176,2.62076196393078,0.983546516079826,2.664603982714,0.00770790327036442,0.284954522754398
"K05986",87.2937264514767,0.140055984411341,0.407174215126544,0.343970662208591,0.730868349537206,0.997370795218308
"K05988",4.75920090247267,0.520483686566452,2.08706747472779,0.249385174590169,0.803062851913961,0.997370795218308
"K05989",647.821860721315,0.11684358726336,0.244024170892425,0.478819728537749,0.632066880407226,0.992927693570313
"K05991",202.533522719105,0.345082185122186,0.444788143359537,0.775834945859258,0.437846447444338,0.9731410869362
"K05994",8.10711039990732,-0.518353207195307,1.2758548837828,-0.406279126085591,0.684537520941548,0.997370795218308
"K05995",457.124379828177,-0.346091939065646,0.178219029149492,-1.94194716870184,0.0521434963522512,0.641247227214851
"K05996",570.23785762396,-0.387207142331506,0.264213755848004,-1.46550712732102,0.142782609246441,0.80901139713996
"K06001",867.832913345272,-0.0666963820600148,0.183492611925392,-0.363482656659406,0.716244366266484,0.997370795218308
"K06006",889.750929747933,0.215453115491102,0.179789971819599,1.19836002703915,0.230776887046621,0.888188252939584
"K06012",104.797899411427,1.04439051467295,0.390220321433947,2.67641241961749,0.00744150117826935,0.276814599730777
"K06013",580.556073438794,0.0544444245255111,0.179896161290644,0.302643614710319,0.762161472500904,0.997370795218308
"K06015",2611.17253212883,-0.105634052605173,0.170713013535207,-0.618781488403567,0.536060318795612,0.984070334914601
"K06016",280.001606896585,0.0936840759728182,0.370682402981339,0.252734079684744,0.800473710821199,0.997370795218308
"K06019",119.992600062607,-0.0909024620185721,0.339029709630981,-0.268125357265933,0.788602827936486,0.997370795218308
"K06020",2092.72615460785,-0.083876769032871,0.120862470044025,-0.693985229677322,0.487691471806951,0.97616199004908
"K06023",580.782234563267,0.142558829382982,0.173475362432079,0.821781418319835,0.411201311095635,0.968959956833116
"K06024",805.103434541215,-0.0016289752805901,0.19470329256565,-0.00836644958143601,0.993324616926991,0.998573809130236
"K06033",10.8312749003526,-1.50698977479289,1.25039376083272,-1.20521216755695,0.228121406347713,0.888188252939584
"K06034",5.77322702852639,0.322065104964701,1.84692005093986,0.174379559527121,0.861567177338626,0.997370795218308
"K06035",0.558421550797797,-1.53162913432882,3.46680334548704,-0.441798677828855,0.658634895420483,NA
"K06037",75.225198117742,0.202987596798355,0.464408875768384,0.43708810789308,0.662047451383352,0.992927693570313
"K06041",483.951617800845,0.00992499132059681,0.17942324890076,0.0553160829569325,0.955886649436837,0.997942587160163
"K06042",60.0248133653331,-0.550231478835085,0.608919382260741,-0.903619583913121,0.366197153182487,0.950060596598327
"K06044",479.717098051749,-0.284164316909067,0.230400585954126,-1.23334893326029,0.217445608697787,0.883664559728345
"K06045",335.74874645991,0.18737732765881,0.223009915191553,0.84021971623039,0.400785205718804,0.967424176194844
"K06048",1780.65945240258,-0.303191667794101,0.138656724843929,-2.18663514615228,0.0287691694879149,0.53510136360559
"K06075",457.255451647966,0.53078796288823,0.362873900519322,1.46273391976828,0.143540200843772,0.809528822814033
"K06076",893.884729297505,-0.109012212605411,0.208088714086069,-0.523873738584023,0.600366361527241,0.992927693570313
"K06077",528.741565410091,0.110864420590945,0.226621135425253,0.489206006239925,0.62469585771448,0.992927693570313
"K06078",238.273902881357,-0.240661189674167,0.494985754980864,-0.486198213286906,0.626826638029557,0.992927693570313
"K06079",6.92347117382314,-0.361951522307064,1.7333245500933,-0.208819244086505,0.83458934789418,0.997370795218308
"K06113",356.981686866371,-0.263872108618428,0.201990559869607,-1.30635861789169,0.191430631619614,0.851134411855877
"K06117",104.323591859239,0.207651132024074,0.35525521292551,0.584512554549382,0.558875521160001,0.988149645670342
"K06118",1622.80846347699,-0.208654568863151,0.143657883833088,-1.4524407801077,0.146379084202539,0.814133364640594
"K06123",0.594629586698556,1.65248194686183,3.46721030746999,0.476602744085529,0.633645029017408,NA
"K06131",1051.33057171446,0.187979757529045,0.170722934256079,1.10108087321813,0.270861460671359,0.909608702338379
"K06132",82.240288322195,-0.328270635631362,0.360617251853131,-0.910302083287622,0.362663220179705,0.950060596598327
"K06133",97.8136351612951,-0.184495188278152,0.338301591478154,-0.545357139681282,0.585507912311458,0.99250280596844
"K06134",88.5488699403774,-0.0747109720387967,0.401837244594603,-0.185923462903917,0.852504782256687,0.997370795218308
"K06135",45.3120165388765,1.30955910329087,0.639590592088678,2.04749588172383,0.0406094208096365,0.58045303395922
"K06136",2838.34453889798,0.791570468133655,0.164472451841759,4.81278450749451,1.4884175725671e-06,0.000990459204678262
"K06137",2575.49990682243,0.547373674411979,0.165797876816713,3.30145165258716,0.000961859102970992,0.0914376852014805
"K06138",399.836949608965,0.713522328249358,0.313063868664347,2.27915898213845,0.0226576163959008,0.495242571514781
"K06139",229.887331437705,-0.123098157320382,0.313435481068472,-0.392738425467186,0.694512686965352,0.997370795218308
"K06140",15.8151596690665,-0.357005214894686,1.02688709283245,-0.34765770977797,0.72809726036983,0.997370795218308
"K06142",1212.31292348138,0.130706519509322,0.14690586799603,0.889729738453021,0.373611021762701,0.953407328330002
"K06143",35.1503946684753,-0.408152297301657,0.660119155428372,-0.618300944526893,0.536376979403273,0.984070334914601
"K06145",35.9483228610318,0.247800331712534,0.702592221710228,0.352694385242902,0.72431756913534,0.997370795218308
"K06147",1095.48911200371,0.0432682617009747,0.168891969452079,0.256188981876083,0.797804915995423,0.997370795218308
"K06148",19.6116089392324,0.0994877957320421,1.04554251921965,0.0951542322796165,0.924192322320158,0.997370795218308
"K06149",5.1304094277118,3.37535394469963,1.71833636864546,1.96431502369957,0.0494935704807699,0.628002105104514
"K06151",463.044281927702,-0.269568108724283,0.215577050535287,-1.25044900677013,0.211135572008001,0.883024399969217
"K06152",190.314567394952,0.297065748984997,0.285077903716425,1.04205112045617,0.297387978717504,0.921603082140073
"K06153",896.507058663361,-0.0668212878419788,0.177184302688275,-0.37712871190141,0.706077954839605,0.997370795218308
"K06155",15.9649333004616,0.205645727580196,1.02389408654003,0.200846679635702,0.840818461491451,0.997370795218308
"K06158",705.095178868503,-0.0501787498031782,0.16011787809434,-0.313386302643939,0.75398718940259,0.997370795218308
"K06160",35.2042416685489,1.18869379208524,0.552059324927388,2.15319937262464,0.0313030129710127,0.548304808262294
"K06162",12.6905741251326,-0.809085324892007,1.15954112333904,-0.697763372602215,0.485325188691611,0.975590329039834
"K06163",12.7105783910137,1.07991859226802,0.91918568228926,1.17486446218184,0.240048945375856,0.89029641349834
"K06164",9.41601349501457,0.0047845525020794,1.44526254047582,0.00331050751547479,0.997358601989698,0.998573809130236
"K06165",7.92652179640603,-2.85615548021352,2.07901603459,-1.37380156415041,0.169503295418626,0.831694303422829
"K06166",2.01535714394841,0.374103368607383,3.30532819342764,0.113181913176203,0.909886334713766,0.997370795218308
"K06167",200.606354915055,0.125656980151393,0.337374415475561,0.372455569798521,0.709553686349919,0.997370795218308
"K06168",2021.02204278476,-0.000446625607473695,0.108724123048068,-0.00410787960346425,0.996722395504847,0.998573809130236
"K06169",6.87911273982047,1.08710829329943,1.21943507699806,0.89148517523017,0.372668941212665,0.95325023421457
"K06173",694.728241118619,-0.173829482841697,0.183601852603841,-0.946774122245761,0.343753890873219,0.947770244518839
"K06174",240.73671762334,0.300488149542711,0.306757593129191,0.979562222005568,0.327302260537599,0.936227955597652
"K06175",9.20186795634087,-1.20263393212201,1.28803802210262,-0.933694434081076,0.350461536921448,0.947770244518839
"K06176",105.054326282995,0.282268865682457,0.366673854536016,0.769809088350834,0.441413147796389,0.9731410869362
"K06177",35.0371864644067,0.105297668611692,0.589586243100836,0.178595870992335,0.858255036834565,0.997370795218308
"K06178",639.023823759783,-0.0578692066128147,0.184708254446011,-0.313300598213002,0.754052295689343,0.997370795218308
"K06179",101.125151228529,0.196759275823622,0.40299700160143,0.48824004903694,0.62537982018523,0.992927693570313
"K06180",658.301195192279,0.125507720122373,0.180188424663093,0.696535975366013,0.486093235684034,0.975864931948368
"K06181",10.4856009139787,-0.0368834342548875,1.03679341606893,-0.0355745259212135,0.971621620830732,0.998142329325159
"K06182",67.5653889368084,0.560216396248905,0.527506065477861,1.06200939270985,0.288231421160338,0.921140865170366
"K06183",41.3894329926258,1.39446759048467,0.940475734231843,1.48272575222117,0.138147289695113,0.807360367143472
"K06186",121.193012063839,0.0793516160193221,0.367862627690613,0.215709914642539,0.829213872391844,0.997370795218308
"K06187",1144.9751370261,0.0981544896056557,0.162256786732362,0.604933029812546,0.545223495576166,0.986393702727053
"K06188",878.753451182266,-0.488062821698749,0.20446717173411,-2.3869984485012,0.0169865629633893,0.436620281492441
"K06189",352.183289658728,0.382644853878813,0.241666319530611,1.58336029042866,0.113339368379013,0.764402564439084
"K06190",128.150822639924,-0.281246619405297,0.310549499447498,-0.905641837792899,0.36512545666163,0.950060596598327
"K06191",197.935731452566,-0.277184109286706,0.382565499152583,-0.724540268008205,0.468734114866523,0.9731410869362
"K06192",36.5828369147482,-0.931370003771009,0.53585369057605,-1.7381050464909,0.0821923058621668,0.72389664677723
"K06193",18.8938525269603,1.24629093669354,1.05102064600016,1.18579110832552,0.235704803817033,0.888188252939584
"K06194",239.239971863675,-0.104906969497253,0.278520589873416,-0.376657860537103,0.706427882634998,0.997370795218308
"K06195",350.862259860988,-0.147819415425728,0.224960415683661,-0.657090781844889,0.511122545786576,0.979531200931012
"K06196",442.580297579682,-0.427958031045276,0.186634780343112,-2.29302400259218,0.0218466231093852,0.485210314975555
"K06197",72.966239648473,0.111435937308864,0.426048494593003,0.261556932422252,0.793663051241251,0.997370795218308
"K06198",39.2773391391056,0.978595486943973,0.630691142065697,1.55162395929454,0.120752226863688,0.779294274446798
"K06199",119.062957005399,-0.383375921922523,0.325602905222909,-1.17743397178862,0.239022337206576,0.890239289508822
"K06200",858.052957313579,-0.118423865084732,0.157848423550481,-0.750237870109991,0.453111454345371,0.9731410869362
"K06201",74.4567983162106,0.100338347168465,0.362320601382518,0.276932492344076,0.781831942643969,0.997370795218308
"K06202",33.0902428068715,0.0561765962280324,0.679973955230527,0.0826158057906604,0.934157033036737,0.997370795218308
"K06203",70.9132804293979,0.323774849702691,0.577031183247142,0.561104597295253,0.574726234320102,0.992186816903
"K06204",4397.69284867097,0.096243914741303,0.123749390724291,0.777732433089153,0.436726767771459,0.9731410869362
"K06205",46.8210686497723,1.09221312292379,0.45345149365104,2.40866584015339,0.0160109501727352,0.42242105984366
"K06206",11.5310339290481,0.209177235198958,1.19419533888445,0.175161657718711,0.860952611209844,0.997370795218308
"K06207",6026.6217472377,0.192759639397016,0.112792800813045,1.70897112233711,0.0874562987551914,0.737712356682875
"K06208",225.876357195306,0.0534928563487496,0.234668292986872,0.227950933071909,0.819684386010138,0.997370795218308
"K06209",37.2818129772607,1.16203460086325,0.936042930961551,1.24143301810906,0.214445828028785,0.883664559728345
"K06211",29.4153137602046,0.167577089571602,1.02331211468549,0.163759509114291,0.869920468325301,0.997370795218308
"K06212",4.13425504840367,-0.158902158837341,1.86783174680585,-0.0850730581644077,0.932203309109594,0.997370795218308
"K06213",796.290698480741,0.0263678224867465,0.168165813949195,0.156796568027272,0.875405177713877,0.997370795218308
"K06215",4020.97037332948,-0.0755953215389757,0.122727108560292,-0.615962703153216,0.537919135899963,0.984070334914601
"K06217",3160.69990889872,0.0889505557573404,0.122487589181747,0.726200559187717,0.467715829223836,0.9731410869362
"K06218",52.2496987275083,-0.0555160990941609,0.530954374155068,-0.104559076629713,0.916725688763204,0.997370795218308
"K06221",598.347454574943,0.124999344790838,0.190464920118656,0.656285392149727,0.511640514718682,0.979746666549689
"K06222",53.5421918135607,-0.223102397767064,0.507093409792717,-0.43996311815265,0.659963819944833,0.992927693570313
"K06223",26.2576475175751,0.449232335006704,0.68228526317221,0.658423036895225,0.51026633649866,0.979329538491088
"K06281",433.829200308087,-0.197443742507697,0.244367776666302,-0.807977816065812,0.419103352848102,0.97183810981949
"K06282",780.101087464491,-0.48935964559473,0.30632791743567,-1.59750260339068,0.110153717829531,0.759768797625471
"K06284",58.7158679725446,0.305295997919553,0.495348820941778,0.616325274256455,0.537679861134359,0.984070334914601
"K06285",5.81615253250233,1.20110330360693,1.74659894871629,0.687681224410286,0.491653546086236,0.977865853750901
"K06286",16.363603726422,1.14194583667911,0.952927399316895,1.1983555489093,0.230778629655713,0.888188252939584
"K06287",112.872643008785,-0.407012290036173,0.386082955864448,-1.05420942275181,0.291787046931163,0.921603082140073
"K06289",245.450711646009,0.292311729199189,0.691034226604886,0.423006152148705,0.67229077244295,0.996158656889993
"K06294",22.093022925616,0.355224433227688,0.749016870538642,0.474254248735726,0.635318612605186,0.992927693570313
"K06295",578.727882876316,1.06254172551322,0.231242531018285,4.59492343745884,4.32908189344977e-06,0.00216057262165589
"K06296",216.925879413359,1.00609636295744,0.346993558738864,2.89946697170422,0.0037379772439807,0.200957601961108
"K06297",229.158257704703,0.89570399003984,0.353762900528187,2.53193307919656,0.0113435638456761,0.361364914211458
"K06298",1044.08883464415,0.622564669949412,0.286481735241965,2.17313913371681,0.0297698471337713,0.538557233280785
"K06299",199.660822207217,0.673377486277957,0.390780526645289,1.72316029168255,0.0848595422753927,0.734518019952762
"K06300",169.896982424131,0.461556525758863,0.331021343307199,1.39434068252972,0.163214751290832,0.83035830786042
"K06301",620.906844885656,1.26077287930558,0.202332015921024,6.23120801503651,4.62852025204331e-10,9.24006926316246e-07
"K06302",10.9751586857979,0.939780540971663,1.27064750524946,0.739607591475309,0.459538133980059,0.9731410869362
"K06303",185.742618294462,0.904067102389999,0.360790001181525,2.50579866246109,0.012217516738227,0.375234398693545
"K06304",308.350322534725,0.510761675267946,0.255140578121394,2.00188335006802,0.0452972787676123,0.610284468809643
"K06305",1280.58043367772,0.604658722806583,0.255538034189578,2.36621810418249,0.0179708540401919,0.450324037015519
"K06306",1770.47897632274,0.888264814179908,0.169286784510817,5.24710075122935,1.54511411403373e-07,0.000132195548984972
"K06310",146.586226552724,0.637648134845875,0.320818001967331,1.9875696841688,0.0468593019243623,0.619515141777054
"K06311",99.0864957149956,0.455780247827376,0.484826551326152,0.940089288799624,0.347171762571254,0.947770244518839
"K06312",12.4236115990693,0.616860805871292,1.36503925593285,0.451899682144845,0.651341253445846,0.992927693570313
"K06313",222.889512853609,1.19311202943865,0.236568667833456,5.04340680600443,4.57315549195607e-07,0.000342357853016562
"K06314",490.491692582424,0.993437680078149,0.292763266088682,3.39331396780231,0.000690524433154587,0.0780292609464684
"K06315",20.1496448141211,1.36614590910174,0.975943560214911,1.39982060929928,0.16156704464351,0.828697110513083
"K06317",58.5834024600633,0.288507940769203,0.519334498555659,0.555533941171987,0.57852950117905,0.992186816903
"K06318",30.294052983802,0.869754870871209,0.794724554773906,1.0944104666788,0.273774995489179,0.912243138973363
"K06320",396.28582596848,-0.12274934280173,0.273522470222357,-0.448772427003685,0.653595831206474,0.992927693570313
"K06324",213.696930816995,0.969350998530747,0.408843675585479,2.37095754787597,0.0177420687741114,0.447874637821824
"K06325",11854.4684657817,0.790087975087848,0.551523844710126,1.43255451720879,0.151985187671431,0.815874091147702
"K06327",77329.3376569871,0.490405423287602,0.465496504405451,1.05351043164968,0.292107115832489,0.921603082140073
"K06328",16125.5019622631,0.623725758929222,0.222209781368354,2.80692305751959,0.00500171869685315,0.22890343384825
"K06329",1830.65865810075,0.703411178172565,0.193917275220254,3.62737758858059,0.000286314441038383,0.0451246628257598
"K06330",4273.9262150984,0.678333188662978,0.41757069397087,1.62447508519431,0.1042744535695,0.759017135201614
"K06332",1275.80415173011,0.92113439057426,0.24769025435543,3.71889638117313,0.000200095107311063,0.0366056019061166
"K06333",778.823630189445,0.701335976128992,0.259685766291271,2.70071011648114,0.00691916163141471,0.27069639305294
"K06334",2117.26995830209,0.885109578668586,0.220344022706608,4.01694390343015,5.89577514345948e-05,0.0176548986670894
"K06335",1751.50522712794,0.377464914886551,0.490120193836847,0.770147648746346,0.441212313976608,0.9731410869362
"K06336",364.481808392311,-0.133299555707182,0.231086103652411,-0.57683934083585,0.564047990839016,0.988149645670342
"K06338",47.8355247897244,0.370515954004422,0.500053346319258,0.740952853793858,0.458722026946729,0.9731410869362
"K06343",16481.8458028048,0.443385229949773,0.252621853363866,1.75513410279331,0.0792363722773246,0.713098553777597
"K06345",1136.43991591332,1.08387700048368,0.198129705480316,5.47054263193945,4.48659763664847e-08,5.37404664917754e-05
"K06346",769.312879097603,-0.247850573207701,0.163873962453834,-1.51244633068249,0.130420356129288,0.800641307192464
"K06347",34.925145187941,-0.414891790486515,0.747502951721785,-0.555036992871882,0.578869357744423,0.992186816903
"K06348",1210.85608034423,0.245873259205385,0.52461648303005,0.46867238670292,0.639303827457663,0.992927693570313
"K06349",46.6115313490602,1.0308955295934,0.551168516142813,1.87038174242573,0.0614308254954391,0.671367178635374
"K06350",15.0357051762373,0.0941465733759518,1.25773167053328,0.0748542599201892,0.940330669698516,0.997774305289909
"K06351",24.1903060845875,0.336493310008717,0.590284513827177,0.570052749354754,0.568641921453112,0.989998973134502
"K06370",7395.50323279418,0.761160341315393,0.199464557167685,3.81601800401815,0.000135622612908447,0.0316473071749629
"K06372",2.27931777955443,0.658168622027184,2.82869592530334,0.232675635489737,0.816013290062851,0.997370795218308
"K06373",70.3386488825596,0.662022156239904,0.45953936630921,1.4406212063113,0.149691726018312,0.815874091147702
"K06374",48.2092267530129,1.13850572750623,0.686099052940595,1.65938973771592,0.0970372828649443,0.755548259580255
"K06375",8.28011003327292,-0.526362532772667,1.36512053240104,-0.385579529630894,0.699808096060465,0.997370795218308
"K06376",128.734190306274,1.23404334090501,0.469998477721211,2.62563263372315,0.00864881059486583,0.306759131276487
"K06377",458.799457562178,0.537957306755183,0.231568090901245,2.32310636867754,0.020173438938924,0.477544370771604
"K06378",22.9243063191487,0.242227273861905,0.878089264814661,0.275857231796396,0.782657723824738,0.997370795218308
"K06379",39.0633795528896,1.6161279627969,0.770374220308251,2.09784792921839,0.0359185810303422,0.561047008846237
"K06380",37.4729995101428,0.689255619932614,0.585364820768604,1.17748042840634,0.239003804727045,0.890239289508822
"K06381",1141.9457766577,-0.127294376217591,0.16094141732777,-0.790936095451091,0.428981283679477,0.9731410869362
"K06382",60.2331238436106,1.1025550086133,0.655350792048705,1.6823890685576,0.0924934197248414,0.749263962924255
"K06383",444.208148143083,1.01023276795991,0.227754688229853,4.43561788260696,9.1808574893229e-06,0.00422955042335037
"K06384",227.5917298303,0.294855722422705,0.324572688747191,0.908442800781576,0.363644321214711,0.950060596598327
"K06385",5.4135680838719,2.5750253608997,1.95382738722336,1.31793902457225,0.187524060622491,0.848827148219077
"K06386",2333.130283042,0.673735115087994,0.2570201424795,2.62133196483514,0.0087586928449289,0.306759131276487
"K06387",5.21825478519355,-0.457269078740444,1.86960592668918,-0.244580460626911,0.806781294792879,0.997370795218308
"K06390",21.7130797068953,-0.0733177250113803,1.16959873795693,-0.0626862210363297,0.950016369833294,0.997942587160163
"K06391",23.2819635992727,1.40797330118154,0.755856445686543,1.86275225833748,0.0624971297643055,0.671608547723031
"K06392",16.7941879716283,-0.830859684834253,0.823559146823218,-1.00886461893987,0.313039565494368,0.92871793789011
"K06393",9.40823436658331,1.20796967105426,1.27155847594182,0.949991442713275,0.34211660074702,0.947770244518839
"K06394",85.6917680970263,1.16495908021358,0.656350875555996,1.77490291184077,0.0759139194280467,0.70707381563697
"K06395",67.335799672644,1.53908603617879,0.6246759793324,2.46381498104606,0.0137467051259108,0.397724719802317
"K06396",81.2128943769563,1.20399977505002,0.722211898430536,1.66710044194297,0.0954944342902815,0.755548259580255
"K06397",17.9872058964304,1.273504754727,1.16801724782492,1.09031331266598,0.275575152920615,0.912317125798179
"K06398",3320.44963230386,0.908560959442676,0.237005784367512,3.83349698349058,0.000126334350914945,0.0316473071749629
"K06399",873.58149509348,1.04908684203981,0.467967581000038,2.24179384349217,0.0249746993233871,0.519352341138074
"K06400",1269.66754977513,-0.168411235694091,0.165257301430492,-1.01908499192652,0.308162618556073,0.927242704681387
"K06401",224.203536924234,0.889388284403277,0.410149836465647,2.16844724861367,0.0301246740940162,0.538557233280785
"K06402",668.848136097266,0.261079559697889,0.200738069632459,1.300598138539,0.193396044547866,0.853524006689633
"K06403",83.0289414955941,0.587863666968446,0.419843553848414,1.40019695808095,0.161454346530201,0.828697110513083
"K06404",45.0602323327819,1.73305740936261,0.478948717189956,3.61846132406543,0.000296359777374593,0.0452476933842755
"K06405",12.8759004120714,0.297001476139771,1.03814981791568,0.28608729781995,0.774811260031682,0.997370795218308
"K06406",201.926021710773,1.06065597984312,0.304281912170163,3.48576743283372,0.000490727435756861,0.0667946957442691
"K06407",153.223430086955,0.868582259075955,0.348931164258734,2.48926535673924,0.0128007384362597,0.383318112473796
"K06408",530.150524491888,0.883951784805903,0.217811030474252,4.05834260496921,4.94222259618143e-05,0.0155784058571213
"K06409",168.516166248419,-0.0745036060178756,0.392759336570756,-0.189692768778913,0.849549887607433,0.997370795218308
"K06410",2243.78881393938,0.6615363154012,0.473596267051196,1.39683600025016,0.16246289377915,0.828697110513083
"K06411",1999.7093866928,0.945933079449009,0.43114333943957,2.19401065241689,0.0282346437524129,0.53510136360559
"K06412",788.745601819962,0.541907834576912,0.287251019258614,1.88653058908393,0.0592234903485046,0.664835541828556
"K06413",435.532675400888,0.0612326625129931,0.172686500452873,0.354588588872955,0.722897826137098,0.997370795218308
"K06414",637.770579172036,0.751255065568442,0.217328662992305,3.45676937052266,0.000546692513267177,0.0678619920164826
"K06415",2382.19611932712,0.327618895681512,0.165032788888257,1.98517456978408,0.0471250525858973,0.620289977883382
"K06416",877.713304847425,0.261143037622949,0.171561409507739,1.52215488536873,0.12797027627602,0.796688133697595
"K06417",2152.65375791462,0.94165337419105,0.249554566120308,3.77333658458122,0.000161078741133694,0.0344535921660605
"K06419",6306.69386235136,0.542846645052488,0.21781207816837,2.49227062896331,0.0126929283259406,0.383318112473796
"K06421",356.528207972177,1.06816145663666,0.39079040594516,2.73333592735783,0.00626963513796057,0.260157954640226
"K06422",21904.0027748742,1.03149273184275,0.466620327475684,2.21056107311678,0.0270662468989117,0.53510136360559
"K06423",8.07278505978087,2.49578293714576,1.84546787311394,1.35238492823748,0.176252208351332,0.842604953110219
"K06425",119.721605993581,0.53414409807246,0.389724393636688,1.37056880912208,0.170509411709434,0.831694303422829
"K06426",43.0318288592282,1.04012304120269,0.62953765586564,1.65220147120902,0.0984934866468314,0.755548259580255
"K06428",146.102952082538,0.302933846470554,0.304404731773042,0.995167994617162,0.319654565126904,0.929595111496505
"K06429",32.1721319091007,0.912731476350433,0.733405871941171,1.24451072901097,0.213311653124249,0.883645858380624
"K06431",43.0073829679025,1.07629029029789,0.836234031402877,1.28706827261299,0.198070492819355,0.859064141045652
"K06432",47.5221317365846,1.10251374722401,0.453847343148258,2.42926121275949,0.0151296275023991,0.415648344549854
"K06433",114.245539794063,0.996030860535945,0.389288377506772,2.55859388075006,0.0105096438626225,0.345131142402478
"K06434",408.594894110991,1.04837937072452,0.251161997098505,4.17411623906362,2.99145002230009e-05,0.0119438627890368
"K06436",4099.7203320095,0.680757169932596,0.241607261187938,2.81761883556579,0.00483812072809472,0.22890343384825
"K06438",3.11604931009329,1.92262580010194,2.41071636109069,0.797532978633817,0.425141557638967,0.9731410869362
"K06439",126.2428903322,0.961738947083456,0.340848575688795,2.82160177768075,0.00477844722122808,0.22890343384825
"K06440",17.9342819346285,0.287966804348874,1.00260483796061,0.287218646315954,0.773944909849084,0.997370795218308
"K06442",304.920440071575,-0.0607756053486606,0.239986628199957,-0.253245798753514,0.800078277387776,0.997370795218308
"K06443",5.64884909714795,-0.345509176812801,1.36130494109316,-0.253807333230827,0.79964440782181,0.997370795218308
"K06445",141.082195361107,-0.225656904631302,0.289165775448028,-0.780372104138786,0.435171882719077,0.9731410869362
"K06446",54.7053144572949,-0.140920667606629,0.477611467669412,-0.295052939776082,0.767953438740086,0.997370795218308
"K06447",49.4483275604162,0.4002356145269,0.666217881969936,0.600757838176672,NA,NA
"K06518",52.3820609330779,0.697516579792444,0.563284282882756,1.23830293333007,0.215603756558129,0.883664559728345
"K06596",392.341807955403,-0.229827809948277,0.292169587916336,-0.786624684613271,0.431501604728938,0.9731410869362
"K06597",6.70070374588842,0.606184902636226,1.98664843998165,0.305129428255472,0.760267578754628,0.997370795218308
"K06598",8.78570870034464,0.0972496099979089,1.25402011148145,0.0775502793834955,0.938185794505399,0.997767989696698
"K06601",91.4720705050896,-0.33278042622,0.459504787384063,-0.724215362617879,0.468933528468328,0.9731410869362
"K06602",28.2453096164144,0.696665631851624,0.909961680333869,0.765598867411663,0.443915018594267,0.9731410869362
"K06603",57.6793380005142,0.328052109049338,0.623431012474175,0.526204347370235,0.598746233783685,0.992927693570313
"K06605",222.628421117716,-0.111002349508125,0.440521190071516,-0.25197959147006,0.801056838576685,0.997370795218308
"K06606",66.3228776200488,-0.517317071490076,0.503351608938036,-1.02774494469483,0.304069820058679,0.923868889060477
"K06609",668.982573405189,0.00302504398051628,0.600068897383175,0.00504116109618099,0.995977752429279,0.998573809130236
"K06610",28.762985354465,0.22365159292342,0.6294575889759,0.355308438313202,0.722358534505962,0.997370795218308
"K06714",109.808616526712,0.670476603962933,0.353184225031661,1.89837641786755,0.0576465138379192,0.663242882944981
"K06718",1.07492610797764,2.72557913458162,3.42349988578381,0.796138228571197,0.425951696478496,NA
"K06720",69.594377562431,0.230692753667254,0.38649301054288,0.596887258952536,0.550582654350174,0.988149645670342
"K06726",11.8324657346475,0.896930650891742,1.49386380329919,0.600409922852991,0.548233076341621,0.988149645670342
"K06857",37.1745503904713,0.819332422445828,0.652038075361785,1.25657143870198,0.208908862380598,0.87912635638217
"K06859",42.3656099062174,-0.323354136948684,0.633630594644809,-0.51031963999457,0.609827545462024,0.992927693570313
"K06860",58.6289000987938,-0.620189727129635,0.507109078653162,-1.22299077897955,0.221333179091746,0.88506594528464
"K06861",638.000540696081,-0.088572227400316,0.153964805207582,-0.575275805927848,0.565104781502909,0.988149645670342
"K06862",20.1756072784813,1.72421822669012,0.726919027738582,2.37195363017817,0.0176943111882726,0.447874637821824
"K06863",15.1958199843895,0.109963760372541,0.942107609880409,0.116721019148226,0.907081133255422,0.997370795218308
"K06864",654.225098393282,0.131466870844115,0.212856130197188,0.617632532933516,0.536817594338954,0.984070334914601
"K06865",8.25091563297573,0.603176821651998,1.32311899425961,0.45587496231926,0.648479894969856,0.992927693570313
"K06867",22.6765858513482,0.366557861054405,0.717100880315355,0.51116637995648,0.609234558121289,0.992927693570313
"K06869",34.2534115515748,0.50292553382838,0.658314522098794,0.763959349134493,0.444891467868906,0.9731410869362
"K06871",295.10884713364,-0.0463644527419762,0.257648342857109,-0.179952458563608,0.857189891378953,0.997370795218308
"K06872",299.046234706342,0.0423767232494989,0.233828816971337,0.181229686735718,0.856187293757799,0.997370795218308
"K06873",2.70304067643799,3.19755010266923,2.68470433531294,1.19102504533205,0.233643752897065,0.888188252939584
"K06875",20.0132014337566,-0.0679188189316678,1.07556706346353,-0.0631469865885964,0.949649459043382,0.997942587160163
"K06876",17.7422078777327,0.171440986440829,0.888580363135782,0.192938076907099,0.84700746418501,0.997370795218308
"K06877",951.162174337437,-0.0601631482250033,0.187688106673497,-0.32054853816424,0.74855254164944,0.997370795218308
"K06878",66.426093199595,0.36315895617289,0.498557715398338,0.728419087613022,0.466357082340394,0.9731410869362
"K06879",42.1591229098346,-0.40771356641884,0.766787121447565,-0.53171676338166,0.594922179825238,0.992927693570313
"K06880",331.488640988831,-0.203042879245786,0.274513396782486,-0.739646522266706,0.459514505091715,0.9731410869362
"K06881",1306.92566069639,0.132115468721807,0.125387258566702,1.05365944061634,0.292038864666248,0.921603082140073
"K06882",1.08130723274377,3.61060697323404,3.41922033025545,1.05597376726065,0.290980199944728,NA
"K06884",1061.42693491158,-0.126432424933695,0.186737343591488,-0.677060209286699,0.498367753799051,0.97911391715664
"K06885",184.77026058132,0.144582100167563,0.332636924954764,0.434654391382513,0.663813308324293,0.992927693570313
"K06886",1072.50242280564,0.0186590558225564,0.170226342171683,0.109613210179525,0.912716133583721,0.997370795218308
"K06888",1518.1434884691,-0.0249612733222423,0.151834362454212,-0.164398051394787,0.869417797466571,0.997370795218308
"K06889",910.506866164343,-0.107378284362945,0.143184382914975,-0.749930140263324,0.453296780619398,0.9731410869362
"K06890",3131.05102256089,-0.0186624928254157,0.149906475694646,-0.124494240418476,0.900923960385323,0.997370795218308
"K06891",1343.42369900647,0.0842263864547915,0.153411759927312,0.54902170794924,0.582990552515381,0.992186816903
"K06893",994.650704496842,-0.152387321324694,0.163686700799118,-0.930969471439884,0.351869356191554,0.947770244518839
"K06894",459.546443073518,-0.256390231055944,0.21337163648072,-1.20161346317982,0.229513322845032,0.888188252939584
"K06895",24.1201278998198,0.521720836016302,0.96069786225963,0.543064429007031,0.587085442768481,0.99260501002599
"K06897",180.687547754626,-0.489416753780961,0.482235658460224,-1.01489125740653,0.310157666097067,0.92871793789011
"K06898",237.192258705891,0.130399758177172,0.294024893919393,0.443499039958573,0.657404813474137,0.992927693570313
"K06901",1287.84737190633,-0.243078127188542,0.122952578054554,-1.9770071602784,0.0480408208375189,0.626220058805132
"K06902",523.689070140329,0.252548239120261,0.162409066307089,1.55501318284002,0.119942929706803,0.778883207834244
"K06903",201.720741177751,-0.340217871975433,0.290515221085665,-1.17108449844393,0.241564814148406,0.89029641349834
"K06904",158.899673896681,0.399123893231449,0.519702643460345,0.767985112744386,0.4424960295013,0.9731410869362
"K06905",265.259751305051,-0.359173597512649,0.289770107100266,-1.23951225026938,0.215155854926674,0.883664559728345
"K06906",3.78448189547912,-2.0385612289927,2.17333150467919,-0.937989084777758,0.348250019542381,0.947770244518839
"K06907",7377.06287335679,-0.242726001623793,0.165187808325538,-1.46939416464349,0.141725909158197,0.80901139713996
"K06909",64.5252407983603,0.820687103885715,0.554487675173992,1.48008177752227,0.138851423970242,0.807360367143472
"K06911",2306.91237191078,0.145331497675674,0.129562820340031,1.12170680828234,0.261987120823766,0.903690153582261
"K06912",179.401761249308,-0.531833273699754,0.367460796481835,-1.44731976524207,0.14780738585736,0.815874091147702
"K06913",36.9716414600307,-0.0976850995563401,0.579444228020065,-0.168584127397603,0.866123766356014,0.997370795218308
"K06914",19.1165483696184,0.421687625167975,0.970940033803682,0.434308618953534,0.664064345840042,0.992927693570313
"K06915",639.070439767546,-0.1996049204691,0.161463036669217,-1.23622672152527,0.216374300651916,0.883664559728345
"K06916",90.051346142511,0.211095087848994,0.381450861239299,0.553400475131097,0.579989213651986,0.992186816903
"K06917",125.142274259329,0.408027530796998,0.364074829816276,1.12072436043684,0.262405209570712,0.903690153582261
"K06918",40.361880262134,0.304607332077344,0.508035567321319,0.599578753281831,0.548787010513778,0.988149645670342
"K06919",71.1658566241487,-0.229157522873001,0.501461657667977,-0.456979151583965,0.647686030760592,0.992927693570313
"K06920",260.0547204869,0.0393496479000218,0.293309568665625,0.134157395815752,0.893278114500972,0.997370795218308
"K06921",50.8909742159344,0.397736650508058,0.472909741695169,0.84104135618427,0.400324766399037,0.967424176194844
"K06922",19.2709979788851,0.307540450885792,0.880032580490612,0.349464846760946,0.726740357418736,0.997370795218308
"K06923",175.312280877708,-0.282069291307068,0.357413924156879,-0.789195026389792,0.429998028459915,0.9731410869362
"K06925",262.007028978486,-0.113503119716663,0.241259882674697,-0.470459980574994,0.638026419676912,0.992927693570313
"K06926",17.8195156842021,-0.240892320231343,0.75938206329076,-0.317221504004774,0.751075534078879,0.997370795218308
"K06927",45.1855023006191,-0.962601675468659,0.628283869443424,-1.53211266799098,0.125494634208239,0.790776399829564
"K06928",0.999932248825816,-1.30123003472695,3.41988088170578,-0.380489870769395,0.703581814136703,NA
"K06929",647.323880550048,0.445614847155459,0.230945161087074,1.92952666796706,0.0536655126827061,0.647606672133739
"K06932",18.2450544520058,0.160001139257263,0.849185346235809,0.188417216531705,0.850549604554261,0.997370795218308
"K06934",29.1878635822421,-0.44124061953476,0.613300742949593,-0.719452282762072,0.471862292929113,0.974469580961331
"K06936",15.6946386065486,-1.44770845626675,0.811856299420508,-1.78320776386179,0.0745524891169593,0.700979187554707
"K06937",5172.31881007464,0.0241917518509059,0.198850107476647,0.121658228692418,0.903169696101957,0.997370795218308
"K06938",42.0209716350782,-0.210848535430853,0.631575679738919,-0.333845241662905,0.738496342107574,0.997370795218308
"K06940",289.23563726451,-0.30134124519965,0.230423509937079,-1.30777126553595,0.190950903123968,0.849632213082797
"K06941",1647.72612877493,0.145658812082862,0.139709625824655,1.04258250799178,0.297141694049219,0.921603082140073
"K06942",760.267046382134,0.0101164412088212,0.149954198798125,0.0674635408004843,0.946212686099418,0.997942587160163
"K06944",37.402544815178,-0.216582148175846,0.731596800363352,-0.296040316289354,0.767199292618291,0.997370795218308
"K06945",989.442740134764,-0.351867345933157,0.156875588038801,-2.24297068990828,0.0248987046404895,0.519352341138074
"K06946",2.92435200103251,-2.4184028772079,2.59983679879302,-0.930213341980023,0.352260635271864,0.947770244518839
"K06948",24.7472841365822,0.991590524811055,0.930985726855653,1.065097451236,0.286831832550221,0.919823007337143
"K06949",541.484670590739,0.0657114662354498,0.209384673636172,0.313831309113056,0.753649163604677,0.997370795218308
"K06950",1410.11843530606,0.39633669411513,0.294218524535106,1.34708273294953,0.177953588618208,0.846306641174535
"K06952",34.5665135631147,-0.257178160570426,0.607205053422598,-0.423544170327313,0.671898278912083,0.996158656889993
"K06953",93.1886568231564,0.253817478084216,0.324038116266696,0.783295129006718,0.433453822970865,0.9731410869362
"K06954",21.7214458520559,-0.487203731116498,0.64920637993718,-0.750460479398927,0.45297741748069,0.9731410869362
"K06956",897.516020130105,0.540627559163453,0.251805816688486,2.14700186942971,0.0317931327874486,0.550721011605584
"K06958",1298.82633789486,0.438142482097719,0.168071309158945,2.60688444857277,0.00913701886734327,0.312694891408679
"K06959",1135.19020244373,0.316312634871716,0.184774222757395,1.71188724353087,0.0869174499678289,0.736278087492683
"K06960",882.73472615352,-0.0721374023248916,0.173777460442051,-0.415113687018961,0.67805868028775,0.997370795218308
"K06961",18.238083790359,1.12719561305734,1.12089414248953,1.00562182487083,0.314597521212601,0.92871793789011
"K06962",109.344778114727,0.665849948919659,0.428066922997745,1.55548096138035,0.119831565395355,0.778883207834244
"K06963",5.54112876124687,0.184216840241541,1.76633444291394,0.104293295632982,0.916936598210026,0.997370795218308
"K06965",32.8037918067643,0.95498108880664,0.607600997016492,1.57172403188259,0.116014566310258,0.771155646650538
"K06966",92.8091583001636,0.236950800883164,0.520969199326378,0.45482689032201,0.649233783063604,0.992927693570313
"K06967",37.2625048169192,-0.552606222207878,0.667896351987251,-0.827383201845106,0.408019898630792,0.967424176194844
"K06968",4.9971801501138,-5.7530228248573,2.49654215788848,-2.30439642554367,NA,NA
"K06969",171.69702114901,-0.118939588503726,0.287311618149426,-0.413974169474301,0.678893024059439,0.997370795218308
"K06971",47.7708991855162,-0.0844997105316778,0.444500156982581,-0.190100518985844,0.849230363404973,0.997370795218308
"K06972",27.002680137013,0.155240857278066,0.862679343680304,0.179951981481077,0.857190265922001,0.997370795218308
"K06973",608.226910769779,0.181454909053452,0.191772512611317,0.94619873610992,0.344047230690116,0.947770244518839
"K06974",24.798062101986,1.9475529081306,0.865105409793959,2.25123191472638,0.0243708525199564,0.513536030726592
"K06975",515.924819351963,-0.246541557990598,0.211986928835878,-1.16300358396848,0.244828048314254,0.894262566183201
"K06976",168.954795306256,-0.626463182145395,0.290180356516684,-2.15887522389675,0.0308598485015754,0.546550306132283
"K06977",27.3201346149356,-1.1463685041628,0.790871362468199,-1.44950058702992,0.147197836517264,0.814757710630215
"K06978",1348.29567009997,-0.121629811047245,0.128385800801454,-0.947377438065313,0.343446483693866,0.947770244518839
"K06979",21.2290097178865,-0.678927955901493,0.779576442378844,-0.870893371058998,0.383812376619272,0.963622578411872
"K06980",552.988667981885,-0.101634217561046,0.203943387790843,-0.498345245030832,0.618240722765838,0.992927693570313
"K06981",30.5581628628527,-1.29051654574378,0.719996155959502,-1.79239366080222,0.0730699295337975,0.697951846854726
"K06982",34.4764311349415,0.153245494405326,0.599928469690058,0.255439610133016,0.798383580764927,0.997370795218308
"K06983",9.79807225787294,-0.886004334848064,1.41950426716152,-0.624164615313023,0.532519482487562,0.984070334914601
"K06984",62.6594354983472,0.109751271023134,0.450750599163604,0.243485579890042,0.807629254621797,0.997370795218308
"K06985",184.413549967418,0.277351124116923,0.317860636224981,0.872555744589318,0.382905271387666,0.963622578411872
"K06986",25.0880823083035,0.11243916796254,0.697066083083253,0.161303455570813,0.871854401749239,0.997370795218308
"K06987",276.508316763013,0.0562765338165215,0.232539090304406,0.242008918770829,0.808773252441344,0.997370795218308
"K06988",603.788146495554,0.0340562253302992,0.213135479453999,0.159786748867635,0.87304906282996,0.997370795218308
"K06989",129.867568490607,0.559145524661874,0.406898191159645,1.37416566799751,0.169390256487249,0.831694303422829
"K06990",64.0040992930508,-0.766677373791001,0.598810937730877,-1.2803329489876,0.200428064411497,0.861668056315391
"K06991",60.015508941233,-0.479250444224935,0.451813609901566,-1.06072600232062,0.288814439450378,0.921377165972116
"K06992",29.7595959894917,-0.509587424112504,0.874679568465752,-0.582598979654179,0.560163292454616,0.988149645670342
"K06994",8388.16144401723,-0.116530226455633,0.130249447966688,-0.894669637950685,0.370963713736458,0.951971446688251
"K06995",29.4847887731039,-0.574321837065895,0.685531117298545,-0.837776466412072,0.40215625825706,0.967424176194844
"K06996",2291.93931267944,-0.162783223133165,0.133198401030451,-1.22211094032541,0.221665676446416,0.88506594528464
"K06997",339.186431904519,-0.299609999602368,0.190599582788143,-1.57193418379826,0.11596581578582,0.771155646650538
"K06998",407.612817563621,-0.0254871224864888,0.202906590047636,-0.125610126711534,0.900040546495849,0.997370795218308
"K06999",432.066807447103,0.0512847195797403,0.217531715445677,0.235757436448606,0.813620897988164,0.997370795218308
"K07000",53.2485652220871,-0.690426044231173,0.657281127871107,-1.05042730569098,0.293521696930167,0.921603082140073
"K07001",2947.83520691771,0.335578364005303,0.138740276369413,2.41875231033693,0.0155738407435663,0.418241289173284
"K07002",164.706582086998,0.314114186880249,0.30205571431263,1.03992135224145,0.298376441433786,0.921603082140073
"K07003",413.943845951596,-0.203534319828233,0.20266102773735,-1.00430912692308,0.315229635773282,0.92871793789011
"K07004",2697.59688661505,-0.056428595878051,0.140280761481396,-0.402254701800534,0.68749658813058,0.997370795218308
"K07005",600.759600467046,0.729758770774313,0.516459020782125,1.41300421022595,0.157654486174563,0.823184583870493
"K07006",635.558715373509,-0.301688892270729,0.18312546761627,-1.64744366907449,0.0994668856945832,0.755548259580255
"K07008",39.3778288109493,-0.318241598008842,0.573169640309914,-0.555231079295771,0.578736613368793,0.992186816903
"K07009",103.835127579141,0.131870421540104,0.517850917179067,0.254649392644611,0.798993906608009,0.997370795218308
"K07010",776.039024953195,-0.163809998852134,0.169492719999336,-0.966472181535441,0.333807960444301,0.942486736234371
"K07012",3.17907845600234,-0.852150534643049,2.3060639564831,-0.369525976175715,0.711735714918725,0.997370795218308
"K07013",13.109182992848,2.5877593462538,3.25050363031376,0.796110277226183,0.425967941184233,0.9731410869362
"K07014",9.39972331870096,0.453632289028881,1.0837693549348,0.41856903128265,0.675531126452737,0.997370795218308
"K07016",21.4375508496297,0.65308496467345,1.01461994176132,0.643674481244411,0.519786541081066,0.98022172454027
"K07017",72.0409611963456,0.159420706791227,0.485170307616976,0.328587104957552,0.742467796091575,0.997370795218308
"K07018",563.689929430396,-0.16588290232401,0.160463040366639,-1.03377638828846,0.30124071239071,0.923868889060477
"K07019",38.2308658007595,-0.930828431018418,0.777527500502567,-1.19716464101496,0.231242388776935,0.888188252939584
"K07020",132.860269125901,-0.0926253726808423,0.385766940166589,-0.240107077710814,0.81024724747154,0.997370795218308
"K07023",40.8514420214972,0.998527266256712,0.551959473660052,1.80905902318419,0.0704418341999675,0.688718930590573
"K07025",348.550632228738,-0.239953011259013,0.218134812613555,-1.10002162600296,0.27132269946119,0.909827349984919
"K07026",10.0991909386693,0.377849625614314,1.20046788330353,0.314751965354144,0.752949985352354,0.997370795218308
"K07027",1020.60210245964,-0.260376449304219,0.188185107316529,-1.38361878374501,0.166475213653365,0.831694303422829
"K07028",44.120500260978,0.479268668908783,0.462406066738901,1.03646708679409,0.299984286631863,0.922487588306607
"K07029",984.595243726646,0.0854301021011639,0.154732309503223,0.552115472039693,0.580869242170177,0.992186816903
"K07030",558.861056803304,-0.15447541896053,0.223627503679867,-0.690771110076286,0.489709393541171,0.977192332550331
"K07031",251.714896217575,-0.308034206737904,0.239341115235249,-1.28700915609563,0.198091096808156,0.859064141045652
"K07032",1056.42049991605,-0.245948274435559,0.176495299682625,-1.39351175287855,0.163465093499321,0.83035830786042
"K07034",359.049908583448,0.0267248631599699,0.326784459332569,0.0817813160838591,0.934820613903411,0.997370795218308
"K07037",623.605320981072,0.261237718892073,0.215893197058957,1.21003219393121,0.22626653966332,0.888188252939584
"K07038",753.853826965612,0.428953018965027,0.226787042765093,1.89143530307125,0.0585662597156729,0.663242882944981
"K07039",113.775755101285,-0.653243351545213,0.394430984341895,-1.6561664206861,0.0976881213873842,0.755548259580255
"K07040",4944.673293408,0.0617149907601855,0.127233280284094,0.485053836719327,0.627638156845103,0.992927693570313
"K07041",1590.1867115144,0.192687376537094,0.413019008108594,0.466533919151806,0.640833374466735,0.992927693570313
"K07042",382.804028377799,0.0730216998957926,0.210544288097966,0.346823466717918,0.728723946238135,0.997370795218308
"K07043",8.72538732236985,-1.52700683354005,1.20763470948584,-1.26446086846095,0.206064657507587,0.873663897152915
"K07044",225.878121610568,0.407240344671412,0.247789273637001,1.64349464645511,0.100280632096146,0.755548259580255
"K07045",4072.25817370347,-0.182507413955755,0.148693016728147,-1.22741079555492,0.21966823088335,0.884375037713269
"K07046",138.318953637447,-0.408309037020871,0.308076733354811,-1.32534850189619,0.185055589112256,0.848827148219077
"K07048",264.746654658523,-0.102680184898654,0.239444480527953,-0.428826693654637,0.668049351285028,0.993283903884317
"K07051",337.407199583694,-0.246677768211895,0.297637425228891,-0.828786124668943,0.407225441054785,0.967424176194844
"K07052",1188.28198345608,0.0191690968186791,0.151655148926031,0.126399248257827,0.899415897183989,0.997370795218308
"K07053",626.046107049014,-0.15695032671521,0.203325065466105,-0.771918240160972,0.440162853377537,0.9731410869362
"K07054",1391.07066768197,-0.229201533998613,0.137323656651125,-1.66906081288606,0.095105328432722,0.755548259580255
"K07056",333.499988794185,-0.293387668933105,0.200318583807409,-1.46460534692664,0.143028622355271,0.809528822814033
"K07058",2131.87609242315,-0.0936564016252855,0.13049170396588,-0.717719201902478,0.47293044115658,0.974469580961331
"K07059",534.477762958992,-0.032899464479619,0.195355020240457,-0.168408594973008,0.866261846865291,0.997370795218308
"K07060",8.48589199323451,1.80617734678664,1.09894531678308,1.64355525175158,0.10026810362422,0.755548259580255
"K07062",21.4094280967337,0.0209745250764953,0.694237859742441,0.0302123037258106,0.975897736057313,0.998573809130236
"K07063",54.9831636366764,0.607854749104176,0.57134887988275,1.06389418183321,0.287376639012798,0.919956120736328
"K07064",96.7914436279686,0.364894090703191,0.351919632253019,1.03686767449462,0.29979753085841,0.922487588306607
"K07065",50.0340852089915,0.0438315490870458,0.435350787687957,0.10068099180393,0.919803701033215,0.997370795218308
"K07066",11.4611992857605,1.57552376267359,0.96406167608769,1.63425619102224,0.102205068282125,0.755548259580255
"K07067",1984.10046424248,0.00646716695266667,0.195558353035013,0.0330702670190149,0.973618553257019,0.998142329325159
"K07068",983.36285209356,0.125219351649235,0.192612123402042,0.650111475007533,0.51562021752812,0.979746666549689
"K07071",307.86406943575,-0.129112937761924,0.222526802327076,-0.580212973950661,0.5617710055788,0.988149645670342
"K07072",18.5950148536012,-0.808145592946812,0.929116476599442,-0.869800087826037,0.38440966348417,0.963622578411872
"K07074",50.8767998944736,-0.00330022961799428,0.440824538625737,-0.00748649253574378,0.994026698989384,0.998573809130236
"K07075",80.7964342585917,0.208016796112106,0.366383965820006,0.567756276251179,0.57020047291401,0.990848007156586
"K07076",53.9280128299979,-0.271799924869548,0.477971398687855,-0.568653115261086,0.569591571296938,0.990848007156586
"K07077",244.988082453864,0.13257701013171,0.240859751236703,0.550432396658175,0.58202283329496,0.992186816903
"K07079",166.183616763532,0.00936168278728069,0.373941900533151,0.0250351265101161,0.980026945478773,0.998573809130236
"K07080",2752.72180231606,-0.12678799754383,0.132300385315033,-0.958334302972158,0.337894211636032,0.944873292302512
"K07082",1422.0770196429,-0.184588334267692,0.14151935517698,-1.30433278216149,0.192120142632999,0.851198976763293
"K07085",530.363313504612,-0.0921551723710234,0.21461306860269,-0.429401494377907,0.66763106646179,0.992927693570313
"K07089",209.144593385615,-0.249067805257104,0.279945334638404,-0.88970157541227,0.373626147869513,0.953407328330002
"K07090",2803.71942653624,0.141547870332927,0.164955542597253,0.858097085458493,0.390838856590619,0.96389527995257
"K07091",313.468565875648,0.0506529950847202,0.241197323172861,0.210006456201084,0.833662634078465,0.997370795218308
"K07092",27.4995368831012,0.120893823147762,0.664026588743432,0.182061720414743,0.855534289298466,0.997370795218308
"K07093",1726.32062114661,-0.569390408455878,0.265918570708119,-2.14122092691623,0.0322562262170184,0.551495800429007
"K07094",11.9339206990785,0.332267115302737,1.54721232255604,0.214752112854054,0.829960590143661,0.997370795218308
"K07095",206.209798739323,-0.204321132245532,0.30875206349489,-0.66176442655229,0.508122207726668,0.979329538491088
"K07096",386.785630028914,-0.250333652457104,0.189447815608295,-1.32138579509778,0.186372759988312,0.848827148219077
"K07097",174.626298783846,0.565936582459076,0.362251133317137,1.56227691346826,0.118222768254364,0.775828076343312
"K07098",681.660207385227,-0.00532596569857841,0.184569297439167,-0.028856184492623,0.976979290765647,0.998573809130236
"K07099",6.11285790259702,-0.489858190572012,1.83189159670325,-0.267405664971432,0.789156838190021,0.997370795218308
"K07100",269.037379558842,0.245139313960928,0.285209848924517,0.859505079804611,0.390061918634147,0.96389527995257
"K07101",200.394111151334,-0.0818210354224476,0.261846550746346,-0.312477041187794,0.754678008633145,0.997370795218308
"K07102",271.700256583267,0.27549143560058,0.256319551688388,1.07479680650932,0.282465710544553,0.913930207303918
"K07104",1280.75380378854,-0.0251387324850662,0.141165634198334,-0.178079690767705,0.858660391512399,0.997370795218308
"K07105",8.98536342182434,0.989244816970287,1.26756581385262,0.780428760510344,0.435138544625868,0.9731410869362
"K07106",292.571790442881,-0.136977920185269,0.207617920308968,-0.659759619889382,0.509408100131748,0.979329538491088
"K07107",813.411951071791,-0.0669671825735824,0.162413793280363,-0.41232447824171,0.680101609369124,0.997370795218308
"K07108",83.2782411418393,0.578015630240324,0.567480907259618,1.0185640130724,0.308409996280735,0.927242704681387
"K07110",5.93520819842906,-3.45135648538871,2.23954741312488,-1.54109552008679,NA,NA
"K07112",120.957827145582,0.0255914627053225,0.32970817446632,0.0776185265856568,0.938131504756831,0.997767989696698
"K07113",194.321473270955,-0.248929003933071,0.314493845180837,-0.791522656953541,0.428639060120331,0.9731410869362
"K07114",1303.71730726091,-0.134606005256488,0.146534189545149,-0.918597944099692,0.358305907728625,0.950060596598327
"K07115",71.1474819971025,0.0136907671804475,0.53142634216767,0.0257623043761875,0.979446928612344,0.998573809130236
"K07116",207.944224335103,-0.225859409313092,0.271757041185384,-0.831107846655639,0.405912707397865,0.967424176194844
"K07117",175.683727367922,0.385003254685737,0.292037533572502,1.31833483859415,0.187391583413072,0.848827148219077
"K07118",70.5503223883324,0.311275631558291,0.533766314133938,0.583168370344522,0.559779961482139,0.988149645670342
"K07120",99.3544418591499,-0.106649696348571,0.36988336078245,-0.288333317083972,0.773091606204223,0.997370795218308
"K07121",37.3686486960352,0.66421855401568,0.638888317824446,1.03964736165076,0.298503764369307,0.921603082140073
"K07122",30.7826668812647,1.11031343730292,0.800606669668295,1.38684010434605,0.165490525084609,0.831694303422829
"K07123",16.1710531563523,-0.314883311897776,0.894254140312745,-0.352118371839635,0.72474949088527,0.997370795218308
"K07124",384.377912646387,0.0551233315331466,0.256962725158654,0.214518784773598,0.830142519778588,0.997370795218308
"K07126",331.733235176467,-0.012294148606288,0.198333825764372,-0.0619871499927293,0.950573065142461,0.997942587160163
"K07127",168.747463619815,0.212608176234355,0.243614622133309,0.872723379132856,0.382813871429711,0.963622578411872
"K07130",429.612319093581,0.109689866053701,0.236752868512045,0.46330955457091,0.64314249815944,0.992927693570313
"K07131",644.637708428718,-0.213151403926236,0.168635260563402,-1.2639788571744,0.206237615760414,0.873663897152915
"K07133",46.2813853365244,-0.195143402087476,0.674596629980709,-0.289274202411976,0.772371552298665,0.997370795218308
"K07136",16.3052868675717,0.988683194018915,0.848801844710107,1.16479859248725,0.244100528765281,0.893592950351629
"K07137",451.776326270734,0.386115918991467,0.228431289821416,1.69029347640302,0.0909718225401944,0.749263962924255
"K07139",155.783614739117,0.822345999491059,0.39218632303487,2.09682477738507,0.0360090893775487,0.561047008846237
"K07140",35.213328618815,0.558751969294852,0.511052748239164,1.09333522071848,0.274246644209746,0.912243138973363
"K07141",226.551625808622,-0.0727955381514043,0.22891703882323,-0.317999649679275,0.750485202643325,0.997370795218308
"K07142",20.4847227308698,0.577336497561003,1.04580665415133,0.552048980821901,0.580914795381875,0.992186816903
"K07143",6.85891278865721,0.449291082833746,1.5165814506161,0.296252524156368,0.767037239593758,0.997370795218308
"K07144",16.700195411002,-0.318025008504937,0.708126827398925,-0.449107414378155,0.653354172129422,0.992927693570313
"K07145",2.95370490939208,-4.99058168934486,2.42825574548423,-2.05521255272462,0.0398584792161072,0.579223041294056
"K07146",117.369270233662,0.406839880752558,0.376027323004105,1.08194233733413,0.279278150879184,0.912317125798179
"K07147",723.873240652215,0.0244096705220455,0.166190923049636,0.146877278699241,0.883228886370979,0.997370795218308
"K07148",276.982033340363,-0.33766358283238,0.270622320095653,-1.24772998292613,0.212129957301585,0.883367629372891
"K07149",116.688003393099,0.568701896377031,0.384177641530372,1.48030971847192,0.138790610851992,0.807360367143472
"K07150",69.1497659841331,0.488656487931695,0.570213620943597,0.85697091402878,0.391460959418219,0.96389527995257
"K07151",126.935319750386,0.238148853514196,0.430146192526085,0.553646312932909,0.579820924011073,0.992186816903
"K07152",1492.50632633284,0.198210898947397,0.146035216426074,1.35728150920183,0.174691780330391,0.839666448824577
"K07154",38.4566497701234,0.56200174482991,0.473814162345275,1.18612272382937,0.235573837794095,0.888188252939584
"K07155",48.1361834163576,0.419997433140533,0.569514439100188,0.737465820540236,0.460839121171059,0.9731410869362
"K07156",138.485297681792,0.311927882623297,0.292344340074794,1.06698793123032,0.285977285810862,0.918840109828997
"K07157",634.749326335119,0.169139861356901,0.195794979209518,0.863862097178225,0.387663650478685,0.96389527995257
"K07158",2.49436904158359,-0.646699714272411,2.51314479550673,-0.257326882011991,0.796926442149448,0.997370795218308
"K07159",161.82970977896,0.505736603578783,0.340909008888716,1.48349439408294,0.137943104771006,0.807360367143472
"K07160",234.963319500156,-0.50785136403224,0.219499492170339,-2.31367899310733,0.0206853370315062,0.479911506804299
"K07161",936.91475008849,-0.0754524241256521,0.166425698519072,-0.453370031173434,0.650282312579389,0.992927693570313
"K07164",390.135204334604,-0.251351934192063,0.219544700781082,-1.14487816511999,0.25225963007504,0.897595428587345
"K07165",333.255646728479,-0.392404301716478,0.327034841790786,-1.19988530753403,0.230183886863739,0.888188252939584
"K07166",3.42446124383513,-0.229045082642403,1.97280514082646,-0.116101219477991,0.907572322347801,0.997370795218308
"K07167",2.67158808577513,1.61662453003151,2.14346022079758,0.754212517846478,0.450721622239767,0.9731410869362
"K07168",56.468779248593,0.0842610244293554,0.500605590955979,0.168318184917685,0.86633296846074,0.997370795218308
"K07169",6.36117139657733,2.34705097609962,1.96701916789116,1.19320188354641,0.232790317184676,0.888188252939584
"K07171",2816.11186447486,0.764274393685906,0.184360950806746,4.14553293602314,3.39024262500556e-05,0.012690101925724
"K07172",39.1195969948884,-0.0630757082665158,0.583868627807561,-0.10803065152407,0.913971378087489,0.997370795218308
"K07173",158.723100877383,-0.0383823258589886,0.420267426285385,-0.0913283387157509,0.927231701038503,0.997370795218308
"K07175",2818.60927606535,0.203092733656336,0.152877770770838,1.32846477700652,0.184024612259082,0.848827148219077
"K07176",934.379250663557,0.44923429502071,0.729241702746752,0.616029353955802,0.537875146434587,0.984070334914601
"K07177",313.534798229621,0.0921823180745133,0.223220858461859,0.412964624855003,0.679632531820519,0.997370795218308
"K07178",230.548145679618,0.554788794021096,0.293701729876476,1.88895310304923,0.0588981129469758,0.663242882944981
"K07179",5.7172733240047,1.32844091486992,1.56174408897316,0.850613698012053,0.394983977699031,0.966076934033148
"K07180",15798.1316278326,0.489528467592188,0.141058294096636,3.47039832522589,0.000519687053821897,0.0676609948986813
"K07181",195.076403959212,0.521367334819346,0.443574245450685,1.17537783170802,0.239843588421368,0.89029641349834
"K07182",135.826051823076,0.190383561234984,0.430269989655858,0.442474645715492,0.65814577349824,0.992927693570313
"K07183",13.4923948222186,0.310534312866158,1.11722318541973,0.27795190515089,0.78104927856855,0.997370795218308
"K07184",1.43829076259143,-1.55485908719642,2.61154438563239,-0.595379154093875,0.551590056600776,NA
"K07192",737.524878137839,0.425861347566436,0.195814647272446,2.1748186537543,0.0296437086589867,0.538557233280785
"K07213",225.226042252485,0.26056004545255,0.295631153542375,0.881368699916811,0.378118293143908,0.960336202533726
"K07214",4.40828999509268,-0.407213286417887,2.0773794617437,-0.196022582256629,0.844592490789672,0.997370795218308
"K07216",105.446313095043,1.10755513990744,0.50539026986957,2.19148488987188,0.0284167220060696,0.53510136360559
"K07217",897.339917776686,0.137398098266133,0.156194356367713,0.879661093149039,0.379042932241625,0.961087265535601
"K07218",271.744410915501,1.35294096064713,0.826125760625324,1.63769370854994,0.101485603702825,0.755548259580255
"K07219",92.944096234886,0.0433870394823157,0.473760714774494,0.091580070126683,0.927031686631602,0.997370795218308
"K07220",4202.74417579544,0.12208514037983,0.234853111972733,0.519836162077359,0.603177772536612,0.992927693570313
"K07221",283.784193354186,-0.17878617514104,0.294016261350204,-0.608082608492486,0.543132686288059,0.985668817289558
"K07222",1313.39530796664,-0.158822035980279,0.175645161245914,-0.904220958059407,0.365878249220816,0.950060596598327
"K07223",112.316154434008,-0.0335041159064574,0.361810488110675,-0.0926012843945221,0.926220323335271,0.997370795218308
"K07224",232.295306562793,0.344280418461448,0.230613001911059,1.4928924891851,0.135465331510843,0.807360367143472
"K07225",0.897500313767883,-1.39813823394975,3.43333298216701,-0.407224769986421,0.683842910540297,NA
"K07226",32.4564395792069,0.6690355413861,0.827237037185076,0.808759172174755,0.418653684710514,0.97183810981949
"K07228",33.7610265617863,0.165839388590067,0.548284618608803,0.302469525792756,0.762294161043408,0.997370795218308
"K07229",112.551715595463,-0.223927656949636,0.390142435897441,-0.573963856135098,0.565992260029141,0.988389301363562
"K07230",5.40922197035539,-1.75736070261771,2.29901660805507,-0.764396697466403,0.444630876226351,0.9731410869362
"K07231",28.7361940564353,0.56936430373952,0.685801345571971,0.830217536631779,0.40641580194905,0.967424176194844
"K07232",62.1051154196747,0.134092938260051,0.48224760301074,0.278058278409037,0.780967622230296,0.997370795218308
"K07234",56.6790530374102,1.35469889457916,0.744702516004722,1.81911416366233,0.0688940146351525,0.686388393300867
"K07238",260.814426884226,0.508509628997249,0.234006002790111,2.17306232718035,0.0297756266212234,0.538557233280785
"K07240",629.396016361143,0.156575040768953,0.180217724120067,0.868810443220541,0.384950820088752,0.963622578411872
"K07241",159.182813496943,0.0736265961647645,0.362362285372919,0.203185041978066,0.838990403757822,0.997370795218308
"K07243",1143.95703751652,0.34685638888419,0.195206510783947,1.77686895529877,0.0755898032664606,0.705151607107216
"K07244",15.7821487973209,-0.824237050739908,1.09193202561016,-0.754842821172254,0.450343297165378,0.9731410869362
"K07245",5.93075517338901,-2.58360121058406,1.66376315883214,-1.55286598147635,0.120455155427435,0.778883207834244
"K07246",628.376432884179,0.0363195998730864,0.173597987611115,0.209216710244635,0.834279068185303,0.997370795218308
"K07248",47.5304548328858,0.663091402324124,0.501097752714421,1.32327754162175,0.185743097460005,0.848827148219077
"K07250",363.98060841477,0.0336519644997164,0.245499041410901,0.137075747042905,0.890970922547881,0.997370795218308
"K07251",101.315120199718,-0.217760207523201,0.310947377364795,-0.700312089359515,0.483732423477041,0.974469580961331
"K07254",4.35961530686645,-0.176229110660155,1.64167235144626,-0.107347309897071,0.914513453478897,0.997370795218308
"K07255",49.5839581031755,-0.30074165125641,0.425197125898048,-0.707299351145004,0.47938046868689,0.974469580961331
"K07257",26.7145455485892,-0.777740434222495,0.755964608538146,-1.02880535072463,0.303571151870469,0.923868889060477
"K07258",2074.82927864273,-0.0583748078801033,0.12325152447562,-0.473623414626813,0.635768475362502,0.992927693570313
"K07259",647.670649214218,-0.0678494098012223,0.17691260912439,-0.383519355330497,0.701334721876233,0.997370795218308
"K07260",1344.66436776732,0.48845181241171,0.261876265856363,1.86520076882271,0.0621532678388471,0.671608547723031
"K07261",141.667057074848,-0.0760096971192134,0.363937548742946,-0.20885368212693,0.834562463012941,0.997370795218308
"K07262",355.820764313845,-0.180570381820968,0.274458206233053,-0.65791576903202,0.510592257281249,0.979329538491088
"K07263",8009.81685568306,0.0364528991549035,0.117896938871066,0.309192923106926,0.757174776883298,0.997370795218308
"K07265",62.0987427287617,0.46525285494151,0.489271834146974,0.950908722862947,0.341650713383204,0.947770244518839
"K07266",30.4003668397944,-0.150616740254056,0.616480794544773,-0.244317003200847,0.806985315774039,0.997370795218308
"K07267",64.3021707562126,0.25172124944899,0.580853140974064,0.433364703902375,0.664749838414564,0.992927693570313
"K07273",852.778835513283,0.511338247399678,0.292327056137419,1.74919918175245,0.0802565954889961,0.714200223452597
"K07274",94.8411823869963,-0.049983160736705,0.410791128701068,-0.121675365519097,0.903156123719894,0.997370795218308
"K07275",442.347523141519,0.636484616279033,0.379704909745966,1.67626122270808,0.0936870368522971,0.75200560627888
"K07276",47.5701035838674,-0.700969877591351,0.673921952147613,-1.04013510074504,0.298277138074657,0.921603082140073
"K07277",3354.47536239847,-0.0169975775465869,0.12831650721576,-0.132466024172603,0.894615694950525,0.997370795218308
"K07278",71.5718344207539,-0.362851956952464,0.532434247232815,-0.681496276466607,0.495557522047652,0.978899117871614
"K07280",10.3024679453063,-0.319083228165072,1.23599775507563,-0.258158420478318,0.796284646119882,0.997370795218308
"K07281",29.1483596588255,-0.0854930028096313,0.651096137608159,-0.131306266266139,0.895533034948536,0.997370795218308
"K07283",41.4131690526259,-0.036334583325468,0.657964803567768,-0.0552226853601382,0.955961056205119,0.997942587160163
"K07284",1090.05847156013,-0.0441529907101609,0.21000537860613,-0.210246951783891,0.833474936179142,0.997370795218308
"K07285",33.46877617695,0.338062109859355,0.615917033890045,0.548876051899722,0.583090513926981,0.992186816903
"K07287",200.500335204503,-0.224613621102754,0.309950781516793,-0.724675124236087,0.468651359428975,0.9731410869362
"K07289",74.7816735489575,-0.190106856095145,0.41996241395267,-0.452675881886351,0.650782148947095,0.992927693570313
"K07290",57.6716289719522,0.527525499999602,0.500633137487107,1.05371670490587,0.292012638527379,0.921603082140073
"K07300",888.77970628704,-0.0372717881089038,0.169698308028522,-0.219635590607298,0.826154970848462,0.997370795218308
"K07301",116.492814713441,-0.917428452537837,0.389401823546373,-2.35599423798944,0.0184732042398501,0.459070623205239
"K07302",1175.11084201344,-0.166118702558395,0.184387713456562,-0.900920671146178,0.367630499671568,0.950146953911141
"K07303",2008.01220524303,-0.314906872960176,0.181142436992011,-1.73844891450845,0.0821317441342722,0.72389664677723
"K07304",5230.79100206713,0.0571951807698552,0.128238926577445,0.446004830953685,0.655593756304061,0.992927693570313
"K07305",2536.70542274712,0.00985017237169939,0.14596764665348,0.0674818879219395,0.94619808049883,0.997942587160163
"K07313",155.186913143464,-0.224644168802493,0.312598372934713,-0.718635118582049,0.472365769279987,0.974469580961331
"K07315",2957.77389443091,-0.388172030740268,0.133954804629859,-2.89778356075288,0.00375809841703858,0.200957601961108
"K07316",41.9033047380449,0.717689074078241,0.563364077264189,1.27393474849068,0.202686542260993,0.864672698897356
"K07317",25.946568350964,0.276552273330343,0.857074101163865,0.3226702019753,0.746945021385133,0.997370795218308
"K07318",20.485486257562,-0.544470263263768,0.948047708564384,-0.574306818470404,0.5657601959393,0.988389301363562
"K07319",16.7223081669306,-1.85477894909565,1.31181889056905,-1.41389864289199,0.157391664479272,0.822831670502234
"K07320",37.1656848018028,0.0499792173218215,0.595537097515091,0.083922928614124,0.933117709468169,0.997370795218308
"K07321",10.4944771729047,0.843987384629737,1.20162093234455,0.70237406981833,0.482445911826838,0.974469580961331
"K07322",1463.68942089642,1.40803338298764,0.501064752907605,2.81008267857005,0.00495287747281463,0.22890343384825
"K07323",425.612435631857,0.488269825072119,0.230531607471732,2.11801683260284,0.0341736421508092,0.55341756161565
"K07326",3.03522598917459,2.54167354738318,2.30779682427931,1.10134199018014,0.2707478424632,0.909608702338379
"K07334",18.9965739615909,0.878961697423085,1.20385613448266,0.730121874405537,0.46531569159796,0.9731410869362
"K07335",13427.9976689329,-0.133764910460987,0.119947869832621,-1.11519204674203,0.264768133513954,0.906112200922899
"K07336",71.5613888918333,0.296473558581052,0.524304640084973,0.565460489788919,0.571760590881029,0.990848007156586
"K07337",220.048365910856,-0.0377649419109092,0.262024556362147,-0.144127491084133,0.885399796610441,0.997370795218308
"K07338",1.79486261466375,1.77405448705131,2.66646587674039,0.66532052876671,0.505845502995763,0.979329538491088
"K07339",29.0016509407469,0.709234030362162,0.678484598876304,1.04532075088629,0.295874750167087,0.921603082140073
"K07340",291.630492012822,0.0187440701603248,0.226140927998539,0.0828866774635587,0.933941647430881,0.997370795218308
"K07341",34.6631010596444,-0.106923420621879,0.55985130768572,-0.190985390502834,0.848537039168799,0.997370795218308
"K07342",2.81284164020396,-1.55695808024701,2.37293982632443,-0.656130451760618,0.51174019268821,0.979746666549689
"K07343",44.4009031026003,-0.0149859321653636,0.503755631943902,-0.0297484161269535,0.976267698504517,0.998573809130236
"K07344",11.5861477216777,0.400249468235377,0.892174100996643,0.448622603803742,0.653703925058318,0.992927693570313
"K07345",6.48124206565655,1.46402956588078,1.31030644813816,1.11731844711674,0.263858190778246,0.905066841105909
"K07347",0.746007737002644,2.05522390071047,3.44699397159437,0.596236581104274,0.551017190976617,NA
"K07386",1963.94829548233,-0.00459165019813578,0.187133215387443,-0.0245367995661763,0.980424430734375,0.998573809130236
"K07390",2020.60195952984,0.0685750440494296,0.141070626062817,0.48610434335844,0.62689318760722,0.992927693570313
"K07391",380.046095789852,-0.343901262033882,0.254313014093008,-1.35227551472498,0.176287194230607,0.842604953110219
"K07393",409.776875741632,-0.0445483616854733,0.209139433487966,-0.213007948537054,0.831320762918696,0.997370795218308
"K07394",3.34050812118156,1.21412218094402,2.53866244738947,0.478252704368992,0.632470354431774,0.992927693570313
"K07395",222.288315734814,0.0671912759345253,0.24241173325587,0.277178315719576,0.781643189114173,0.997370795218308
"K07396",312.855935499664,-0.0838609664746966,0.356737294494717,-0.235077654534207,0.814148461864931,0.997370795218308
"K07397",568.422826045187,0.087367085591049,0.186817986012513,0.467658855851262,0.640028568563439,0.992927693570313
"K07399",429.959418157986,0.287314511858398,0.211153314859084,1.36069145800596,0.173611215166606,0.837701380587708
"K07400",178.873823334343,0.0392400742842696,0.290546365850014,0.135056152464582,0.892567477729476,0.997370795218308
"K07401",28.917760361048,0.602222230027998,0.699438575462715,0.861008030089843,0.389233620408943,0.96389527995257
"K07402",1605.54440858921,-0.0132766837300574,0.135007753690687,-0.0983401572658957,0.921662191813778,0.997370795218308
"K07403",405.187812869049,0.245849245068205,0.183108119743464,1.34264523830315,0.179386874588167,0.848637748318353
"K07404",419.864301367802,0.322573550369872,0.230198813571182,1.40128241916471,0.16112963636189,0.828697110513083
"K07405",5.38184005608822,-0.924089676659493,1.76415344798336,-0.523814794974802,0.60040736199397,0.992927693570313
"K07406",360.855898022655,-0.065672478112331,0.209495877443732,-0.313478617878626,0.753917063104304,0.997370795218308
"K07407",910.647983243621,-0.226998075844859,0.184234549048628,-1.2321145898913,0.217906282085317,0.883664559728345
"K07441",8.91238860714854,0.981627851070774,1.21828926540272,0.805742838706116,0.420391143244718,0.97209365130989
"K07442",182.780566172307,-0.167649592780935,0.286057591601441,-0.586069371004555,0.557828898121239,0.988149645670342
"K07443",88.8179515578215,-0.395470018372184,0.428937809685886,-0.92197518950775,0.35654151723512,0.949760216259208
"K07444",8.10579120550467,-0.207633804242568,1.56577047356269,-0.132608072350557,0.89450334799576,0.997370795218308
"K07445",20.9346712893838,0.337606050302559,0.731011626947732,0.461834036364374,0.644200340702871,0.992927693570313
"K07447",328.232031631263,-0.0733576601186966,0.294029018474373,-0.249491225387641,0.802980827483129,0.997370795218308
"K07448",66.2077161443764,-0.331087100769035,0.461722132235323,-0.717070024705448,0.47333089032315,0.974469580961331
"K07450",42.6688661837263,0.439023590919018,0.618249724163821,0.710107216809186,0.477637651361886,0.974469580961331
"K07451",726.584207550274,-0.115094802081745,0.209815589645313,-0.54855219422117,0.58331280089713,0.992186816903
"K07452",80.1626224925591,0.17559698675504,0.53763805876922,0.326608177919961,0.743964257398069,0.997370795218308
"K07454",27.3217463741041,-0.306964864439178,0.580635888940174,-0.528670153337364,0.597034285350665,0.992927693570313
"K07455",64.7174647440444,0.526242334910659,0.50456815364062,1.04295590419977,0.29696871596339,0.921603082140073
"K07456",472.518784330311,0.241451445113182,0.171843914252346,1.40506253109795,0.160002684694682,0.828697110513083
"K07458",13.5596827629046,0.538926734287445,1.10891626206426,0.485994076129992,0.626971366015388,0.992927693570313
"K07459",8.08240995248227,0.631911592213843,1.19789842640895,0.527516839727543,0.597834725461368,0.992927693570313
"K07460",75.8095274900007,-0.548386585922686,0.480739843513871,-1.14071382541202,0.253989031332413,0.898584748911732
"K07461",50.3270206392597,-0.147906006376843,0.627257158299612,-0.235798036610361,0.813589391763727,0.997370795218308
"K07462",1011.74052967997,0.157504443224741,0.145237157947665,1.08446382076339,0.278159199890931,0.912317125798179
"K07464",5.95570967007334,-0.521335950333967,1.8010964115856,-0.289454771538304,0.772233386221576,0.997370795218308
"K07465",304.679884428649,-0.240161020068338,0.266199396876606,-0.902184688944511,0.366958766851008,0.950146953911141
"K07469",4.69335573501523,0.0758423370954481,1.44706017375823,0.0524113222593048,0.958200952659394,0.997942587160163
"K07473",2.54209274854456,-0.282812582526665,2.78702617999844,-0.101474677402142,0.919173658287229,0.997370795218308
"K07474",27.7780857160311,0.406979759616364,0.629268827557536,0.646750231051534,0.51779360765606,0.980180447854674
"K07476",1249.43290283388,0.557651934685857,0.486761015623543,1.14563803753163,0.251944951684365,0.897595428587345
"K07477",28.9876027528978,-0.110975626613021,0.758260552292657,-0.146355532115548,0.883640729470017,0.997370795218308
"K07478",717.733067764208,-0.10296490162146,0.158503248913697,-0.649607514843579,0.515945777661073,0.979746666549689
"K07480",612.438552549818,0.355538243708312,0.169785723465197,2.09404086781885,0.0362563398602654,0.561047008846237
"K07481",839.779122850231,-0.098811600862913,0.179886728987553,-0.549299002872803,0.582800271550398,0.992186816903
"K07482",705.214626908735,-0.207223837850477,0.176302493294282,-1.17538801623515,0.239839515682313,0.89029641349834
"K07483",617.810804432006,-0.0970464261591332,0.218488309550402,-0.444172168107449,0.656918112783244,0.992927693570313
"K07484",962.272332468954,-0.103752814176061,0.151942833642971,-0.682841116546864,0.494707245261413,0.978899117871614
"K07485",889.983235071044,0.175596260812523,0.175899670125858,0.998275100157275,0.318145978322419,0.92871793789011
"K07486",4745.52508468406,-0.102719885184818,0.1213126037972,-0.84673712351057,0.397141661644617,0.966076934033148
"K07487",2491.40637960968,0.0338876960984193,0.137788917757636,0.245939199246968,0.805729298945359,0.997370795218308
"K07488",1046.70624576115,0.00854210720487708,0.172966822491505,0.0493858133128196,0.960611833702966,0.997942587160163
"K07491",562.34884283277,0.0408943148796671,0.190780179429009,0.214353058069558,0.830271745071076,0.997370795218308
"K07492",3400.89351655643,0.0393074923749944,0.146707483475555,0.267931065572016,0.788752380763976,0.997370795218308
"K07493",2154.60474172609,-0.0258726921751306,0.140322302743159,-0.184380470312599,0.853714989593994,0.997370795218308
"K07494",4661.8395612078,0.0509561760990897,0.130901466852493,0.389271238316297,0.697075510207152,0.997370795218308
"K07495",3056.32895040872,0.113469001030547,0.147147301630725,0.771125258656144,0.440632690285507,0.9731410869362
"K07496",1000.78653112617,0.162155485621343,0.218328450536124,0.742713490720776,0.457655160288747,0.9731410869362
"K07497",4702.78209102923,-0.126390627395327,0.110310377173976,-1.14577277889268,0.251889181170563,0.897595428587345
"K07498",1852.08501141739,0.130720019408003,0.154170351248775,0.847893374758343,0.396497354571599,0.966076934033148
"K07499",679.414104444427,-0.0594527382969254,0.177669433919843,-0.334625585196314,0.737907542312607,0.997370795218308
"K07501",91.0745059967763,0.449642858891493,0.378425196624575,1.18819482133366,0.234756663500913,0.888188252939584
"K07502",368.606076032974,0.362380783354923,0.403676362060601,0.897701271149788,0.369344831600687,0.951124474362394
"K07503",283.748758520403,-0.145258330199173,0.284426816596923,-0.51070546700604,0.609557312010328,0.992927693570313
"K07504",12.7782874403315,-0.126983711661077,1.33996515893904,-0.0947664279283359,0.924500353457204,0.997370795218308
"K07506",439.343257688662,-0.0503788874586378,0.209043480631486,-0.24099717105002,0.809557309093289,0.997370795218308
"K07507",189.20016113011,0.246302017141718,0.263830337493206,0.933562150137719,0.35052979722918,0.947770244518839
"K07508",133.063246317772,0.931005242967152,0.337156069251723,2.76134801616772,0.00575633014543567,0.251639863073097
"K07511",18.8610610766834,0.108795424783865,0.865369119158701,0.125721408789852,0.89995245456586,0.997370795218308
"K07512",14.4103555342611,-0.114047744397317,0.997100200418924,-0.114379421796727,0.908937025956083,0.997370795218308
"K07516",2392.1487435205,0.663324947751098,0.213569495794266,3.10589742830168,0.00189702506624286,0.143813710401627
"K07517",11.7268421346759,0.231693293822379,1.2449714861251,0.186103293452536,0.852363759232583,0.997370795218308
"K07518",133.583513530274,0.173114202953667,0.320602013105607,0.539966050982477,0.589220445110743,0.992709695586957
"K07533",1761.48080843568,0.00309678762692279,0.151265130543358,0.0204725809299133,0.983666384739561,0.998573809130236
"K07535",87.8060060820532,-0.0702262270728993,0.374899788648707,-0.18731999643431,0.851409745587717,0.997370795218308
"K07536",6.14885362140261,0.526102166230969,1.58532750538767,0.331857085960493,0.739997176145066,0.997370795218308
"K07537",16.3232924240574,-0.00637405410889682,1.20689515863383,-0.00528136521494714,0.995786099824634,0.998573809130236
"K07538",35.7238717672427,1.04622984804758,1.12728977038563,0.928093091530208,0.35335928289516,0.947770244518839
"K07543",3.04434721797461,3.43587238725034,1.87451598853322,1.83293842691567,0.066811728330352,0.673628688502489
"K07544",53.1749706656984,-0.451829088668657,0.504195872932299,-0.896138014857028,0.370179056055246,0.951911707477401
"K07546",7.37291815261778,-0.425406080495046,1.22413968738098,-0.347514327719571,0.7282049564762,0.997370795218308
"K07552",352.035597911298,0.107754621770899,0.209748529049839,0.513732431207156,0.607439074365648,0.992927693570313
"K07556",19.6757928032975,0.287248452054119,0.899611561345427,0.319302757319526,0.749496941999685,0.997370795218308
"K07558",10.3871396009455,0.385745917777005,1.14526987819381,0.336816609885313,0.736255151079247,0.997370795218308
"K07559",17.6866855969148,0.0477615150585915,0.898976111553058,0.0531287922390723,0.957629290953471,0.997942587160163
"K07560",196.2381886103,-0.481497659388682,0.302861238669502,-1.5898292614266,0.111873296174086,0.762217814728028
"K07565",4.56215129743569,-1.17886591393119,1.91377732856749,-0.615989068495025,0.537901734583907,0.984070334914601
"K07566",483.452615407658,-0.0455635010049187,0.223413273263019,-0.203942676902987,0.8383982945194,0.997370795218308
"K07568",573.26227993424,0.0286566189272829,0.210721809015281,0.135992658098359,0.891827085032586,0.997370795218308
"K07569",102.514310036068,0.814899464915154,0.600585073556131,1.3568426868987,0.174831200815536,0.839666448824577
"K07570",263.251383409632,0.687292071388092,0.225811033883589,3.04366026569989,0.00233718914205447,0.153817865623783
"K07571",1466.36453721717,0.323256567163231,0.43452037514445,0.74393880161723,0.45691349976495,0.9731410869362
"K07572",69.7374390232958,0.992571690068238,0.495431956663904,2.0034470459918,0.045129326051772,0.610284468809643
"K07573",15.3814262071797,0.899252010575169,1.02060575653891,0.881096353625046,0.378265670692446,0.960336202533726
"K07574",135.652059198199,-0.292872690382252,0.30963077917376,-0.945877186899097,0.344211230510547,0.947770244518839
"K07576",114.550922894041,-0.118470857849341,0.35509011852367,-0.333636031162732,0.738654225724915,0.997370795218308
"K07577",84.6947531947895,0.467248787544978,0.442038538557828,1.05703178973806,0.29049707927818,0.921603082140073
"K07581",8.2282929473455,-0.881707255826215,1.50870765579426,-0.584412263330129,0.558942978044097,0.988149645670342
"K07583",10.2494816730833,1.00201427743236,0.875348457749548,1.14470331050615,0.252332079634029,0.897595428587345
"K07584",587.460365286965,0.496168295612092,0.268534443840308,1.84768958691628,0.0646472612295357,0.673390891931288
"K07586",343.930010426191,0.79435222319985,0.350327621718752,2.26745530170489,0.0233624264871131,0.502692088280873
"K07588",563.808022120038,-0.344736549993182,0.217126685789999,-1.5877207757254,0.112349492963309,0.762575788586981
"K07590",177.497438333098,0.801752124286157,0.485696897591291,1.65072523267551,0.0987946930645823,0.755548259580255
"K07636",284.714472273222,-0.066005191894749,0.236469760358928,-0.279127410602364,0.780147048160003,0.997370795218308
"K07637",51.5880266303733,0.294701218365436,0.475217787922246,0.620139283198831,0.535166091307414,0.984070334914601
"K07638",123.319106339426,-0.0887795029472346,0.298751982863382,-0.29716791197946,0.76633831842087,0.997370795218308
"K07640",3.87243823969869,3.93127520876931,2.14122496707536,1.83599354071559,0.066358611966824,0.673390891931288
"K07641",9.22923792875309,1.12509741843814,1.37668789303701,0.817249446391325,0.41378589038367,0.968959956833116
"K07642",3.82923946323442,4.67141323724423,2.09635863491711,2.22834640954883,0.025857423780565,0.530342845965082
"K07645",3.87034836692158,-2.13251421640413,1.72903025124133,-1.23335853428425,0.217442028214861,0.883664559728345
"K07646",339.221727891078,0.210007921807647,0.255279523028706,0.822658704921003,0.410702104785079,0.968959956833116
"K07649",55.3164323477766,-0.0536116329054343,0.515582997013563,-0.103982546391118,0.917183199440572,0.997370795218308
"K07651",58.4824493115117,1.4586903324442,0.499203860106548,2.92203335954347,0.00347754291249635,0.189336404572188
"K07652",110.855156209334,0.252740119239026,0.514902553080704,0.490850390480414,0.623532266919962,0.992927693570313
"K07653",95.5537924113471,-0.271719834980846,0.416259475535778,-0.652765524751379,0.513907452401642,0.979746666549689
"K07654",305.853340803899,-0.276584917314192,0.195292258354147,-1.4162615540685,0.156698939735466,0.822716813232894
"K07655",7.89217047534158,0.551342557150186,1.36933404122834,0.402635544396173,0.687216357271914,0.997370795218308
"K07657",133.113771874732,-0.230670886760405,0.430728234729925,-0.535536953840605,0.592278611401686,0.992927693570313
"K07658",11.4243983810512,-0.47862035978657,1.31562577675705,-0.363796733267375,0.716009802222215,0.997370795218308
"K07659",362.863716136194,-0.0405173832846955,0.207246373818033,-0.195503460631213,0.844998828762086,0.997370795218308
"K07660",82.8569736199603,0.0445950658447171,0.436359260348225,0.102198050773872,0.918599474913223,0.997370795218308
"K07662",14.3604829256923,0.0516884725140863,1.13459048498758,0.0455569416437088,0.963663389104882,0.997942587160163
"K07663",4.55460226175549,0.30135141274754,1.70932142500535,0.176298856574969,0.860059160285841,0.997370795218308
"K07664",3.54714872929981,-1.07197915107353,2.02552304391492,-0.529235722246641,0.596641938929821,0.992927693570313
"K07665",3.38836982066084,-0.555348102684396,1.78703750550037,-0.310764659933032,0.755979537608506,0.997370795218308
"K07666",29.5334320377519,-0.256941632366027,1.0344598158013,-0.24838241992706,0.803838534339318,0.997370795218308
"K07667",164.129638030209,-0.350391240088307,0.267118789017726,-1.31174314385296,0.189606814392255,0.849632213082797
"K07668",33.7300201979873,1.20672102533309,0.649559452111232,1.85775300692022,0.0632040972987674,0.671608547723031
"K07669",134.965918337988,-0.401912681604235,0.316577295413886,-1.26955624242978,0.204242744548445,0.869374411585386
"K07670",435.290281546912,-0.187301591433432,0.203758827839257,-0.919231787008474,0.357974348147469,0.950060596598327
"K07671",7.4406992746291,1.15988468640942,1.42795367878135,0.812270526449637,0.416636418755518,0.970910688763611
"K07673",2.67796096757994,-0.74960987795726,2.13336798235542,-0.351373923372389,0.725307842882403,0.997370795218308
"K07675",164.131701469961,0.248714271936365,0.380352957701814,0.653903872443001,0.513173738921115,0.979746666549689
"K07676",0.612441714334413,1.70242918927349,3.46439377891675,0.491407529835078,0.623138239615985,NA
"K07682",569.990609608755,-0.212471057846977,0.255904026508746,-0.830276337366327,0.406382563476849,0.967424176194844
"K07683",56.8413623919529,-0.0316746709801937,0.564422958949176,-0.0561186792244677,0.955247263517517,0.997942587160163
"K07684",215.70814701823,-0.215105783231687,0.292031763436765,-0.736583516464863,0.461375662023188,0.9731410869362
"K07687",4.64268907979953,1.24572502809538,1.87084883248233,0.665860868321733,0.505500034691889,0.979329538491088
"K07689",685.588105821465,0.0774372667175242,0.199915375341921,0.387350230491683,0.698496943694477,0.997370795218308
"K07692",297.843313676574,0.374230452290419,0.273206062138176,1.36977360370997,0.170757584332386,0.831694303422829
"K07693",64.3207053734885,0.377237015429236,0.438112367826902,0.861050824244893,0.389210051596318,0.96389527995257
"K07695",491.208645463983,0.263118709817801,0.298731111480088,0.880787771029798,0.378432699905761,0.960353152430341
"K07696",126.774642964937,0.514048257573358,0.348239112104288,1.47613590692655,0.13990741126585,0.80901139713996
"K07697",163.439178886361,0.627823768382983,0.305313488025623,2.05632503314198,0.0397511969287376,0.579223041294056
"K07699",265.883549150522,0.68247061263433,0.327050687745159,2.08674263105699,0.0369114054393476,0.562734659777585
"K07704",1.25602744697133,-0.683948193217255,3.35897420719298,-0.203618173593782,0.838651890188882,NA
"K07705",7.70556362151951,0.582755951054556,1.43102743739089,0.407229055032699,0.683839763623684,0.997370795218308
"K07708",107.804460854912,-0.0321118900103837,0.35049322122542,-0.0916191471495846,0.927000638207677,0.997370795218308
"K07709",4.13650689680924,3.16477788712372,2.07126450850923,1.52794482506802,0.126526237568813,0.794547869651213
"K07711",67.3508892187846,0.0774650716708566,0.412551043436255,0.187770878060634,0.851056265615033,0.997370795218308
"K07712",120.668356411902,-0.156225979632853,0.373924214129042,-0.417801184651121,0.676092484678031,0.997370795218308
"K07713",1441.76788740064,-0.0622544627369979,0.163357106569469,-0.381094303421221,0.703133274263944,0.997370795218308
"K07714",22.9251376028376,0.556925176070743,0.651855769157577,0.854368715322537,0.392900724409578,0.965370132142093
"K07715",118.502871452492,-0.360396291582763,0.417482272792713,-0.863261304897862,0.387993814144727,0.96389527995257
"K07716",238.269349301739,-0.450771067894347,0.225644880398356,-1.99770128663478,0.0457490546505773,0.610284468809643
"K07717",58.6112896507973,0.741457898013594,0.579470712741606,1.27954335173488,0.200705783696772,0.861668056315391
"K07718",124.831571408979,1.20404984048846,0.369123698460514,3.26191421875683,0.00110662625200876,0.0991229137993848
"K07719",29.2842543865259,1.38320266040622,1.00676247480867,1.37391161770216,0.169469122456064,0.831694303422829
"K07720",348.271904495209,0.727218293709619,0.254049630920836,2.86250482267469,0.004203068640804,0.213323543133688
"K07721",0.96003781094714,-1.22050484314352,3.42296244420198,-0.356563901310365,0.721418305924864,NA
"K07722",34.7171140830747,-0.471090611232067,0.812826413048131,-0.579570992858683,0.562203958991916,0.988149645670342
"K07723",2237.04431682484,0.694072611610193,0.168559488878167,4.11767154865937,3.82719623374788e-05,0.0134829872023036
"K07726",33.4945209350978,-0.359565950060229,0.605283098505048,-0.594045911654067,0.55248140580986,0.988149645670342
"K07727",133.18529363185,0.101030221110965,0.318761168259419,0.316946451359291,0.751284234542913,0.997370795218308
"K07729",62.5133700768101,0.681658848402714,0.395853867902801,1.72199618009061,0.0850702104707988,0.735188297993671
"K07732",44.9867173688585,0.767708250895375,0.695858919680377,1.1032527272166,0.269917429372891,0.909608702338379
"K07733",164.411747215947,-0.273673263380291,0.376363881490023,-0.727150709299786,0.467133637465165,0.9731410869362
"K07734",157.820508977583,-0.434623076582638,0.350216888503563,-1.24101118720954,0.214601616170605,0.883664559728345
"K07735",845.244053639958,-0.114405789892075,0.170329248960549,-0.671674363564963,0.501791025459073,0.979329538491088
"K07736",11439.2705428964,-0.0910486889591125,0.158987227110569,-0.572679268730136,0.566861876828718,0.989160034411909
"K07738",748.638179109176,-0.0761439738108907,0.181632487392853,-0.419220013467078,0.675055346911767,0.997370795218308
"K07739",37.169661446233,-0.695560897489675,0.785777407497224,-0.885188210876542,0.376055129627818,0.958380498442979
"K07740",8.20339926913293,2.44712968659438,1.57111494046651,1.55757521207694,0.11933397851729,0.778883207834244
"K07742",681.833827816441,0.045113761725223,0.193078814122633,0.233654644763714,0.815253101331103,0.997370795218308
"K07743",1.317908452783,-2.97291099501299,3.4143715517714,-0.8707051795434,0.383915149663439,NA
"K07746",43.8001405171098,-0.0120423942151588,0.535442472392441,-0.0224905472316222,0.982056652310753,0.998573809130236
"K07749",459.00151845579,-0.029218656721514,0.206601361365904,-0.141425286495407,0.887533979292972,0.997370795218308
"K07755",439.473393753506,-0.238886996283375,0.202711045239104,-1.17846068033244,0.238612998851201,0.890239289508822
"K07766",13.843474761302,-1.89006076684228,1.15463781359583,-1.63692955885115,0.101645188864083,0.755548259580255
"K07768",196.923636860766,-0.811603093985446,0.269957900765922,-3.00640615326602,0.00264355640026134,0.168428290225161
"K07774",80.0803671451053,-0.00657537889067777,0.351462950885284,-0.0187085975182173,0.985073569628367,0.998573809130236
"K07775",127.292623484161,0.703253851484557,0.329832631934637,2.13215365429313,0.0329942170234142,0.55196191551181
"K07776",229.034036455846,-0.383719237806175,0.327785450501205,-1.17064145836688,0.241742925482396,0.890404908188234
"K07777",159.207636298617,0.379982334303104,0.388197663017447,0.978837253551488,0.327660399375117,0.936686459120561
"K07778",322.749779055802,-0.0994239170655751,0.247642465305227,-0.401481696376395,0.688065511453434,0.997370795218308
"K07782",3.35156830438665,0.625253479642057,2.90709839663428,0.215078196309402,0.829706352933901,0.997370795218308
"K07787",132.569033165086,1.04171667115468,0.415578682612564,2.50666531932258,0.012187604953578,0.375234398693545
"K07788",55.8505198917541,-0.462470988883295,0.441238893741549,-1.04811927380586,0.294583657310074,0.921603082140073
"K07789",28.345843370541,-0.485855883510712,0.876496695042985,-0.554315705077341,0.579362803988081,0.992186816903
"K07792",3.08234174883969,3.58818586010084,2.23875025624592,1.60276290313764,0.108987009904348,0.759768797625471
"K07793",2247.93200945643,-0.0837987269450744,0.116765213086902,-0.717668599488683,0.472961648881519,0.974469580961331
"K07794",692.812489444967,0.0956178980241497,0.162911917543898,0.586930038426344,0.557250694648665,0.988149645670342
"K07795",12900.5923588527,-0.0129240483922577,0.127156960748223,-0.101638544332999,0.919043583902779,0.997370795218308
"K07798",56.123773820976,1.12280034344779,0.792871474203115,1.41611898016166,0.156740671881572,0.822716813232894
"K07799",142.109087910239,-0.200402100118895,0.317015104938289,-0.632153159256893,0.527286801561755,0.983668472177992
"K07807",9.69074050220386,-0.382063703741269,1.26809822792105,-0.301288729318416,0.763194334576015,0.997370795218308
"K07810",31.0704134313247,1.11792182940922,0.895897399602114,1.24782350066617,0.212095700456538,0.883367629372891
"K07814",51.4550600389162,0.405578286499058,0.830430167608697,0.488395415194224,0.625269788741289,0.992927693570313
"K07816",88.9826862807931,0.639225255324577,0.339941472319217,1.88039797252017,0.0600538596756211,0.664835541828556
"K07823",148.190047564918,-0.0487490432119903,0.353159792566106,-0.138036787420712,0.890211343670643,0.997370795218308
"K07978",48.352392226889,-1.27179869146245,0.496463787685028,-2.56171491861017,0.0104156775351635,0.345131142402478
"K07979",28.9919924039454,0.298159949045973,0.639355692285989,0.466344403660371,0.640968999866344,0.992927693570313
"K08081",3.34099042115832,-5.16758293760218,2.3607965041741,-2.18891502442731,0.0286030168472614,0.53510136360559
"K08082",64.5455115422185,0.00999453426439426,0.469530592587424,0.0212862259077045,0.983017331484343,0.998573809130236
"K08083",65.2567668494909,-0.161946590095864,0.489350990748729,-0.330941580087697,0.740688613556876,0.997370795218308
"K08084",107.981913534678,-0.137597093010471,0.388635372046862,-0.354051902907795,0.723299986268902,0.997370795218308
"K08086",817.961104803064,0.0657864645453835,0.19019555807258,0.34588854341319,0.729426478885382,0.997370795218308
"K08092",0.717555954942477,-2.94919261516883,3.4351429290392,-0.858535634787609,0.390596762256929,NA
"K08093",7.89944883725878,-0.312819520192295,1.5391948632691,-0.2032358135135,0.83895072177388,0.997370795218308
"K08094",17.625489089897,-0.266143100835738,1.43517153164123,-0.185443408657489,0.852881263632668,0.997370795218308
"K08095",12.1899297748939,1.07903288413041,1.34840639449964,0.800228246122198,0.423578567293588,0.972723098477607
"K08096",7.58928851844471,1.84583962279357,1.19321776005023,1.54694280004336,0.121877039203989,0.782793375684956
"K08097",839.633779067611,0.590899827415667,0.218344998795727,2.70626682852711,0.00680443483057812,0.27069639305294
"K08138",5.44161766127681,-2.00142706302156,1.73921940691586,-1.15076168944703,0.24983028969916,0.897595428587345
"K08139",123.405296676828,-0.042003689162419,0.406694685663904,-0.103280644284423,0.917740237083065,0.997370795218308
"K08150",2.44065416033563,-0.7660788988889,2.79699074508935,-0.273893969879556,0.784166105796041,0.997370795218308
"K08151",90.2462024197852,0.325517937658165,0.374650891705375,0.868856700637861,0.384925515276505,0.963622578411872
"K08152",122.743601493342,0.234422379411555,0.352239283325108,0.665520259973926,0.505717789556998,0.979329538491088
"K08156",0.67153935783787,-1.84694264332077,3.45060821476246,-0.535251332046085,0.592476074898239,NA
"K08161",47.3616989407486,-0.161454951941967,0.504545440580083,-0.320000814508084,0.748967713106585,0.997370795218308
"K08162",11.2159425751639,1.81693873329739,1.26712171342894,1.43391018719157,0.151597894364997,0.815874091147702
"K08164",13.8072895493141,1.1232132467718,1.00018661756824,1.12300367455693,0.26143593384447,0.903690153582261
"K08166",1184.58224640897,-0.113974288739957,0.229179318087841,-0.497314895998914,0.618967008938437,0.992927693570313
"K08167",326.121378619296,-0.474183140181909,0.21583691047682,-2.19695111060642,0.0280239380113448,0.53510136360559
"K08168",56.8366087576418,0.873481584214477,0.40478606154134,2.15788454001712,0.0309368097810726,0.546550306132283
"K08169",32.2293241204797,-0.51594810091195,0.576227176128875,-0.895390086212381,0.370578598340162,0.951971446688251
"K08170",13.083646052209,-0.384091443363992,1.31772017317746,-0.291481796501468,0.770682864046556,0.997370795218308
"K08172",800.689679321769,-0.33807065859866,0.17275364516276,-1.95695238893598,0.0503530662804547,0.63088810450553
"K08173",2.23850400412155,2.04698151052039,2.23383965859503,0.916351136772205,0.359482755037598,0.950060596598327
"K08174",8.57402225456087,-1.3853227405585,1.54798679734792,-0.894918963735285,0.370830408615984,0.951971446688251
"K08175",3.38268429674042,-2.86118474257441,1.73351183746732,-1.65051353024196,0.0988379482946602,0.755548259580255
"K08177",1287.64427448918,-0.026819913690951,0.130857059450289,-0.204955802947258,0.837606656070434,0.997370795218308
"K08178",48.5396459325491,0.456798422841018,0.592065913892573,0.771533054213119,0.440391037899093,0.9731410869362
"K08191",248.292400573436,-0.0156837227450429,0.287173946839926,-0.0546140167575342,0.956445971668009,0.997942587160163
"K08194",46.0018077058931,1.21241626710213,0.634123156227844,1.91195709413031,0.0558816975643652,0.658867146062406
"K08195",32.4609168378751,0.425569746319988,0.592794193352905,0.717904714809911,0.472816040581672,0.974469580961331
"K08217",549.064759497885,-0.0810401859868217,0.164363486924735,-0.493054677185885,0.62197395393983,0.992927693570313
"K08218",344.225685948665,-0.153245260816595,0.222237131438257,-0.689557410252887,0.490472558297929,0.977192332550331
"K08219",17.2826297190733,-0.474546473319839,1.27926247258475,-0.370953173011491,0.710672409720343,0.997370795218308
"K08221",174.514789652872,0.314164233682813,0.388671585877942,0.808302549241334,0.418916435372006,0.97183810981949
"K08222",75.8915917250439,-0.0205863687511898,0.533776281231729,-0.0385674101211189,0.9692352859072,0.998142329325159
"K08223",583.424059328792,0.362735721730673,0.178230493290918,2.03520573294152,0.0418301764568817,0.590120455834234
"K08224",91.5902837662487,0.419043983562219,0.337362267974599,1.24211870544387,0.214192767992992,0.883664559728345
"K08225",145.277835202742,-0.269932664671891,0.330335902719946,-0.817146009408297,0.413844992406531,0.968959956833116
"K08226",91.8376029625006,-0.192377196721746,0.362803352091972,-0.530251982547775,0.595937234025997,0.992927693570313
"K08227",83.2412185193005,-0.569064158436026,0.547914393879711,-1.03860049086602,0.29899057742123,0.922067233870107
"K08234",896.849330783535,-0.0341414583514676,0.164335938338912,-0.207754059742291,0.835421004892157,0.997370795218308
"K08254",6.27583485460945,3.05933146013453,1.51779749826463,2.01563875525715,0.0438377641256416,0.600788030545692
"K08256",640.730799295027,-0.180380524517134,0.211482197020255,-0.852934795735349,0.393695464322812,0.965370132142093
"K08260",24.8773593293147,-0.383357034649166,1.06645594130718,-0.359468234739521,0.719244836952257,0.997370795218308
"K08264",1458.20100092316,0.023923771612842,0.140210318185631,0.17062775352359,0.864516473780243,0.997370795218308
"K08281",346.028836135052,-0.00860151022669099,0.190413466077107,-0.0451728042343804,0.963969571191946,0.997942587160163
"K08282",85.1563472436824,-0.63574344043003,0.532132051477354,-1.19470991958673,0.232200385472614,0.888188252939584
"K08289",65.3797844623163,0.131071493449949,0.508012827409201,0.258008235969938,0.796400550986398,0.997370795218308
"K08295",218.487224970658,-0.354701937550347,0.28379911057145,-1.24983456373816,0.211359987146385,0.883233020725663
"K08296",246.913095759817,-0.36171709805665,0.254797227441607,-1.41962729221434,0.155716215537873,0.822450429847197
"K08299",5.29798968856011,1.18723793421324,1.66505113918515,0.713033916059934,0.475824770188692,0.974469580961331
"K08300",1706.86900414771,0.127359560768075,0.138390583794477,0.920290653280401,0.357420892095336,0.950060596598327
"K08301",974.396383961802,0.0812317558779609,0.186909314894522,0.43460517697474,0.663849036640454,0.992927693570313
"K08303",134.695777677455,0.521943653355818,0.430251821973973,1.21311201184731,0.225086998133273,0.886872389355376
"K08304",105.262750178773,0.270996140154264,0.45416002199257,0.59669747893111,0.550709376095368,0.988149645670342
"K08305",538.779709915203,-0.353716161398784,0.177735682285492,-1.99012464379898,0.0465772067159103,0.617147988985811
"K08307",1037.58901761916,-0.0338336257725078,0.141137870807217,-0.239720392400717,0.810547024977107,0.997370795218308
"K08309",1451.76333291832,-0.099284093725115,0.139239209397929,-0.713046951030675,0.475816704403054,0.974469580961331
"K08310",36.1663958290333,0.165720125877227,0.615610963671013,0.269196189894027,0.787778712115615,0.997370795218308
"K08311",395.439880528175,0.0017765357092473,0.254005134642934,0.00699409368926598,0.994419566125233,0.998573809130236
"K08312",1.65790337137544,-0.491167843637817,3.12198197376801,-0.157325650104575,0.874988206113281,0.997370795218308
"K08316",716.586609686382,0.131816289546056,0.153496283231767,0.85875883617992,0.3904735823952,0.96389527995257
"K08318",17.4941441053508,0.209212541218793,1.04085365700807,0.201000918630746,0.840697855763913,0.997370795218308
"K08319",131.698893342738,0.256985096550777,0.409898694617482,0.626947828635063,0.530693434085624,0.984070334914601
"K08321",86.8768019206106,-0.185488019512268,0.514350935168202,-0.360625415119756,0.718379487549526,0.997370795218308
"K08322",25.7756641231892,0.558436471914828,1.02756539491974,0.543455895532998,0.586815949651336,0.99260501002599
"K08323",199.630559690011,0.0871564050982592,0.325304348296621,0.267922656289819,0.78875885384609,0.997370795218308
"K08325",8.15396626631449,0.604153697134431,1.79368483679757,0.336822659555444,NA,NA
"K08344",102.40057300612,0.149800076893206,0.399095446874132,0.375349000011145,0.707400928779892,0.997370795218308
"K08351",37.5523531148834,0.680526714698486,0.595414928542257,1.14294533454948,0.253061288388476,0.898062916118484
"K08355",158.69238269615,0.274478667789285,0.354181197835776,0.774966795150297,0.438359280675706,0.9731410869362
"K08356",9.99243293959885,1.48889431423205,1.5164417792751,0.981834142649233,0.326181564730207,0.934242654791587
"K08358",33.8961376405335,0.0671588397932417,0.576197661634625,0.116555210589917,0.907212532490005,0.997370795218308
"K08363",63.7443060083074,-0.740082087134619,0.547559738217923,-1.35160062999386,0.176503108687186,0.842964208873648
"K08364",41.0658187261625,0.38532300527578,0.818455410903722,0.470792910820046,0.637788627517636,0.992927693570313
"K08365",13.2817333768749,-0.0157074165634239,0.913754018497747,-0.0171899835682777,0.986285052964678,0.998573809130236
"K08368",33.0534632134538,0.111992015969397,0.578042791541389,0.193743469528896,0.846376752915667,0.997370795218308
"K08369",104.388141632421,-0.237730257954637,0.32897744608758,-0.722633909351185,0.469904829544162,0.9731410869362
"K08372",896.446723288064,-0.328523650980148,0.179048839193386,-1.8348270363558,0.0665313213208241,0.673390891931288
"K08384",135.457239428403,0.59389183873179,0.596889697436781,0.994977533172603,0.319747191464819,0.929595111496505
"K08478",6.8384796450072,-1.03606787347386,1.76433911313722,-0.5872271751838,0.55705114351845,0.988149645670342
"K08481",140.975079671454,0.385358323900018,0.311604493374039,1.23669052306459,0.216201998362034,0.883664559728345
"K08482",1177.12064991861,0.162691210272145,0.137361156519787,1.18440477929952,0.23625286923496,0.888188252939584
"K08483",445.33234792438,0.285855998874694,0.249562058734323,1.14543052066664,0.252030861395054,0.897595428587345
"K08484",166.725797125255,0.172708168652225,0.299906381096379,0.575873604358963,0.564700618147134,0.988149645670342
"K08591",282.758575549254,0.244955058868216,0.217134845274317,1.12812413207448,0.259267498902039,0.902235629679475
"K08602",2551.92354697484,0.225237857663245,0.121743310038934,1.85010459787246,0.0642984753847071,0.673390891931288
"K08604",867.517625012224,-0.771069718152349,0.826423978389338,-0.933019537568511,0.350809880879836,0.947770244518839
"K08640",35.8574174883559,-0.927591685980226,0.709226715613671,-1.30789163120796,0.190910068453983,0.849632213082797
"K08641",101.504457881261,0.258745117103045,0.356032520291685,0.726745739100078,0.467381728379049,0.9731410869362
"K08642",4.32407902887885,0.0792988811784492,1.87842122368579,0.0422157076264561,0.966326740847857,0.997942587160163
"K08646",817.429134331954,0.785787553407036,0.491832932586172,1.59767169163558,0.110116062027754,0.759768797625471
"K08651",92.0355086155128,0.840608697006498,0.463026789620047,1.81546449546967,0.0694525574119762,0.686388393300867
"K08659",39.6041896124672,0.769195002364647,0.693645380322434,1.10891678108934,0.267466083837057,0.908595789052828
"K08676",954.254531694607,-0.229180466755093,0.176854935460754,-1.29586695535534,0.195021325556785,0.853524006689633
"K08677",136.934728414561,-0.0754284486717435,0.471615203201984,-0.159936423083119,0.872931156343997,0.997370795218308
"K08678",451.685983930491,-0.116837542733133,0.207536502247882,-0.562973459934204,0.573452956362361,0.992030547560421
"K08679",451.459091644384,-0.0794867524510506,0.211174744905895,-0.376402739288128,0.706617509833203,0.997370795218308
"K08680",41.2613578522339,-0.547534093772699,0.530854851001039,-1.03141959189072,0.302344097246139,0.923868889060477
"K08681",645.590211693043,0.120274752369101,0.191957094603549,0.626571018995186,0.530940470334392,0.984070334914601
"K08682",7.39699809225943,-3.42412763932344,1.66974106075225,-2.05069379906175,0.040296775227686,0.579223041294056
"K08683",678.994650608161,-0.067163038772023,0.152255275135289,-0.441121259755001,0.659125213244448,0.992927693570313
"K08685",29.170974538965,-0.546436316816755,1.07534695863363,-0.508148846685795,0.611348961378801,0.992927693570313
"K08688",6.20417007423853,0.362554383068552,1.58689303977563,0.228468065572846,0.819282379622252,0.997370795218308
"K08691",366.876067796488,-0.21874072318405,0.221204612998063,-0.988861489909186,0.322730914392661,0.931476967602338
"K08692",19.3013653242803,0.268972065289236,1.09559366516059,0.245503487143485,0.806066608430617,0.997370795218308
"K08693",171.637942239708,1.07769213310132,0.330871892387508,3.25712808460368,0.00112545635971918,0.0991229137993848
"K08713",24.1842172915263,0.813116509158849,0.776490687321341,1.04716839807037,0.295021917701345,0.921603082140073
"K08714",1.5047990975846,1.67235746817451,2.29177743323509,0.729720715424709,0.46556091604597,0.9731410869362
"K08715",41.4403001932183,-0.272508181370483,0.509615989637774,-0.534732400300424,0.59283491355169,0.992927693570313
"K08716",12.0288887817947,-0.383777947582973,1.14935083027884,-0.333908444203992,0.73844864759831,0.997370795218308
"K08717",63.9518424448721,-0.224285166124129,0.685600358461331,-0.327136885732506,0.743564354504743,0.997370795218308
"K08724",37.4925416917479,0.950229722749683,1.59123595920435,0.597164560826552,0.550397517480532,0.988149645670342
"K08726",67.6397671268271,0.02888051027093,0.522629560156202,0.0552600014861353,0.955931327638877,0.997942587160163
"K08738",806.663344980351,6.04841739277741e-05,0.161499221649528,0.000374516813827325,0.999701178823472,0.999701178823472
"K08744",419.519321555922,0.0122585177462383,0.190911236772622,0.0642105616907107,0.948802567738143,0.997942587160163
"K08762",3.85393794053347,0.672097874524577,1.9967121485732,0.336602286416117,0.736416732380854,0.997370795218308
"K08764",19.0731572871076,-1.23624318856398,0.885073139885344,-1.39676952429505,0.162482889533613,0.828697110513083
"K08869",51.0718353949589,-0.383907605806758,0.541191013799862,-0.709375425713796,0.478091533405814,0.974469580961331
"K08884",145.565244849861,-0.352210869663065,0.288250673373034,-1.22189088247943,0.221748893806649,0.88506594528464
"K08906",59.0847244893526,0.162032247919611,0.559971281589268,0.289358138974097,0.772307325662097,0.997370795218308
"K08926",48.2802375005894,-0.0958313923489383,0.459081082485518,-0.208746114804156,0.834646438661442,0.997370795218308
"K08928",81.3348433407194,-0.0724891439306754,0.56486868123483,-0.128329196393418,0.897888460742164,0.997370795218308
"K08929",25.1600328941029,1.10946540739797,0.745621492715995,1.48797401662422,0.136757746128007,0.807360367143472
"K08955",10.4060324639816,0.265647237911257,1.40944424885346,0.188476584389453,0.850503069518104,0.997370795218308
"K08956",163.95250339214,-0.289826999656178,0.413341456488974,-0.701180573848173,0.483190331521709,0.974469580961331
"K08963",463.903165036229,0.0167204047278959,0.20822095271151,0.080301259360109,0.935997656625926,0.997370795218308
"K08964",97.7190867217855,0.875550683200757,0.410020872285476,2.13538076322894,0.0327299207061527,0.551495800429007
"K08965",193.384723436023,0.747227790163722,0.423688895155635,1.76362373125036,0.0777953495481072,0.711713759049777
"K08966",29.5863237890977,0.509900451140914,0.64596035757646,0.789368024152409,0.429896939123446,0.9731410869362
"K08967",187.020774926482,0.191794683567327,0.295556133962459,0.648928110528365,0.516384844079805,0.979746666549689
"K08968",221.806612888038,0.0874670103594813,0.258288662959693,0.338640532484893,0.734880544333708,0.997370795218308
"K08969",24.0883479113332,0.808133284899165,0.952860814951845,0.848112622765379,0.396375252463645,0.966076934033148
"K08970",230.705209650238,-0.391849547056888,0.239847509706408,-1.63374448847329,0.102312512693202,0.755548259580255
"K08972",843.006029706661,-0.309201063944232,0.161135086505693,-1.91889346168756,0.0549978182688838,0.656139309984751
"K08973",107.400909507114,0.18876502953466,0.45250482310576,0.417155839884919,0.676564423411014,0.997370795218308
"K08975",106.385904828253,0.38994545706068,0.448707969777672,0.869040630711088,0.384824907615913,0.963622578411872
"K08976",56.7329779537044,0.117140197110007,0.520602148489125,0.225009054322898,0.82197223053549,0.997370795218308
"K08977",3.48979989410186,0.681665986682243,2.53747424976229,0.268639568163539,0.788207060185453,0.997370795218308
"K08978",3.52094857066844,-0.127961592348078,1.79814587492697,-0.0711630764402109,0.943267967615181,0.99794239171759
"K08979",179.663855586675,0.813604227655063,0.336682360207658,2.41653357530597,0.0156690810699191,0.418241289173284
"K08981",114.352248864733,-0.462125278661586,0.337414515287026,-1.36960698999115,0.170809616439157,0.831694303422829
"K08982",54.4836311311762,0.251396313682216,0.588682952864407,0.427048740682867,0.6693438271575,0.994394142031949
"K08983",19.8167027236573,-1.00993303178471,0.765542765030568,-1.31923790272433,0.18708959051624,0.848827148219077
"K08984",27.8080523518481,0.0746412805235156,0.575409945876907,0.129718439971983,0.896789192849191,0.997370795218308
"K08985",1.95093567484112,-0.73808282802567,2.6728713504169,-0.276138553361555,0.782441650114407,0.997370795218308
"K08986",74.3410154222519,1.61601918460484,0.43453943888855,3.71892408371088,0.000200073166656408,0.0366056019061166
"K08987",21.3502598098303,-0.205248164991652,0.725331166426466,-0.282971661072915,0.777198560718244,0.997370795218308
"K08988",37.4222242136698,-0.0842344991416999,0.718532275270865,-0.117231336769035,0.906676734972432,0.997370795218308
"K08989",203.755614730816,0.576530585141652,0.276603435596756,2.08432185196044,0.0371309009562287,0.56440854270775
"K08990",21.4643067587207,-1.09902336950907,0.922355901370271,-1.191539369864,0.233441910646555,0.888188252939584
"K08992",268.296658358437,-0.416821679377569,0.22609597246109,-1.84356083321786,0.0652471684561625,0.673390891931288
"K08994",3.90691721693385,-0.00860402382284551,1.91347091342011,-0.00449655323344676,0.996412281688216,0.998573809130236
"K08995",4422.01777641654,-0.0354790280058986,0.404951880790358,-0.0876129478313647,0.930184310874133,0.997370795218308
"K08996",15.7773542657436,0.487148541693082,1.04756999758299,0.465027198962415,0.64191197892486,0.992927693570313
"K08997",656.967655575233,0.0836440000008395,0.171398578020068,0.488008716099421,0.625543667321962,0.992927693570313
"K08998",529.003433677468,-0.237822264323372,0.192759832754819,-1.23377500864441,0.217286754407008,0.883664559728345
"K08999",3075.84405992884,0.0336046351755684,0.154300938615987,0.217786330251699,0.827595595810622,0.997370795218308
"K09001",141.283763384494,-0.19715438854606,0.303666834982367,-0.649245705602022,0.516179573511169,0.979746666549689
"K09002",11.4337230451068,-0.367459943761946,1.41516905535128,-0.259657983880049,0.795127605180588,0.997370795218308
"K09003",182.351272730513,-0.535008982619378,0.325998343758969,-1.6411401863285,0.100768318471526,0.755548259580255
"K09004",141.08501650575,0.14156089744821,0.425416077271162,0.332758692046277,0.739316441848556,0.997370795218308
"K09005",293.479246994247,0.0348243963445865,0.215666002621241,0.161473741439657,0.871720291245815,0.997370795218308
"K09007",141.222998302607,0.0603212267837919,0.328678446468609,0.183526566563448,0.85438487566259,0.997370795218308
"K09008",82.6801642921355,0.299102009525718,0.346845755675507,0.862348766365025,0.388495624708798,0.96389527995257
"K09009",121.230551520711,-0.0330293441089019,0.337411604336272,-0.0978903620516384,0.922019353198141,0.997370795218308
"K09012",495.550144214688,0.0520998765234551,0.217803337767323,0.239206051925214,0.81094581011465,0.997370795218308
"K09013",5557.57467070417,0.214980132140279,0.160608112805594,1.33853843610316,0.180720979571732,0.848827148219077
"K09014",15997.6687389136,0.213714182092734,0.150465430207398,1.42035404277352,0.155504635103468,0.822450429847197
"K09015",3528.89332068553,0.255286535295453,0.165434835294504,1.54312442624914,0.122800589222253,0.784901524922167
"K09016",74.7771754597491,-0.640041448874846,0.465038231187361,-1.37632006564419,0.168722563279958,0.831694303422829
"K09017",162.55018718646,-0.213869769821013,0.270587758669136,-0.79038967199741,0.429300231965286,0.9731410869362
"K09018",42.2458374559652,0.239943141694329,0.655478736251406,0.366057857294549,0.714321903249533,0.997370795218308
"K09019",87.8492065036257,-0.860206768230223,0.409961035769305,-2.09826469634125,0.0358817693154641,0.561047008846237
"K09020",52.1584653750472,-0.37907143556649,0.4411833620798,-0.859215165729493,0.390221817787107,0.96389527995257
"K09021",16.8635307046614,0.288089704022664,1.02417952588195,0.28128828661614,0.778489293702296,0.997370795218308
"K09022",971.482283229954,-0.112723133344473,0.162097897883391,-0.695401574088046,0.486803674361157,0.97616199004908
"K09023",5.91663212320699,0.859692650721665,1.76231313998351,0.487820598517304,0.625676919777902,0.992927693570313
"K09024",5.92765633987005,-0.00614855927005872,1.32691111425154,-0.00463373861596364,0.996302824730202,0.998573809130236
"K09065",10.5444490688662,0.0790142435240967,1.37866608345924,0.0573120964329815,0.954296584632377,0.997942587160163
"K09117",1221.22699807215,0.0641479054594244,0.166412437094361,0.385475428276137,0.699885207983933,0.997370795218308
"K09118",3288.14101948648,-0.163184154500048,0.131839991436803,-1.23774397071521,0.21581100954643,0.883664559728345
"K09120",10.7328302118068,0.147749066908882,1.33498060689066,0.110675066099281,0.911874018857668,0.997370795218308
"K09121",314.713999078543,0.0240836665170781,0.207611910675403,0.116003298841233,0.90764992735145,0.997370795218308
"K09122",68.4083891049411,-0.272128511896081,0.485860675817464,-0.560095775271837,0.575414111943785,0.992186816903
"K09125",104.079107221174,-0.117736302559179,0.460498195398995,-0.255671582941095,0.798204439537994,0.997370795218308
"K09128",7.67331557438159,1.58523712173653,1.49719612579064,1.05880391648716,0.289689089644828,0.921603082140073
"K09129",8.438991775419,0.408339940123424,1.08004835717863,0.378075608753402,0.705374427255202,0.997370795218308
"K09131",117.414772089144,-0.519208770861745,0.390184861030734,-1.33067379777415,0.183296368254465,0.848827148219077
"K09136",1303.73772165248,0.816811253024276,0.292767176986576,2.78996867555863,0.0052713141280491,0.233851113428785
"K09137",91.407516358836,-0.548240418413923,0.370818168327106,-1.47846158910507,0.139284270897672,0.808307653494338
"K09138",1.73199033608457,-0.9250288118843,3.11139328776987,-0.29730372419339,0.766234638628237,0.997370795218308
"K09140",27.6061820723774,1.14811598078334,0.944301017410863,1.21583685669567,0.224047075615071,0.886760339895229
"K09141",15.1716966479572,0.431830064539365,1.07561729709651,0.401471848495773,0.688072760522926,0.997370795218308
"K09142",35.2028749456196,0.725927917136035,0.619519810141555,1.17175900633455,0.241293825327848,0.89029641349834
"K09143",25.7390199936001,-0.181265542628673,0.676239612052648,-0.268049282233648,0.788661384510366,0.997370795218308
"K09144",3.34277353472219,0.343196698896662,1.96502631465897,0.174652469708134,0.86135271729195,0.997370795218308
"K09145",7.8043601657059,-1.37128439188249,1.41656192865285,-0.968037022699451,0.333025880071875,0.941686494688603
"K09146",6.67563586049284,1.0459537910885,1.98415121943128,0.527154271733536,0.598086461047585,0.992927693570313
"K09147",13.4353339491855,0.511160565814924,1.08794172602712,0.469841861550388,0.638468003881633,0.992927693570313
"K09148",3.08186248641046,0.959156143554104,2.01665427992174,0.475617537970526,0.634346878561203,0.992927693570313
"K09152",7.74012073371125,-1.37289406703013,1.15879192687746,-1.1847632307291,0.236111074258636,0.888188252939584
"K09153",22.582987656108,-1.07788519799975,0.67191932429573,-1.60418841819967,0.108672526861259,0.759768797625471
"K09154",61.5288028014849,0.0995949615190327,0.416881121558734,0.238904945243487,0.811179290834716,0.997370795218308
"K09155",79.221875210197,0.964944779393618,0.393318324949821,2.45334305111953,0.0141535288266789,0.401732152336399
"K09157",46.5354487136431,0.0496775128071446,0.551150006011218,0.0901342869732881,0.928180503033868,0.997370795218308
"K09158",84.4988033051745,-0.22134840805102,0.449461980970483,-0.492474152258846,0.622384190099622,0.992927693570313
"K09159",135.025563288342,0.624143627523007,0.33158531294178,1.88230178829602,0.0597950518503547,0.664835541828556
"K09160",59.8138104440285,-0.244232011803856,0.405027405435739,-0.603001200723948,0.546507890432927,0.987937143315062
"K09161",11.0595164315057,0.894438017123816,1.35167294279928,0.661726656502761,0.508146417865719,0.979329538491088
"K09163",256.162936274302,-0.18184898866179,0.282284580018125,-0.644204471424239,0.5194428517666,0.98022172454027
"K09164",315.898335029766,0.243047771998681,0.252050665788809,0.964281412382095,0.334904857294009,0.943225460941997
"K09165",948.046934487333,-0.161062169381599,0.234549673841097,-0.686686818804598,0.492280105035727,0.977865853750901
"K09166",85.7835183214622,-0.31108805694572,0.512400381119242,-0.607119097503805,0.543771877162248,0.985668817289558
"K09167",72.7236710202644,-0.720359623887157,0.44453239560156,-1.62048847511403,0.105127388029415,0.759017135201614
"K09181",114.753467791568,0.421215567238776,0.360329465539483,1.16897341883527,0.242414341036539,0.890759083903911
"K09190",15.094387051199,0.097164724089695,1.20832073391269,0.0804130239287244,0.935908768852202,0.997370795218308
"K09251",49.5357326901046,1.79154228778303,0.736364718160306,2.43295508815105,0.0149761583712312,0.415241724468999
"K09252",224.437719789862,-0.121694936514643,0.253035677109841,-0.480939833878903,0.630559260815452,0.992927693570313
"K09384",11.3475960164285,0.197615112602024,1.02247651848249,0.193271052224569,0.846746695872385,0.997370795218308
"K09386",1072.26443705868,-0.209559153073348,0.155305696996644,-1.34933332856345,0.177229925085677,0.844415291438441
"K09388",5.6482235631362,-0.269718110519664,1.99619591208821,-0.135116051929749,0.892520118955826,0.997370795218308
"K09456",481.222460708445,0.00980107546813752,0.237040802621429,0.0413476302803046,0.967018762041113,0.997942587160163
"K09457",462.420212492407,0.0386268489013306,0.205944406137852,0.187559592541083,0.851221904481828,0.997370795218308
"K09458",6144.21901047832,0.169224821266436,0.171853994266745,0.984701123697898,0.324770900620236,0.932431890611022
"K09461",397.804320374535,-0.174537349153083,0.219902030494105,-0.793705036560642,0.42736716747515,0.9731410869362
"K09471",45.6515890764877,-0.729036065566354,0.501826262443092,-1.45276586764733,0.146288771787033,0.814133364640594
"K09472",36.4847312304289,-1.87537891277091,0.607361723965016,-3.0877462947911,0.00201680570221038,0.144785916074936
"K09474",26.9870794809328,0.0646466169059355,0.788785349694737,0.0819571724182682,0.934680770291644,0.997370795218308
"K09476",26.9549807129401,3.69088824422591,2.83942631391947,1.29987111344725,0.193645147086214,0.853524006689633
"K09478",280.000901113934,0.0114852110368693,0.250204797946902,0.0459032405897614,0.963387371284646,0.997942587160163
"K09482",44.2636414725334,-0.0292421155772015,0.683550123637646,-0.0427797678121743,0.965877092169387,0.997942587160163
"K09516",10.4800660683779,-0.43011919453819,1.63477752541384,-0.263105644561211,0.792469153450043,0.997370795218308
"K09539",64.102959340385,-0.206995617928128,0.447888761593707,-0.462158543991108,0.643967629689751,0.992927693570313
"K09607",9699.44853220766,-0.0392364457557248,0.15318483051866,-0.256137932345365,0.797844332914441,0.997370795218308
"K09667",93.0842656563418,-0.347349553281462,0.493392021507063,-0.704003182338629,0.481430791788373,0.974469580961331
"K09681",29.9138301042941,0.886910754219509,0.733773991936279,1.20869745175777,0.22677910104245,0.888188252939584
"K09684",598.069566140264,0.110100594625577,0.222109084002315,0.495705050156475,0.620102523508267,0.992927693570313
"K09685",40.5791915322752,0.570746082412055,0.566313797330998,1.00782655323241,0.313537736100691,0.92871793789011
"K09688",6.15990322918352,-0.327344360722237,1.42056514328977,-0.23043248827306,0.817755718326849,0.997370795218308
"K09689",24.8328680436033,-0.512172654151365,0.883386097080803,-0.579783467097645,0.562060648069403,0.988149645670342
"K09690",621.769446023279,0.00464356086804805,0.186992896831326,0.0248328195708775,0.980188312892759,0.998573809130236
"K09691",677.465842951921,0.0214002425025962,0.181411688011737,0.117965070151443,0.906095334570231,0.997370795218308
"K09692",247.866327073252,-0.377585790391886,0.275233747630159,-1.37187315742712,0.17010292792838,0.831694303422829
"K09693",46.87233747465,0.549161806716647,0.532504090902103,1.03128185510523,0.302408664734132,0.923868889060477
"K09694",395.082381966056,-0.269766339214932,0.193026742900773,-1.39755940115307,0.16224541712047,0.828697110513083
"K09695",353.566374037544,-0.292533480997594,0.214224343962311,-1.36554733036811,0.172081087739149,0.835842363722435
"K09696",10.5104609388,-0.327588096957629,1.18653343278755,-0.276088383104401,0.78248018298612,0.997370795218308
"K09697",55.2147515135018,0.182848953216953,0.544852403913489,0.335593551397794,0.737177387508444,0.997370795218308
"K09698",83.7170169466652,0.770016375381973,0.403796658885042,1.90694092791192,0.0565282374415813,0.661225808667247
"K09699",394.27566657765,0.155014253038608,0.240139611754128,0.645517213533775,0.51859206690146,0.980180447854674
"K09700",125.496729326735,-0.0204516294081204,0.446531634134429,-0.0458010762166145,0.963468801015836,0.997942587160163
"K09701",29.2839345993801,-1.03758764469872,0.86780537771649,-1.19564555756613,0.231834905173293,0.888188252939584
"K09702",52.9411482227199,-0.0833629096200639,0.64806112888926,-0.128634330781331,0.897646999938217,0.997370795218308
"K09703",56.3642403640133,0.136319706110285,0.504393283752584,0.270264713074872,0.786956610412111,0.997370795218308
"K09704",8.08254785296177,1.01732915751841,1.3944068058169,0.729578451047808,0.465647898074226,0.9731410869362
"K09705",78.082303775751,-0.348108964543034,0.537470603442357,-0.647680007638535,0.517191937579603,0.980180447854674
"K09707",27.4196889625644,-0.160150257688669,0.819206566529871,-0.195494352989698,0.845005958058316,0.997370795218308
"K09709",71.3158227930316,0.246572390774739,0.54384927386167,0.453383690344791,0.650272478591389,0.992927693570313
"K09710",1502.61905635915,0.0455776508036417,0.147425971109376,0.309156185037625,0.757202721587927,0.997370795218308
"K09712",3.54212536218504,1.83424390327137,2.49149197464941,0.736203014874039,0.461607157765566,0.9731410869362
"K09716",13.5200456476166,2.10300911763122,1.10709886902324,1.89956757835606,0.0574898903454684,0.663242882944981
"K09721",48.9230308876216,-0.605793126663573,0.613600837846637,-0.987275585850788,0.323507555877683,0.931476967602338
"K09722",27.387362706003,-1.6312555414708,1.16513180855442,-1.40006094546049,0.161495068827445,0.828697110513083
"K09723",85.0298707341494,-0.102797549827282,0.470478638414592,-0.218495679577901,0.827042924203522,0.997370795218308
"K09726",146.208091996079,-0.149158037633445,0.289916619284553,-0.514485985665575,0.606912256027219,0.992927693570313
"K09733",5.67847719305582,-0.544395286876647,1.41865803245756,-0.383739614777765,0.701171448000178,0.997370795218308
"K09735",36.8389968610108,1.30291130983471,0.717533497873489,1.81581948953751,0.0693980666154688,0.686388393300867
"K09736",30.386859428241,1.50087028941632,0.92812020428632,1.61710765748324,0.105855044234734,0.759017135201614
"K09738",3.79565204855382,-2.06002246002072,1.85030024342512,-1.11334496514327,0.265560301670646,0.906750653765962
"K09740",16.0376319445029,-0.944948921190786,0.885481492150965,-1.06715829700219,0.285900360585023,0.918840109828997
"K09741",91.2948593108859,0.0817829468770586,0.38731540505097,0.211153354115352,0.832767608087949,0.997370795218308
"K09744",86.4380624228022,0.298257707536925,0.409074364892324,0.729103882164387,0.465938120075677,0.9731410869362
"K09747",984.391183206133,0.0265261777424657,0.168901832742597,0.157050857955408,0.875204766528222,0.997370795218308
"K09748",1896.01947714861,-0.0318323054431496,0.167483995092184,-0.190061775309509,0.849260722944253,0.997370795218308
"K09749",6.84253468238535,2.91034341410864,1.69717042990015,1.71482095306119,0.0863780587328762,0.736278087492683
"K09758",224.995718000547,-0.485967081280417,0.339085480502954,-1.43316983245522,0.151809308648278,0.815874091147702
"K09759",84.4282589689203,-0.113929165703726,0.385359445656265,-0.295643890367615,0.767502051451786,0.997370795218308
"K09760",444.536729637083,-0.389382627157365,0.201171606030088,-1.93557448211219,0.0529198382109862,0.645492690520563
"K09761",180.111248205586,-0.0946652542496434,0.262195040252852,-0.361048989173676,0.718062825454802,0.997370795218308
"K09762",989.513641982361,0.409297223535026,0.178651399825565,2.29103843538121,0.0219611907839419,0.485210314975555
"K09763",295.568523180054,-0.130471787644181,0.317408260712071,-0.411053535126912,0.681033279845715,0.997370795218308
"K09764",389.216667293695,0.383190157410137,0.263006938732075,1.45695835728688,0.145127875549319,0.813069080135518
"K09766",79.31957653964,-0.19973140503842,0.392088160066607,-0.509404326324186,0.610468844468089,0.992927693570313
"K09767",884.158936598517,0.112146287874923,0.157483133222858,0.712116183999352,0.47639283328871,0.974469580961331
"K09768",272.147529532574,0.508300783788537,0.343754045052904,1.47867578899416,0.139226986081189,0.808307653494338
"K09769",1038.00434865822,0.254735392983614,0.154133569241666,1.65269249415885,0.098393462760864,0.755548259580255
"K09771",715.285127943617,0.168970246659514,0.512241692984265,0.329864298384443,0.741502500738607,0.997370795218308
"K09772",2118.14538251907,-0.242354386106727,0.157694014221978,-1.53686484108126,0.124326410894667,0.787926851691175
"K09773",307.485087167605,0.257544047401739,0.269498290508024,0.955642601354725,0.339252830630131,0.945600916012535
"K09774",306.554581494815,-0.0776288659784809,0.19458365908816,-0.398948536286438,0.689931124898317,0.997370795218308
"K09775",13.2953799615488,0.875878426303049,1.3114681384384,0.667861002971814,0.504222322275439,0.979329538491088
"K09776",1101.46283429346,0.466938925170625,0.267802359258665,1.74359526354888,0.0812296898055641,0.71880297762815
"K09777",4.44763963425458,0.686928011308787,2.18393226307157,0.31453723310203,0.753113042370914,0.997370795218308
"K09779",542.768285276858,-0.1493066591093,0.293090641890215,-0.509421447735022,0.610456845895659,0.992927693570313
"K09780",269.890245882215,-0.17416649588009,0.245933823850977,-0.708184393479873,0.478830756506963,0.974469580961331
"K09781",130.770415713725,-0.660120040870501,0.378456125059756,-1.74424456934413,0.0811164526738602,0.71880297762815
"K09785",9.6568456557381,-3.11905614854816,1.14814549287114,-2.71660357325307,0.00659555548811751,0.268607251454111
"K09786",9436.30506014149,0.43945738571678,0.400865894030246,1.09627032945742,0.272960489833811,0.912243138973363
"K09787",56.5516829642888,1.56546533901138,0.544249379363651,2.87637505593808,0.00402271417309479,0.210231753362887
"K09788",32.1765791880782,0.687156677738249,0.634778405925918,1.0825142621793,0.279024081545642,0.912317125798179
"K09790",14.3593678556589,1.22850966154884,1.23519461353988,0.99458793625088,0.319936717228857,0.929694808094918
"K09791",392.729440574804,-0.265407988396835,0.214962340242168,-1.23467202719247,0.216952590584748,0.883664559728345
"K09792",51.5563350080317,0.589584323176125,0.649772176580189,0.907370836158547,0.364210726335687,0.950060596598327
"K09793",62.9770316393836,0.145002277928626,0.494599974266548,0.293170815756011,0.769391590157829,0.997370795218308
"K09794",2342.27673714982,-0.288374698032408,0.254000210455458,-1.13533251612395,0.256236023127,0.899605882022776
"K09795",223.026873667589,-0.276001133643566,0.236636669676292,-1.16634980546811,0.243473043901777,0.892386817581237
"K09796",263.049045528799,-0.282279501065615,0.248661085323588,-1.13519773589936,0.256292477947452,0.899605882022776
"K09797",55.2526910536215,-0.0526898089169965,0.544326475314822,-0.096798174085731,0.922886673995042,0.997370795218308
"K09798",119.907641382441,1.11358771575323,0.288329590970409,3.86220405614737,0.000112368646552644,0.0305898101910812
"K09799",258.523119380886,-0.227071482780803,0.32961486325511,-0.688899403802245,0.490886574651341,0.977297646938226
"K09800",457.823239359161,-0.127994774304745,0.216032712932002,-0.592478669399634,0.553530100309983,0.988149645670342
"K09801",19.242991646775,0.145475546931707,0.891616007555114,0.16315941582365,0.870392919431364,0.997370795218308
"K09803",134.771138905429,-0.544016418016819,0.41185374839454,-1.32089709062371,0.186535679984279,0.848827148219077
"K09804",225.045635849259,0.445289517135993,0.288793920386754,1.5418936677741,0.123099434973766,0.78513579984865
"K09806",47.6691256787694,0.0606455075270828,0.706740071137039,0.0858102009548054,0.93161729720304,0.997370795218308
"K09807",389.587419875529,-0.243109376737879,0.223365629511653,-1.08839205597295,0.27642206663649,0.912317125798179
"K09808",396.202958320638,0.0191327820777035,0.218241179094562,0.0876680659309188,0.930140501563524,0.997370795218308
"K09809",406.18334988863,-0.0579848838248921,0.201665665806808,-0.287529776538366,0.773706705665265,0.997370795218308
"K09810",451.461480523233,0.0983890337212594,0.193169598933639,0.50934015634137,0.610513815302304,0.992927693570313
"K09811",1281.07652523948,-0.163200175560611,0.15321303617861,-1.06518465811459,0.286792374853661,0.919823007337143
"K09812",1886.38034104337,-0.159550250862815,0.136628633955004,-1.16776583534722,0.242901232583043,0.891011860683429
"K09815",123.983960905372,0.300237087541021,0.340698862381404,0.881238890680278,0.378188533738811,0.960336202533726
"K09816",100.10623669007,-0.0957722431498704,0.322871168526206,-0.2966268050103,0.766751443994728,0.997370795218308
"K09817",126.244150409417,-0.195818276935051,0.406868567656779,-0.481281407563134,0.630316509299737,0.992927693570313
"K09818",11.5078164592399,1.70765452148328,1.30000708014476,1.31357324707272,0.188989856591275,0.848827148219077
"K09819",9.27613374353886,-0.123183301115543,1.66259741929912,-0.0740908771333662,0.940938074303158,0.997860244041637
"K09822",29.178422717462,-0.487338011479382,0.730430595090735,-0.667192769244345,0.504649009209559,0.979329538491088
"K09823",198.065070344563,-0.0895387484977786,0.249090552008145,-0.359462644311177,0.719249018397159,0.997370795218308
"K09824",51.9718532277858,0.270798190993106,0.462821948616867,0.585102309435369,0.55847892609424,0.988149645670342
"K09825",195.114367266326,0.448701724744029,0.300533490264494,1.49301738168726,0.135432637078026,0.807360367143472
"K09826",796.382357463886,0.029515424057589,0.218137333188992,0.135306614535427,0.892369455531216,0.997370795218308
"K09828",38.1330227314902,-0.625599962214743,0.610359398612208,-1.02496981882672,0.305377428734797,0.923868889060477
"K09833",3.74245115586715,0.30409955896011,2.29226965960811,0.132663082497938,0.894459840631587,0.997370795218308
"K09834",4.26010046451263,-0.211225940016812,1.65474399582049,-0.127648712157483,0.898426979698764,0.997370795218308
"K09857",8.36571573372986,1.68546147862732,1.13328681185934,1.48723294137876,0.136953298608481,0.807360367143472
"K09858",35.3701193115794,-0.694017252188769,0.685626504301404,-1.0122380739874,0.311424235767113,0.92871793789011
"K09859",26.5349175057981,-0.191552817303327,0.616546399218832,-0.310686782934788,0.756038746045383,0.997370795218308
"K09860",2.3770846009456,-3.06474355166957,2.56027920643409,-1.19703489524414,0.231292953878551,0.888188252939584
"K09861",40.4978051396167,-0.447695923181911,0.522654745872277,-0.856580614100682,0.391676703258801,0.96389527995257
"K09862",47.4618517082788,0.744242566319599,0.44839625439934,1.6597876521439,0.0969571786624851,0.755548259580255
"K09874",15.761847515602,-0.199137725284015,1.02099550710051,-0.195042704790679,0.845359515970137,0.997370795218308
"K09879",6.34719575891065,-0.923020109160423,1.75956187257105,-0.524573829172439,0.599879483768199,0.992927693570313
"K09880",30.1503589180759,-0.0918586056088044,0.546477709234098,-0.168092136342664,0.866510795620711,0.997370795218308
"K09882",1043.48576388019,0.169203366277769,0.156452770189151,1.08149805256373,0.279475626490614,0.912317125798179
"K09883",367.926740273983,-0.15419755749959,0.212615039408343,-0.725242945789185,0.468303000608446,0.9731410869362
"K09888",334.372017966014,0.224874560162236,0.269881398098053,0.833234753291649,0.404712345979139,0.967424176194844
"K09889",56.5019362574977,0.685183496361834,0.61198357291274,1.11961092860826,0.262879596429583,0.903690153582261
"K09890",45.5088232977582,-0.00988504273192113,0.70264427360812,-0.0140683459656774,0.988775454216453,0.998573809130236
"K09891",1.11684310159559,-1.81087436239678,3.41946348294596,-0.529578505934699,0.596404200199536,NA
"K09892",130.941807745384,0.420827944805012,0.364653589661812,1.15404854562188,0.248480266798804,0.896754767569043
"K09895",5.14062423582334,0.930315597359136,1.32017664445547,0.704690240708553,0.481003026033294,0.974469580961331
"K09897",3.83290462011559,-0.672740637110969,2.27788130220973,-0.295336125046707,0.767737122786221,0.997370795218308
"K09898",10.9957880894684,-0.746097492168623,1.52353298473884,-0.489715352173039,0.624335336724583,0.992927693570313
"K09902",2.85940622181779,3.29758046497563,2.63347527506155,1.2521782513787,0.210504919021956,0.881063355230432
"K09903",3386.8229559211,-0.0881502974977534,0.111318535660278,-0.791874389785098,0.428433921231622,0.9731410869362
"K09912",7.15108891051836,1.36229510314265,1.42189587802843,0.958083586986399,0.338020611097813,0.944873292302512
"K09913",54.8521283432144,0.277183868637147,0.660188812776981,0.419855446309695,0.674591057036339,0.997370795218308
"K09914",17.7264704820046,-1.83756310315455,0.912583801346476,-2.01358286268429,0.0440533471727816,0.602364146615956
"K09915",150.123358881014,-0.0231040528002723,0.337318628855925,-0.0684932607446962,0.945392984625871,0.997942587160163
"K09919",166.955483765633,-0.387437217424115,0.293341121053337,-1.32077363048486,0.18657685468323,0.848827148219077
"K09920",19.69139821417,-1.36888828741757,1.17106637502639,-1.16892459437811,0.242434013485285,0.890759083903911
"K09921",189.321492073766,-0.462667522360407,0.358086499787706,-1.29205519514057,0.196338030689509,0.856100345826652
"K09922",52.5484998355586,-0.267627737119247,0.846737937841783,-0.316069146259576,0.751950024903588,0.997370795218308
"K09924",153.144050551839,0.0490760240876738,0.33763963989044,0.145350303369587,0.884434300040609,0.997370795218308
"K09925",3.62348686141628,1.04075796329082,1.97660971278866,0.526536906379201,0.598515216404899,0.992927693570313
"K09926",32.3410582540054,0.624494264848449,0.718913119008548,0.868664444056451,0.38503069463009,0.963622578411872
"K09927",366.92769641624,-0.432783614074533,0.212780042434088,-2.03394833990878,0.0419568043525706,0.590120455834234
"K09928",131.265068711617,0.176421923362609,0.37526569058109,0.470125374609718,0.638265446232952,0.992927693570313
"K09930",176.019308079098,0.185598363777117,0.335280884060158,0.553560827952888,0.57987944063472,0.992186816903
"K09931",49.8600914796571,-0.456860811652516,0.603627720320654,-0.756858567412753,0.449134600179412,0.9731410869362
"K09932",301.029694235163,-0.248516650947051,0.276801863133704,-0.897814227597917,0.369284598232438,0.951124474362394
"K09933",39.4612760008968,0.445233295933129,0.56141903434348,0.793049876646563,0.427748764100409,0.9731410869362
"K09934",13.1095938017835,1.05260102609814,1.00644798635714,1.0458573521599,0.295626897192091,0.921603082140073
"K09935",3.41933902568266,5.26557533158481,2.42405174394795,2.17222068164642,0.0298390214408239,0.538557233280785
"K09936",92.4557228760706,-0.190224081099262,0.306600392020708,-0.620429999601612,0.534974726736279,0.984070334914601
"K09937",40.2625118428377,-0.0135080232303119,0.67079892385212,-0.02013721660843,0.983933911597799,0.998573809130236
"K09938",22.5047996036588,0.469294422093124,0.650763753224506,0.721144070744246,0.470820878512082,0.97366928225444
"K09939",11.4958489697094,-0.464917465076891,0.904878311851635,-0.51379004114436,0.607398791411032,0.992927693570313
"K09940",457.423393202899,-0.106084222856369,0.210627134418667,-0.503658862136458,0.614501121365824,0.992927693570313
"K09941",43.0574974030823,0.832201247180035,0.517198443143439,1.60905597882713,0.10760410177975,0.759768797625471
"K09942",323.351296125578,0.251404342799109,0.226007466286532,1.11237184739897,0.26597830392556,0.907376120582748
"K09945",177.559302904673,-0.271623383151435,0.377658089783864,-0.719230940629092,0.471998638426553,0.974469580961331
"K09946",103.595993265369,0.157942527594338,0.42454906331831,0.372024204599221,0.709874828042405,0.997370795218308
"K09947",5.68743572000275,0.702127714142852,1.79566565540175,0.391012498362766,0.695787997507494,0.997370795218308
"K09948",93.6875254512023,0.378889506172982,0.342373202808362,1.10665642949007,0.268442499880257,0.909333784945057
"K09949",61.04992225912,0.0675944926499007,0.409307354413355,0.165143606439179,0.868830951205814,0.997370795218308
"K09950",57.8772073136368,0.557285533077837,0.451733177426647,1.233660844334,0.217329310260659,0.883664559728345
"K09952",1.15521200449848,1.14389595225408,3.1151070284497,0.36720919756756,0.713462979178875,NA
"K09953",8.97909623812312,0.0771380726147055,1.3769370334445,0.0560214960750527,0.955324682659008,0.997942587160163
"K09954",9.72170017186658,0.00352043880365882,1.62930745138548,0.00216069643618534,0.998276015014421,0.998573809130236
"K09955",720.231703374301,-0.320298810386671,0.232474176933534,-1.37778231806901,0.168270506849894,0.831694303422829
"K09956",37.037627001604,-1.164866664004,0.80302660099714,-1.45059536328878,0.146892567189484,0.814133364640594
"K09957",54.0542262164712,-0.721466008416863,0.421191541509895,-1.71291665979459,0.0867278728877293,0.736278087492683
"K09958",224.365881000569,-0.00244211768293141,0.22649266209456,-0.0107823258393768,0.991397115376688,0.998573809130236
"K09959",74.1826868709251,0.8047818630729,0.619833649825921,1.29838362808944,0.194155542140395,0.853524006689633
"K09960",11.092639835516,-0.13927689669148,1.38564389663487,-0.100514206449235,0.919936104839599,0.997370795218308
"K09961",2.71312632630676,-4.09266956637672,2.38809669346722,-1.71377883381878,0.0865693521232277,0.736278087492683
"K09962",6.15641468209487,1.35221297160317,1.44637927842202,0.934895149409508,0.349842337104913,0.947770244518839
"K09963",12.61689516133,2.19618995493598,1.17990451062287,1.86132855257635,0.0626977934020329,0.671608547723031
"K09964",5.64093151443509,0.723823951604687,1.75147203600325,0.413266062332579,0.679411691673288,0.997370795218308
"K09965",4.3945594132929,2.48085107317204,2.06930040422277,1.19888396489433,0.230573067630229,0.888188252939584
"K09966",83.5478822781951,-0.279443417207017,0.40557241886386,-0.689009913420219,0.490817029100621,0.977297646938226
"K09967",138.383595855619,-0.031017373638225,0.314580677625837,-0.0985991061889601,0.921456579721916,0.997370795218308
"K09968",0.667412152487968,-2.8339167818151,3.43940839965375,-0.823954719102388,0.409965287110417,NA
"K09969",1383.64057682994,-0.310280221995592,0.18984215971069,-1.6344115683705,0.102172460802542,0.755548259580255
"K09970",157.846765286201,-0.50190624538467,0.270922909179854,-1.85257956554525,0.0639426435913667,0.673390891931288
"K09971",308.72297129661,-0.33057611009418,0.265534690295758,-1.24494509446573,0.213151933312117,0.883645858380624
"K09972",164.219307908014,0.0162060744147416,0.332172620977596,0.0487881101309511,0.961088157632465,0.997942587160163
"K09973",136.101355080397,-0.367956887069512,0.32823450917441,-1.12101828657509,0.26228007860786,0.903690153582261
"K09974",0.965254714063789,3.44691370565128,3.42349999470386,1.00683911522817,0.314012094258129,NA
"K09975",12.9800180317852,2.39361856643078,1.18455372593554,2.02069227762576,0.0433116297383423,0.598439505464885
"K09977",6.97927152659905,-0.0706262689030435,1.70591575022827,-0.0414007953755001,0.966976378724438,0.997942587160163
"K09978",31.1675672221497,-0.0470853708819705,0.877181822005793,-0.0536780057460647,0.95719170640497,0.997942587160163
"K09979",13.2920383529712,-0.860742906650615,0.938350745306028,-0.917293358540359,0.35898893665941,0.950060596598327
"K09980",20.3040881870124,-0.925554197731678,0.774048484348121,-1.19573155486655,0.231801333287276,0.888188252939584
"K09981",143.679040775364,-0.0624785924145784,0.274526531022991,-0.227586718783643,0.819967545900448,0.997370795218308
"K09983",399.260645593242,0.188324452728957,0.219525111365961,0.857872029113829,0.390963130824607,0.96389527995257
"K09984",26.7048142334721,-0.592883480006343,0.619324679118124,-0.957306401628576,0.338412625144246,0.944873292302512
"K09985",237.829045510521,-0.213643128127829,0.247698216785021,-0.862513791583939,0.38840484706009,0.96389527995257
"K09986",53.3000390360045,-0.174942248150034,0.434815900340692,-0.402336363534455,0.687436496335061,0.997370795218308
"K09987",298.906408080292,0.144073659324524,0.218095163454445,0.660599974077911,0.508868885656751,0.979329538491088
"K09988",57.5531736043336,-0.130096114720123,0.483391727298669,-0.269131860090235,0.787828213817298,0.997370795218308
"K09989",364.964687650352,-0.176180039605473,0.228785280018407,-0.770067198341162,0.441260032365513,0.9731410869362
"K09990",145.573835000794,0.421608109194042,0.353837760265204,1.19152944241463,0.233445805418435,0.888188252939584
"K09991",151.522197850824,-0.282691055672115,0.29483685658672,-0.958805011506313,0.337656984080186,0.944873292302512
"K09992",4882.23282222646,-0.29675536364347,0.139085681637819,-2.13361548183101,0.0328742696198289,0.551495800429007
"K10001",1212.16033430448,0.197968195857149,0.15714068329073,1.25981503778295,0.207736093718368,0.876766360309588
"K10002",101.570054192471,-0.260634309802023,0.330195174163002,-0.789334097515791,0.429916762691696,0.9731410869362
"K10003",156.759828832064,0.0046028142309554,0.332382148256379,0.0138479586075876,0.988951280757535,0.998573809130236
"K10004",125.871553611369,-0.241335911656718,0.395380728237002,-0.610388656859509,0.541604380374353,0.984845345729267
"K10005",2303.33284839764,-0.299977127004451,0.152496210448222,-1.96711200968698,0.049170299005995,0.628002105104514
"K10006",400.26560485225,-0.506300323735013,0.274502332001236,-1.84442995454309,0.0651205052116263,0.673390891931288
"K10007",189.213851613179,-0.139209340356739,0.305741477048978,-0.455317157817088,0.648881084234884,0.992927693570313
"K10008",803.190362715668,-0.10921476677688,0.228369871704125,-0.478236318836216,0.632482015415426,0.992927693570313
"K10009",67.5711743211482,0.414444121973897,0.419666818343618,0.987555136261823,0.323370567411003,0.931476967602338
"K10012",38.3568673892458,-0.101402561359084,0.808999468387634,-0.125343174280674,0.900251873545217,0.997370795218308
"K10013",6.02588656775724,0.25731115232525,1.58346388138315,0.162498908469254,0.8709129877683,0.997370795218308
"K10014",9.05261400752215,-0.0247214725843485,1.59960933903148,-0.0154546938312555,0.987669429256519,0.998573809130236
"K10018",448.939461084394,0.165694561465087,0.18606417661752,0.890523713254566,0.373184741266015,0.953407328330002
"K10019",19.8915825445924,0.7089351284148,0.993320858785832,0.713702045159258,0.475411441506268,0.974469580961331
"K10020",10.721457739764,0.209196536328064,1.21714604259974,0.171874638709119,0.863536085235537,0.997370795218308
"K10021",12.1856230439484,0.00200766932998642,0.850603564139119,0.00236028793509507,0.99811676444611,0.998573809130236
"K10022",19.0253453790868,0.00331412361016552,0.860484138530127,0.00385146391637931,0.996926984002038,0.998573809130236
"K10026",212.030669560449,0.310182288152873,0.290346366069403,1.06831813448193,0.285377031036703,0.917896368893027
"K10027",97.6791876838685,-0.51343479964139,0.358044321490616,-1.43399788468603,0.151572866497882,0.815874091147702
"K10039",21.6080196190001,1.11585154018648,0.71841362828671,1.55321599737409,0.120371540749948,0.778883207834244
"K10040",45.3162369089107,0.918233818026717,0.573565352364781,1.60092274444557,0.109394031296566,0.759768797625471
"K10046",605.639684252409,-0.0687142925905355,0.169510597959521,-0.40536871096959,0.685206506691252,0.997370795218308
"K10094",6.81400709098505,-0.849380484851058,1.50221083180231,-0.565420290460824,0.571787926689582,0.990848007156586
"K10106",9.71738494124953,-1.12476899270332,1.55683651544099,-0.72247084491381,0.470005044067534,0.9731410869362
"K10107",58.37953402861,0.160315575679494,0.458646988109354,0.349540234288576,0.726683770690203,0.997370795218308
"K10108",26.2974726747145,0.379383210976925,0.789690509432386,0.48042012211799,0.630928689002585,0.992927693570313
"K10109",9.1463002718875,1.14968473561081,1.25769664047411,0.91411927058771,0.360654177703819,0.950060596598327
"K10110",1.56761804623806,4.14520001638522,3.40816375605256,1.21625611710228,0.223887372534609,0.886760339895229
"K10111",161.103275853621,-0.274674661701557,0.329428500453206,-0.833791433721362,0.404398523351754,0.967424176194844
"K10112",8097.50528168079,-0.196933942901467,0.118147796123766,-1.66684398154299,0.0955454322048727,0.755548259580255
"K10117",3231.51690096083,-0.0356780113814608,0.152255019359206,-0.234330608814202,0.814728324940322,0.997370795218308
"K10118",501.046007149415,0.213653611769842,0.20931646893765,1.0207205044792,0.307386877040643,0.92608770786561
"K10119",774.439669907765,-0.0803442869470212,0.181847967363326,-0.441821198839666,0.65861859714467,0.992927693570313
"K10120",58.8848324935116,0.778856231860857,0.65757915969881,1.18442961637895,0.236243042327591,0.888188252939584
"K10125",59.2788186505374,1.27612007512425,0.473498768417814,2.6950863660921,0.00703703884387683,0.27069639305294
"K10126",15.6154863338452,-1.36416631399135,1.18573718258237,-1.15047949413241,0.24994643525678,0.897595428587345
"K10187",46.9875248883097,-0.181468745790015,0.445913010945885,-0.406959970522226,0.68403738859873,0.997370795218308
"K10188",256.80271515337,0.115069822493806,0.294747061636224,0.390401932609678,0.696239359003411,0.997370795218308
"K10189",34.3772998837985,1.65303459901769,0.789207409655452,2.09455027765054,0.0362109892073422,0.561047008846237
"K10190",29.3348294600559,1.10548653363992,0.631462166049024,1.75067738508675,0.0800014970506953,0.713098553777597
"K10193",4.94395134543333,-0.363573860040419,2.67454412310326,-0.135938628531044,0.891869797752185,0.997370795218308
"K10200",546.639258827327,-0.377206278590413,0.200600934044776,-1.88038146674939,0.0600561075520535,0.664835541828556
"K10201",251.370570174581,-0.196383013791539,0.337350970508321,-0.582132648071617,0.560477335669182,0.988149645670342
"K10202",197.754430870888,0.0384934791898403,0.303429750055879,0.126861255966995,0.899050212074796,0.997370795218308
"K10206",34.2401968380802,0.0547352046180196,0.871711495511342,0.0627905045417718,0.94993332722741,0.997942587160163
"K10210",32.3237686526584,0.220761810356105,0.708194248177869,0.311724941178368,0.755249571464373,0.997370795218308
"K10211",3.44237473477852,-1.60205324693242,2.59543549880838,-0.617257969873632,0.537064584745871,0.984070334914601
"K10215",1137.76247131525,-0.346071053235511,0.186252993677365,-1.85806974912301,0.0631591100307883,0.671608547723031
"K10216",245.443539430109,0.872046208217897,0.392977707716313,2.21907296799497,0.0264817607510373,0.534004259723778
"K10217",52.3986487600381,0.613315690735572,0.628238203821359,0.976247046112418,0.328942054453148,0.938043549855045
"K10218",387.125061021846,0.0127804597431898,0.211651337470273,0.060384497900869,0.951849405009117,0.997942587160163
"K10219",243.069374892517,-0.273318310709997,0.307040984877782,-0.890168818403157,0.373375245031771,0.953407328330002
"K10220",356.189529809185,0.0157134073441991,0.224491152397997,0.0699956643117101,0.944197110553124,0.997942587160163
"K10221",78.2341277713776,0.270218003193389,0.469347281746678,0.575731475822703,0.564796696707822,0.988149645670342
"K10227",1071.37817619279,-0.380105122453039,0.189238227517865,-2.00860643982282,0.0445788878277733,0.60816163827001
"K10228",759.39711816027,-0.151839632505643,0.153351440897999,-0.990141544262622,0.322104939764988,0.931476967602338
"K10229",473.593180710429,-0.157396911983311,0.173823066123147,-0.905500722624472,0.36520017722471,0.950060596598327
"K10231",25.3638656575322,-0.599147958069678,0.795909180515655,-0.752784328585707,0.451579525500495,0.9731410869362
"K10232",8903.85872249259,-0.289958636764083,0.139619582258401,-2.07677628076155,0.0378222123809216,0.569649696771203
"K10233",2000.07106035825,-0.285425378030665,0.158330156997639,-1.80272276263151,0.0714317654801175,0.690007812032941
"K10234",1590.02751323407,-0.13784703278458,0.161479630607238,-0.853649666315262,0.393299130697391,0.965370132142093
"K10236",6452.87309221337,-0.257348201754666,0.117583963262414,-2.18863350591729,0.0286234884863324,0.53510136360559
"K10237",2485.72127952933,-0.291573257103347,0.142011359935381,-2.05316854395326,0.0400562340490465,0.579223041294056
"K10238",2775.58142710672,-0.354561339672142,0.115513519617447,-3.06943586210828,0.0021446344969587,0.151108423556302
"K10240",1044.02076555388,-0.400792108078689,0.303872900594874,-1.31894653091501,0.18718698861189,0.848827148219077
"K10241",258.862110769872,-0.452777652562378,0.37928935629817,-1.19375259295818,0.232574760916587,0.888188252939584
"K10242",116.370039373133,-0.445497656387504,0.408379533183209,-1.09089124255314,0.275320741036452,0.912317125798179
"K10255",884.170000451217,-0.152304382912105,0.265740904934059,-0.573131121646092,0.566555916582253,0.988954644246899
"K10439",5448.9704738153,-0.104262641746181,0.120562227198972,-0.864803547251241,0.387146623869444,0.96389527995257
"K10440",1140.86570471236,-0.0821131540040308,0.152422545557508,-0.538720526570987,0.590079708024059,0.992927693570313
"K10441",453.782788884686,0.0667014360062992,0.165658020753659,0.402645375713423,0.687209123779926,0.997370795218308
"K10531",55.2817253775449,-0.157674390006203,0.550709078138308,-0.286311586762337,0.774639484474079,0.997370795218308
"K10532",146.006428463601,-0.588954378192903,0.302762713962177,-1.94526720442359,0.0517428270931807,0.63894389991971
"K10533",23.7550279230262,0.496588953336937,0.666342079493298,0.74524627607873,0.45612285224551,0.9731410869362
"K10535",21.8112137478959,0.497982286785982,0.965331835273154,0.515866429128043,0.60594770242799,0.992927693570313
"K10536",193.159018480682,-0.203357912395484,0.277809169949533,-0.732005759321861,0.464165052510912,0.9731410869362
"K10537",68.5080165389146,-0.0997752663882342,0.475856940182529,-0.209674921101208,0.833921400490745,0.997370795218308
"K10538",12.8690228801786,-0.173646973346323,0.775730261902903,-0.223849683162236,0.822874269175799,0.997370795218308
"K10540",199.783983722721,1.02649070020973,0.35999191902203,2.85142706258056,0.00435234701596059,0.214195325999025
"K10541",80.7283291235213,1.07346322970492,0.566875627589517,1.8936485843809,0.0582716701399847,0.663242882944981
"K10542",16.6889270118646,0.15544592150391,0.930804756911219,0.167001640623047,0.867368758024203,0.997370795218308
"K10543",9625.47175893138,-0.261682749719521,0.142048620589714,-1.84220549719629,0.0654450966563126,0.673390891931288
"K10544",917.021286502454,-0.328406394732862,0.16873435438006,-1.94629241887016,0.0516196237339123,0.638739517649588
"K10545",2140.15065226342,-0.176566999357725,0.135211707141513,-1.30585585442634,0.19160158149896,0.851198976763293
"K10546",5525.00016113699,-0.059350402225371,0.125217723097017,-0.473977650746669,0.635515844630068,0.992927693570313
"K10547",686.74294261276,-0.039030935258041,0.191279297896541,-0.204052062545483,0.83831281465653,0.997370795218308
"K10548",549.156223354129,-0.292955197562754,0.197502628795562,-1.48329771279144,0.137995329772323,0.807360367143472
"K10550",5.67301037732884,-0.953693173814522,1.79599149486666,-0.531012076917061,0.595410410277113,0.992927693570313
"K10552",1533.3431879207,0.0867547274304492,0.141687472706452,0.612296385652865,0.540341680565206,0.984845345729267
"K10553",763.141331338511,-0.350719144563195,0.185325309833358,-1.8924514135633,0.0584308613490551,0.663242882944981
"K10554",479.072299548806,-0.00261672372246871,0.196838297246152,-0.0132937734123783,0.989393415847429,0.998573809130236
"K10556",12.1676973011498,-1.04212177290021,1.36055389720342,-0.765954053744039,0.443703641358778,0.9731410869362
"K10557",16.1774212838067,1.22466309071237,1.37402039387225,0.891299063808679,0.372768750798217,0.95325023421457
"K10559",2060.59776091658,-0.135874652255761,0.122600020527359,-1.10827593397865,0.26774266563784,0.908736816700217
"K10560",69.3498240611775,-0.364909752441398,0.592431900279116,-0.615952233952081,0.537926045726729,0.984070334914601
"K10561",158.710928141153,-0.576385824418213,0.335716081306536,-1.71688476219263,0.0860002295769053,0.735734682968489
"K10562",65.6505953242369,-0.153689771363124,0.432292447894453,-0.35552268403414,0.722198054057276,0.997370795218308
"K10563",617.493570435847,-0.0208812317588637,0.200968098776647,-0.103903215913242,0.917246154994047,0.997370795218308
"K10564",1.51562855971312,0.801367765371932,3.33784510650146,0.240085366397329,0.810264078414462,0.997370795218308
"K10565",2.70987449580887,0.183286881095374,2.20504182113092,0.0831217255559216,0.933754751127085,0.997370795218308
"K10619",47.3079502875086,1.0997602170506,0.676978137592649,1.62451363785745,0.104266232150166,0.759017135201614
"K10621",44.2900230908116,-0.319970919223851,0.680604562425368,-0.470127496770839,0.638263930143667,0.992927693570313
"K10622",1.338169737081,-2.99681183123038,3.31163237175938,-0.90493493685661,0.365499857000296,NA
"K10670",15.0052748704032,1.21650499026467,1.34105989223546,0.907122043771537,0.364342262175035,0.950060596598327
"K10672",6.44855770109972,-0.697119967841592,1.70449251953513,-0.408989749061333,0.682547183956632,0.997370795218308
"K10674",6.33469475373881,0.631397337445454,1.40489721040647,0.44942600267729,0.653124377032889,0.992927693570313
"K10676",164.83098444126,0.13145199741138,0.328530930681858,0.400120613114128,0.689067682505575,0.997370795218308
"K10679",200.681919009132,-0.608533723955667,0.413446825744954,-1.47185486999254,0.141060072741149,0.80901139713996
"K10680",126.579675620141,-0.119822291236715,0.40138058515901,-0.29852537882281,0.765302209149016,0.997370795218308
"K10708",232.25913015279,0.0571948339887254,0.409649630241694,0.139618907882281,0.888961100622426,0.997370795218308
"K10709",26.0113875589043,-0.204954050068501,0.832713282236478,-0.246127994401675,0.805583153113676,0.997370795218308
"K10710",91.2789970588752,1.06150130751296,0.580947319512416,1.82719030084151,0.0676711616779833,0.680004341089668
"K10711",326.616646818489,0.106187985898068,0.395474223168987,0.268507982763503,0.788308331052699,0.997370795218308
"K10713",5074.16766309618,-0.129390898942279,0.176396889341712,-0.733521432408177,0.463240460787487,0.9731410869362
"K10714",25.3343126102641,0.63095088893662,0.913673667919582,0.690564816619136,0.489839064120981,0.977192332550331
"K10715",8.94554139777405,-1.36260951285191,1.34840091957736,-1.01053736545878,0.31223790693609,0.92871793789011
"K10716",28.8064840234023,-0.538619796706764,0.876759410571489,-0.614330214437826,0.538997140419632,0.984415998762777
"K10725",48.3008218634478,1.38165063448681,0.632217336385796,2.18540453570177,0.0288591986048766,0.53510136360559
"K10726",5.67986440697381,2.69265054064672,1.43097093447613,1.88169478203447,0.0598774686273301,0.664835541828556
"K10747",57.3263857171561,0.0495947480807883,0.533964509400911,0.0928802330634892,0.925998709585052,0.997370795218308
"K10761",3.46157145200817,-2.44989183195369,2.0936761328723,-1.17013887367226,0.241945086855077,0.890601797894933
"K10763",28.6922421746149,1.52302658460653,0.629543895416099,2.41925399594238,0.0155523763765894,0.418241289173284
"K10764",180.455142181971,-0.380168340038834,0.277112850450688,-1.37188996981028,0.170097693305297,0.831694303422829
"K10773",608.012491210698,-0.181934997152823,0.155310190478359,-1.17142987586622,0.241426029318608,0.89029641349834
"K10778",199.70700457618,-0.0327658334345302,0.285142447585583,-0.114910402544313,0.908516139678997,0.997370795218308
"K10780",158.277172267265,0.478151030654689,0.315948505105381,1.5133827915888,0.130182453555424,0.800641307192464
"K10794",113.973018926089,0.293059299478406,0.346064938723418,0.846833257825707,0.397088067897805,0.966076934033148
"K10800",1.91834521549272,-2.71124970196286,2.98831577542012,-0.907283535516489,0.364256878559835,0.950060596598327
"K10804",358.731591039734,-0.0345888174710181,0.198172018921375,-0.174539360598336,0.861441600186018,0.997370795218308
"K10805",207.703513666887,-0.223482428379465,0.285662110981623,-0.782331362081973,0.434019860187456,0.9731410869362
"K10806",158.182014585074,-0.185944466040202,0.306976347745928,-0.605728967086744,0.544694745326115,0.986147771994589
"K10810",19.2903719679711,0.647111340065094,0.853614809265091,0.758083544288807,0.448400970287796,0.9731410869362
"K10820",204.510695311849,-0.333159537324381,0.325680802495922,-1.02296338860364,0.306325156474304,0.925621272514939
"K10823",187.111226353159,0.671459713262372,0.320116331719187,2.09754906804127,0.0359449983102881,0.561047008846237
"K10831",9.09867654278743,-3.48895762597379,1.70146436879729,-2.05056167496473,0.0403096518468849,0.579223041294056
"K10843",752.452129615984,0.00742292141432239,0.168578835542947,0.0440323448101606,0.964878621432102,0.997942587160163
"K10844",86.2013946500673,0.283278409099548,0.429603651199397,0.659394789380099,0.509642287259586,0.979329538491088
"K10848",19.8074193940987,1.2276059566015,0.813305976382229,1.50940235563271,0.131195991463581,0.800641307192464
"K10851",21.3548552716233,1.76981007590789,0.884856186184913,2.00011041742103,0.0454883421262397,0.610284468809643
"K10854",48.7642712849889,-0.328160236420056,2.17094365506521,-0.151160181266979,NA,NA
"K10855",54.3268322460667,1.8114897502564,0.972681463365442,1.86236688832201,0.0625513930864858,0.671608547723031
"K10856",15.2090134058107,0.360711471828771,1.02223181094028,0.352866608110128,0.724188445419202,0.997370795218308
"K10857",0.713020514246776,1.05430857839193,3.4520356043784,0.305416484422899,0.76004896844051,NA
"K10860",2.66095352484919,0.0155904623935352,2.37843068210103,0.00655493662727355,0.994769954721479,0.998573809130236
"K10907",147.300182774134,0.161591701467748,0.481778594082352,0.335406561131121,0.737318419262037,0.997370795218308
"K10912",2.36489477321832,1.7072236046615,3.18236740136218,0.536463390094662,0.591638331280409,0.992927693570313
"K10914",2313.33839900664,0.0811783449471113,0.125644409923888,0.646095954418402,0.518217215223445,0.980180447854674
"K10915",19.5766311715319,1.07833820900537,0.88585151330957,1.21729002299343,0.223493888948938,0.886760339895229
"K10916",137.954662349211,0.755433021294687,0.436308958876125,1.73141762488807,0.0833773053412134,0.728973257939455
"K10926",2.4741466630378,0.291798871228032,3.16305517771003,0.0922522228775306,0.926497647048326,0.997370795218308
"K10927",1.70470292885176,4.25844337891527,3.38446947349404,1.25823069531751,0.20830833697296,0.878562415585253
"K10941",16.9141020687032,-0.100655798956247,1.02733439757584,-0.0979776392124712,0.921950049246668,0.997370795218308
"K10942",1.9231425152028,4.43998110960925,3.26943430586273,1.35802732039836,0.174455015258352,0.839205691873311
"K10943",11.8107139254499,0.688425023032001,1.01110775242783,0.680862174559517,0.49595870427164,0.978899117871614
"K10944",1468.42220351124,-0.108564119933984,0.233792085780594,-0.464361826327465,0.642388534989232,0.992927693570313
"K10945",1203.6914429238,0.128372920390864,0.249781064636308,0.513941761669488,0.607292708630016,0.992927693570313
"K10946",11607.8067147704,-0.329783512557643,0.416370569020396,-0.792043283302977,0.428335438847366,0.9731410869362
"K10947",2025.94683651405,0.0703631585598578,0.152849613547322,0.460342404058963,0.645270468874923,0.992927693570313
"K10956",93.3478997545552,0.237636127384249,0.467519584189546,0.508291278955074,0.611249085179302,0.992927693570313
"K10960",21.5298239625096,-0.295680349937937,0.712948494075753,-0.414728907340282,0.678340368184277,0.997370795218308
"K10974",198.424844950892,0.0664196153370604,0.427148193736778,0.155495484496863,0.876430713495728,0.997370795218308
"K10975",4.91254239237683,-0.742952897519967,1.67583718867784,-0.443332384875719,0.657525334738353,0.992927693570313
"K10979",3458.77180810264,-0.121610868536743,0.117465271237309,-1.03529211021919,0.30053251332246,0.923020113993957
"K11003",16.4956734034036,-1.85173482136024,1.02219961446655,-1.81151978063168,0.0700604299448876,0.688718930590573
"K11004",72.3076754136293,-0.414551206932801,0.508336635928037,-0.815505272752931,0.414783147644169,0.969222258645634
"K11021",118.450901264785,0.0745610858100239,0.379803255477914,0.196315025568178,0.844363601511469,0.997370795218308
"K11031",6.05927255950326,-1.40700344186777,1.78401927162589,-0.788670539744495,0.430304590803845,0.9731410869362
"K11065",170.792211380852,0.279109469109642,0.290679687414217,0.960195986147158,0.336956586603164,0.944778302496427
"K11066",2.48329855540938,0.941290662539457,2.41915737768738,0.389098564327095,0.697203235468806,0.997370795218308
"K11068",647.182707047152,-0.0426807577202847,0.192353246459217,-0.221887379110775,0.824401555663075,0.997370795218308
"K11069",55.8624451512311,0.3283942374755,0.520929730754089,0.630400259551557,0.528432741056022,0.984070334914601
"K11070",413.045303371584,-0.183136491488468,0.223243272860731,-0.82034494989113,0.412019488462856,0.968959956833116
"K11071",786.589874133979,-0.280873186395798,0.190923562215838,-1.47112898552706,0.141256237574035,0.80901139713996
"K11072",736.719419845319,-0.193657909393608,0.160141785026354,-1.20929031334163,0.226551331006642,0.888188252939584
"K11073",328.537580737838,-0.243259673740448,0.313243504938257,-0.776583296717984,0.437404659382684,0.9731410869362
"K11074",26.3344602929547,-1.39042510167648,0.777244886475746,-1.7889150843836,0.0736284920972483,0.698828905182916
"K11075",47.4046387293207,-0.814897744568973,0.55015332650491,-1.48121933524599,0.138548135447638,0.807360367143472
"K11076",68.6089910972002,0.178124400875109,0.390117797920797,0.456591321453302,0.647964818221439,0.992927693570313
"K11080",12.1073330073781,-0.331092885331487,1.30728283925475,-0.253267981028677,0.800061137083334,0.997370795218308
"K11085",152.598908675369,-0.507481658784207,0.374794352197071,-1.35402696387849,0.175727775408406,0.841273898418018
"K11089",125.570362566445,-0.0143881756798272,0.338991915247831,-0.0424440083454741,0.966144746352792,0.997942587160163
"K11102",123.06016434775,1.91822434864558,0.643765969010374,2.97969206355278,0.00288538282036908,0.172805577111904
"K11103",699.223682019614,-0.110652892485969,0.150065964685442,-0.73736168436269,0.460902429605646,0.9731410869362
"K11105",223.564843003473,-0.691362339987397,0.242751020459385,-2.84803062281285,0.00439906914307565,0.214195325999025
"K11106",5.22446421555228,-0.994504953965517,1.6651429799842,-0.597248984573658,0.550341159187014,0.988149645670342
"K11130",3.05594200275962,1.77172295365892,2.64481230691545,0.669886081906966,0.502930412815882,0.979329538491088
"K11131",38.2189626922587,-0.504970464075586,0.59323219109817,-0.85121891841507,0.394647755564719,0.965895140203147
"K11144",18.9140005989945,1.78889207162701,1.21280458302215,1.47500437965804,NA,NA
"K11145",53.6526775119954,2.01140012638358,0.642891469629066,3.12867757841633,0.00175594871182147,0.135972154119082
"K11159",1.32069659634655,3.03805667811568,3.41572557677828,0.889432306497286,0.37377078883037,NA
"K11163",287.615303301225,-0.666022566156938,0.464888463425707,-1.43265023452959,0.151957818065181,0.815874091147702
"K11168",2.93609325597939,-0.383139620252197,2.16954081993152,-0.176599406073535,0.859823060636982,0.997370795218308
"K11173",538.940943592857,-0.432248789429334,0.18785786100632,-2.30093533011531,0.0213952867451574,0.479911506804299
"K11175",292.95902590931,0.145003267472371,0.238722921423071,0.60741242025684,0.543577247936321,0.985668817289558
"K11177",517.58023601723,-0.398887881864034,0.205721530232662,-1.93897003105562,0.0525049874719705,0.64305188132849
"K11178",505.075291559898,-0.296909650042421,0.181944293998927,-1.63187118164955,0.102706626091545,0.756660085209815
"K11206",451.307922208599,0.0938045272600816,0.265229873517881,0.353672555869757,0.723584292193355,0.997370795218308
"K11208",5.50117178681295,-0.550987596860043,1.81939390819396,-0.302841289276925,0.762010815727576,0.997370795218308
"K11209",929.274011175735,-0.0626466600924954,0.2023260323138,-0.309632227628192,0.756840645789593,0.997370795218308
"K11211",14.8907607339693,-0.100005407137979,1.1677961497108,-0.0856360137535521,0.93175576876984,0.997370795218308
"K11212",319.793139157832,-0.163981008600859,0.254831427374067,-0.64348816898534,0.519907389166411,0.98022172454027
"K11216",2.27908546204011,1.64754801981999,2.80290463179658,0.587800241624332,0.556666381841514,0.988149645670342
"K11249",9.59069662072899,0.273761453678692,1.24600473582332,0.219711407033939,0.826095920207122,0.997370795218308
"K11250",31.8466178751936,-0.112538233999262,0.862413126273055,-0.130492255475749,0.896176980988612,0.997370795218308
"K11252",102.559771385662,0.190031075228332,0.358092201146518,0.530676386193004,0.595643052352855,0.992927693570313
"K11253",266.114041644036,0.193220723559983,0.351210895024429,0.550155835987215,0.58221249216917,0.992186816903
"K11254",628.190355302352,-0.172636426087527,0.215274037468003,-0.801937976906234,0.422588836749089,0.972723098477607
"K11259",18.1764686485762,1.29235605339405,0.792227713015998,1.63129366994001,0.102828368424074,0.756660085209815
"K11261",2.74292423910213,-4.08982357156073,2.74663448993792,-1.48903087998912,0.1364792373312,0.807360367143472
"K11263",96.5278525736346,-0.128673033564485,0.548380566801134,-0.234641855226696,0.814486720542542,0.997370795218308
"K11264",28.3399318270596,0.805554195218582,0.740739331765717,1.08750023209698,0.276815796052468,0.912317125798179
"K11265",13.6437463847844,0.798299175474216,1.36397667987587,0.585273331466978,0.55836394374382,0.988149645670342
"K11293",16.0439043539277,1.18680085311895,0.915300955904179,1.2966236356069,0.194760715955815,0.853524006689633
"K11312",1.11671097975463,-0.418100542802969,3.3688116277843,-0.124109207933944,0.901228807652581,NA
"K11325",50.7526810252042,-0.357020001149712,0.559237247389732,-0.638405261480921,0.523209906838307,0.981529085845934
"K11333",20.9490010695314,-0.0383101554240765,0.896980602383718,-0.0427101269774035,0.96593260677685,0.997942587160163
"K11334",44.5043214660997,-0.137224817727084,0.488361915677165,-0.280990006226852,0.778718065040575,0.997370795218308
"K11335",22.446206921042,0.886184224937686,1.0341812341394,0.856894512957518,0.391503185518815,0.96389527995257
"K11336",40.0100157811762,0.82284905484458,0.88350514489796,0.93134608167971,0.35167457203614,0.947770244518839
"K11352",107.586751047963,0.10295766798224,0.34612714900341,0.297456204399689,0.766118239386878,0.997370795218308
"K11354",124.095578821096,0.564433032104293,0.404196714624439,1.39643151881811,0.162584589222386,0.828697110513083
"K11355",129.382111567093,0.112969514044891,0.372085368796586,0.303611814703335,0.761423649413819,0.997370795218308
"K11357",25.9446634994812,-0.387654920853155,0.599015744847954,-0.64715314111076,0.517532835056812,0.980180447854674
"K11358",38.853648881556,0.079307295219509,0.660739789350692,0.120028029941173,0.904460943786106,0.997370795218308
"K11381",873.226471575307,0.0452555420317017,0.177038810665408,0.255624977718766,0.798240429613774,0.997370795218308
"K11383",2.13580555461676,2.42459702889468,2.24056336785786,1.08213722659081,0.279191556484623,0.912317125798179
"K11384",6.56767976991573,-0.996667474023096,1.37691320932542,-0.723841900326733,0.469162802275468,0.9731410869362
"K11391",3.8847550827086,-5.38883450973148,2.22941205298569,-2.41715500843131,0.0156423542149818,0.418241289173284
"K11410",310.866982875655,-0.232632045677712,0.269896016346533,-0.861932120476443,0.388724872218069,0.96389527995257
"K11414",68.4268392840024,-0.366972532629166,0.39851707487789,-0.920845192747664,0.357131256381106,0.950060596598327
"K11418",29.0520411584212,0.566635676189187,0.714856224301796,0.792656840531287,0.427977782403123,0.9731410869362
"K11440",6.78260994932091,-1.69888439482591,1.99304371844313,-0.852406988920945,NA,NA
"K11443",363.886273239999,-0.200821717294353,0.245684127078838,-0.817398012977496,0.413701010862165,0.968959956833116
"K11444",4.02735137234757,0.816153248074982,1.94195304787478,0.420274449461154,0.67428497296646,0.997370795218308
"K11472",173.503332951251,-0.0476007308320722,0.3069573728676,-0.155072772441937,0.876763946942541,0.997370795218308
"K11473",877.552187855436,-0.122577690264617,0.145281268387956,-0.843726735213299,0.398822124232037,0.967406926044586
"K11475",87.7873376957861,0.00216344085758746,0.366658415776633,0.00590042602187378,0.995292168492217,0.998573809130236
"K11476",160.506673031395,0.98291510521055,0.3617116645214,2.71739952459398,0.0065797129570717,0.268607251454111
"K11477",974.303179436014,-0.111933790452305,0.165067999747565,-0.678107147499716,0.497703759211732,0.978899117871614
"K11517",28.4779207235751,-0.0734233490023663,0.789415396490961,-0.0930097757514501,0.925895794963931,0.997370795218308
"K11527",398.495845668573,-0.13422577492929,0.228086077332345,-0.588487366257387,0.556205211370658,0.988149645670342
"K11529",153.77295364218,-0.343702290882435,0.281428803193952,-1.22127616996462,0.221981472864794,0.88506594528464
"K11530",144.73752895445,0.519470046361441,0.288716590244857,1.79923864410038,0.0719809389655122,0.692965955662873
"K11532",368.476558382964,-0.236662635728387,0.209396718557175,-1.1302117691198,0.258387001768894,0.902082139225727
"K11535",28.4837370801663,1.29181768228156,0.90642861455696,1.42517310413128,0.154107168937245,0.820398075346807
"K11538",34.3813524283449,0.208063395753309,0.595835448653667,0.349196067846322,0.726942118034358,0.997370795218308
"K11600",178.855988826493,0.4139689883707,0.510987640735284,0.810135031397279,0.417862572340078,0.97183810981949
"K11604",2.62858211448217,-4.82795224383434,2.93821554001334,-1.64315795695928,0.100350256080913,0.755548259580255
"K11608",2.74579497590458,0.564717790682682,2.40234473185084,0.235069423299464,0.814154850463295,0.997370795218308
"K11609",52.7231084390364,-0.407005868785693,0.436644969891563,-0.93212082320969,0.35127408776412,0.947770244518839
"K11611",346.736743508354,-0.0748625280869116,0.225956676642114,-0.331313635867835,0.740407592476549,0.997370795218308
"K11614",51.3844762011074,0.587399948786803,0.905085155086304,0.648999649906744,0.516338602488724,0.979746666549689
"K11615",34.0136689990813,1.24512018148883,0.563528913397242,2.20950540759765,0.0271395066996061,0.53510136360559
"K11616",33.7986588116144,1.09279371803035,0.520874315150148,2.09799885739296,0.0359052463067819,0.561047008846237
"K11617",57.315787997276,-0.0791702868542897,0.613813899675485,-0.128980928741017,0.897372739425698,0.997370795218308
"K11618",54.6060526314793,-1.09548384150732,0.527777183147067,-2.07565593301153,0.0379257843336322,0.569649696771203
"K11619",277.473509675646,0.704711996387472,0.441206934557549,1.59723689994622,0.110212910303598,0.759768797625471
"K11620",280.682258795941,0.29053896461257,0.418362118334048,0.694467667793442,0.487388970342967,0.97616199004908
"K11621",981.542848462102,0.249816818757843,0.209163216802623,1.19436305568767,0.232335981817581,0.888188252939584
"K11622",52.8069424401334,0.601628421679466,1.49391653645854,0.402718898276393,NA,NA
"K11637",10.7881448021214,-0.00300721892573439,1.35266854500276,-0.00222317502454251,0.998226164433154,0.998573809130236
"K11638",2.47835364237333,3.33030127013966,2.4083687263672,1.3828037350257,0.166725053442339,0.831694303422829
"K11645",1779.39713598349,-0.0315942013956712,0.14802790914462,-0.213434085357541,0.83098839667364,0.997370795218308
"K11646",33.3355102990368,0.913083208086796,0.622613822071516,1.46653218370394,0.142503359988595,0.80901139713996
"K11686",42.2095124281076,2.37591336285533,0.840633334681116,2.82633731596738,0.00470836537117234,0.227406453289928
"K11687",5.13026253816463,-0.882714099590614,1.35924439204051,-0.649415296292284,0.516069979642905,0.979746666549689
"K11688",388.607314910715,0.0169525189725689,0.204949304804136,0.0827156695592108,0.934077625063839,0.997370795218308
"K11689",58.4681097728097,0.335275242539985,0.45915305903169,0.730203656373429,0.465265707915912,0.9731410869362
"K11690",2535.27223047266,-0.0992204898722188,0.121317832386583,-0.817855775365735,0.413439545446277,0.968959956833116
"K11692",9.89933189627965,-1.1324888444511,1.36151729431098,-0.831784399054743,0.40553065139025,0.967424176194844
"K11708",4.28430168063444,-1.63965339719784,2.15400569662827,-0.761211263166313,0.446530891931611,0.9731410869362
"K11710",4.94192411005342,5.03402489101977,1.7071542508277,2.94878151085589,0.0031902943472188,0.184708259080401
"K11711",29.0722819921182,-0.126834516074529,0.642953121225436,-0.197268683963753,0.843617284375369,0.997370795218308
"K11712",31.4056071466229,-0.789561913689935,0.73876057541816,-1.06876563255019,0.285175288968561,0.917896368893027
"K11717",2941.55104179763,0.322161373048482,0.119819385365149,2.68872496772285,0.00717254873316451,0.271875913689382
"K11719",232.525647166238,-0.0363433616752943,0.261795015008078,-0.138823734570244,0.889589438112588,0.997370795218308
"K11720",240.327075512362,0.0401918439329673,0.284699711798904,0.141172759462983,0.887733465329171,0.997370795218308
"K11731",185.266406796891,0.117107174997611,0.314817507897285,0.371984314912432,0.709904527621585,0.997370795218308
"K11733",345.550594487901,0.703056334763408,0.296674876330016,2.36978723463372,0.017798324228017,0.447874637821824
"K11734",2.56757713814011,-2.19873322699249,2.68768809148508,-0.818076038643896,0.413313770007627,0.968959956833116
"K11735",351.897879083981,-0.0941654453164043,0.230480129107749,-0.408562098958136,0.682861049631809,0.997370795218308
"K11737",96.939842702241,0.474747506699839,0.431000214951143,1.1015017863823,0.270678327444443,0.909608702338379
"K11738",117.105495645901,0.112337899115633,0.403701802974349,0.27826950062636,0.780805486826361,0.997370795218308
"K11740",14.1214468241853,-0.386511773298383,0.897922176538923,-0.430451305689106,0.666867381020303,0.992927693570313
"K11741",33.219047338205,-1.07840984030991,0.555169562859085,-1.94248732721616,0.0520781326297033,0.641247227214851
"K11744",694.874377488228,-0.218247149329509,0.1910168175477,-1.14255463017024,0.253223551814137,0.898062916118484
"K11745",14.4364429776713,-0.271364529224494,1.10045977650371,-0.246591956397216,0.805224030216131,0.997370795218308
"K11746",17.35325168263,-0.622527932679662,1.04179459611185,-0.597553428481047,0.550137946855167,0.988149645670342
"K11747",37.1632996953138,-0.947847784941986,0.579884624019498,-1.63454546935895,0.102144366992499,0.755548259580255
"K11748",2.56301329254619,0.412883970474231,2.73663630128304,0.150872796023591,0.880076060437704,0.997370795218308
"K11749",2450.99947389836,-0.013931673141418,0.135905217235704,-0.102510215757618,0.918351704565192,0.997370795218308
"K11750",11.6001259242361,-0.56490044816876,1.10300859588448,-0.512145100479274,0.608549462138505,0.992927693570313
"K11751",92.2405511118168,-0.53072475743332,0.422607261645431,-1.25583444867211,0.209175998972215,0.87912635638217
"K11752",534.42813418714,-0.135562545339067,0.198564775292205,-0.682711952004454,0.494788875834602,0.978899117871614
"K11753",887.705324980617,0.334768967332596,0.165512216476928,2.02262391537281,0.0431119365973259,0.598439505464885
"K11754",607.200517795411,-0.105542095693441,0.177719704923274,-0.593868281173471,0.552600215333748,0.988149645670342
"K11755",151.279955025277,-0.155155469835584,0.326710288580647,-0.474902307208131,0.634856606876706,0.992927693570313
"K11779",735.454967827107,-0.0345334258741915,0.157420218560145,-0.219370968926698,0.826361082699008,0.997370795218308
"K11780",196.085405601447,-0.1273083498998,0.326065085083619,-0.390438460674661,0.696212352558145,0.997370795218308
"K11781",65.6184595372963,-0.829236875543802,0.482825673530101,-1.71746640869565,0.0858939869343066,0.735734682968489
"K11782",156.046862069551,0.0872249002550422,0.301226063336722,0.289566245658959,0.772148093174326,0.997370795218308
"K11783",8.42157243203039,-0.610422514654997,1.19518583930375,-0.510734393415,0.609537054082665,0.992927693570313
"K11784",802.915638832697,-0.167202448296705,0.176388750094936,-0.947920137801944,0.343170112261826,0.947770244518839
"K11785",352.613430727986,-0.12731106107171,0.21537863356781,-0.591103485813637,0.554451084412194,0.988149645670342
"K11811",5.45433775917098,-1.16707036911008,1.45557873328631,-0.80179130295147,0.422673690341167,0.972723098477607
"K11816",7.22816579427356,0.983917706115831,1.40083395572519,0.702379965944265,0.48244223578192,0.974469580961331
"K11890",71.9157129915365,1.1996345859327,0.578651429663159,2.07315583170861,0.0381577794117517,0.569649696771203
"K11891",315.51197692439,-0.0826233155172941,0.314776517596329,-0.262482462631633,0.792949504299343,0.997370795218308
"K11892",140.604310269753,0.449948345264145,0.522242088338011,0.861570438905193,0.388923943945516,0.96389527995257
"K11893",264.731131096445,0.137292604070493,0.367134086852774,0.373957660122006,0.708435816824097,0.997370795218308
"K11894",1.70126346485993,4.26334866565393,2.97669398220059,1.43224284765146,0.152074333109744,0.815874091147702
"K11895",57.3515498086169,0.472354484579931,0.551228251520701,0.856912691388409,0.391493138232988,0.96389527995257
"K11896",180.149292286728,-0.186630228977728,0.25642216794378,-0.727824081959429,0.466721280832374,0.9731410869362
"K11897",70.753691154258,0.930611168885257,0.54358920295466,1.71197507939259,0.0869012610914638,0.736278087492683
"K11898",39.1480779946062,-1.1613069539364,0.647487355958626,-1.79355927687121,0.0728835413507379,0.697863462834907
"K11900",2134.40610581649,0.0646046591281798,0.159996268256656,0.403788537271038,0.686368226389261,0.997370795218308
"K11901",1456.12727792232,-0.0382973435074457,0.138615680952558,-0.276284351411535,0.782329674098107,0.997370795218308
"K11902",102.092292669189,-0.121231394956883,0.37331900767284,-0.324739411777085,0.745378303546019,0.997370795218308
"K11903",1101.39300779998,0.0216495009016128,0.22696879260342,0.0953853640109932,0.924008740897073,0.997370795218308
"K11904",324.565163361734,0.142956159792244,0.277115573353429,0.515871981001661,0.605943824567472,0.992927693570313
"K11906",18.3771959307387,0.359191576930453,1.01022682724595,0.355555373548799,0.722173569098031,0.997370795218308
"K11907",394.604308042414,0.115718195538645,0.227681565152656,0.508245783803615,0.61128098645362,0.992927693570313
"K11912",180.265920257495,-0.0542791310781967,0.352664049741007,-0.15391172170245,0.877679341652561,0.997370795218308
"K11913",5.08952707852017,-0.328794828293687,1.45118935411526,-0.226569211909732,0.820758735059452,0.997370795218308
"K11915",11.6663622803778,-0.439290156156633,1.42731539370435,-0.307773711468586,0.758254526444067,0.997370795218308
"K11918",4.24267994787279,-2.01918844273793,2.41401469485278,-0.836444138904077,0.402905090132958,0.967424176194844
"K11921",2.52715828648684,-1.28973961335815,2.17989053611497,-0.591653384420278,0.554082717928552,0.988149645670342
"K11923",311.010997244856,0.210374055042911,0.389923968126702,0.539525836417811,0.589524074564183,0.992873926480566
"K11924",257.9362401137,0.722190700892072,0.263594901536397,2.73977492236265,0.0061481271734845,0.259303758042244
"K11927",2023.68259985682,0.135317359232927,0.118141728177407,1.14538157956965,0.252051125449719,0.897595428587345
"K11928",48.4591723340735,0.317477794380246,0.503586443793853,0.630433559705209,0.52841095962283,0.984070334914601
"K11930",20.9182673380019,1.14492652163365,0.762703274643274,1.50114278999149,0.133318633351998,0.805152839932992
"K11931",28.5198774682233,0.296779268702209,0.626579647166469,0.473649710845716,0.635749720219439,0.992927693570313
"K11936",282.170069363337,0.0780822010008944,0.23635597732794,0.330358478273459,0.741129111476863,0.997370795218308
"K11939",114.274808468554,-0.195298000291133,0.417296630975324,-0.468007613276613,0.639779145301637,0.992927693570313
"K11940",238.053905868838,-0.308023339214976,0.326257041482542,-0.944112463643051,0.345112180891682,0.947770244518839
"K11942",962.287930036113,0.29767335299567,0.209578327877617,1.42034415490469,0.155507512314696,0.822450429847197
"K11959",733.723329494365,0.214491300208347,0.310289208136931,0.691262520846976,0.489400580236995,0.977192332550331
"K11960",77.9390340311173,-0.36386980222913,0.423594856614352,-0.859004297496471,0.390338145036158,0.96389527995257
"K11961",35.3547153488746,-0.317432424748345,0.520985738828136,-0.609291965385372,0.542330931744051,0.984845345729267
"K11962",24.3230875145431,-0.342317263545771,0.679720889226502,-0.503614452595853,0.614532334470578,0.992927693570313
"K11963",39.5720394857649,0.0843753783117485,0.575102996380231,0.146713508437302,0.883358155797806,0.997370795218308
"K11991",382.139283499222,-0.0632041436914555,0.210715495297041,-0.299950146534587,0.764215182914981,0.997370795218308
"K11996",4.74397034894532,-0.78275463001924,1.63329779924834,-0.479247954891921,0.631762242509301,0.992927693570313
"K12063",6.32183423015502,-1.28084231069921,1.49421503060603,-0.857200794038135,0.391333923732042,0.96389527995257
"K12073",1.15386957078562,0.109846658683981,3.3626959937701,0.0326662472276675,0.973940740328649,NA
"K12132",13127.2460336583,-0.206628262069742,0.115444436072336,-1.78985033059775,0.0734779755064558,0.69865713867444
"K12137",55.4349519425245,0.560402803557594,0.416621498066034,1.34511254498147,0.17858889259268,0.847421419003616
"K12140",16.7012738498015,-0.856131799323692,0.989185757721704,-0.865491433373989,0.386769115832881,0.96389527995257
"K12141",70.4723936849359,-0.406413393281088,0.393797276423317,-1.03203708510216,0.302054744927582,0.923868889060477
"K12146",4.25864858552578,-3.99715726120645,2.17164730493862,-1.84061069774837,0.0656786289287605,0.673390891931288
"K12152",35.3256902068987,0.145622634880059,0.686741675899784,0.212048634865884,0.832069091810507,0.997370795218308
"K12206",2.25120875317573,1.27023511274003,3.22099315614993,0.394361319990617,0.693314296831206,0.997370795218308
"K12234",134.009541831868,-0.335679816523855,0.294696501370143,-1.13906956805787,0.254674139165031,0.899605882022776
"K12240",6.76059291577538,0.428189809120981,1.45038011745407,0.295225923168751,0.767821300242329,0.997370795218308
"K12242",48.2628318862314,0.385933816650561,0.549014860571435,0.702956958667506,0.482082573023066,0.974469580961331
"K12251",186.601187219632,-0.0312509955229249,0.262699272636488,-0.118961104114546,0.905306171316541,0.997370795218308
"K12252",10.6047363687451,-0.305411392088205,0.97740978303199,-0.312470160817092,0.754683236803097,0.997370795218308
"K12253",27.9147413523531,0.122645691576507,0.671510714328712,0.182641451520415,0.855079357748274,0.997370795218308
"K12254",27.3723364491692,0.968521352672238,0.876496249509112,1.10499201019362,0.269163051200222,0.909608702338379
"K12255",17.9165322054124,-0.672306056894779,0.92837419948262,-0.724175722752155,0.468957861004147,0.9731410869362
"K12256",120.101245103083,-0.45106334439107,0.384847491920491,-1.17205738340698,0.24117401830918,0.89029641349834
"K12257",1964.38226745948,-0.0923810932553196,0.156014386777743,-0.592131887086317,0.553762275709107,0.988149645670342
"K12261",67.8915069510034,0.0293005362342394,0.411883649842871,0.0711378959699353,0.943288007933424,0.99794239171759
"K12262",103.328804179481,0.0599350955558163,0.383156198035159,0.156424705807099,0.875698264453749,0.997370795218308
"K12263",114.225694213685,1.1064640556791,0.453472710576693,2.43997936341524,0.014688100947493,0.413159595350775
"K12267",269.646431131829,0.334468414024148,0.291688043565427,1.14666480646858,0.251520181059807,0.897595428587345
"K12276",22.8887774145028,0.303115460639693,0.827319268334933,0.366382691956087,0.714079533047453,0.997370795218308
"K12278",9.88888964874546,0.961550951634709,1.11377046171839,0.863329550104226,0.387956301564671,0.96389527995257
"K12279",10.7699269727085,-0.719641486595176,1.41473450073302,-0.508675999788161,0.610979347804576,0.992927693570313
"K12280",0.797463553126659,-3.10578372239915,3.42986003156301,-0.905513255298592,0.365193540780183,NA
"K12281",6.91119577530812,0.168980707153554,1.24194993494857,0.136060804383836,0.891773212881718,0.997370795218308
"K12282",41.8919732994713,1.08021858527375,0.603272361326048,1.79059849998652,0.0733577479346976,0.69865713867444
"K12283",28.5746535982142,-0.00516569329852649,0.746281382198552,-0.00692191098658835,0.994477158195101,0.998573809130236
"K12284",0.841835282459022,3.25029156141063,3.42931626262628,0.947795803155656,0.343233417493339,NA
"K12286",0.386274052853061,0.810921312803509,3.52572135897264,0.23000153166948,0.818090579521445,NA
"K12287",3.15707497223609,-1.13856671471992,2.06650415077214,-0.550962703991907,0.581659241623351,0.992186816903
"K12297",13.925965038765,-0.956935741688026,1.18584059908101,-0.806968274175824,0.419684761695813,0.971957982310591
"K12308",179.441218191343,-0.0958585192685565,0.318062345577584,-0.301382796805081,0.763122611001032,0.997370795218308
"K12339",344.763806595734,0.244537588253594,0.251156829172546,0.97364498930505,0.33023283999049,0.938663729806855
"K12340",1029.76026479154,-0.0897851869133108,0.177815236198634,-0.504935284696376,0.613604290403501,0.992927693570313
"K12349",42.1235195239492,-0.0220925337832836,0.759841001626623,-0.0290752061760147,0.976804610041278,0.998573809130236
"K12351",3.75833315022929,-1.02288669976482,2.22707972444533,-0.459295052861016,0.646022299876712,0.992927693570313
"K12368",1037.10435365955,-0.11656052810479,0.215278692523252,-0.541440152476775,0.588204237866462,0.99260501002599
"K12369",62.620330575405,-1.24131670998145,0.492755103457028,-2.51913516729249,0.0117643485665543,0.368883160026669
"K12370",35.0677244103426,0.229477447851763,0.497630896199349,0.461139872151015,0.644698257046518,0.992927693570313
"K12371",50.7248496872506,0.0134245037619878,0.735040930364112,0.0182636139124087,0.985428554513566,0.998573809130236
"K12372",67.2073455340471,0.0428681948164819,0.543124048201057,0.078928920489657,0.937089159769487,0.997370795218308
"K12373",337.965781073358,-0.153304412578062,0.220676084499697,-0.694703338268957,0.487241235557704,0.97616199004908
"K12410",253.331188529476,-0.453446130283897,0.242227303548492,-1.87198603807733,0.0612085351403939,0.671367178635374
"K12420",43.5796253449587,-0.118530326973994,0.734225735350833,-0.161435810905426,0.871750163534929,0.997370795218308
"K12426",39.1978539127511,0.617724078544137,0.616150086594984,1.00255455932474,0.316075829766031,0.92871793789011
"K12428",22.3503065050142,0.778436102171183,0.929661149009969,0.837333154128435,0.402405328278046,0.967424176194844
"K12429",5.41536678095278,-1.24832158513058,1.71736915523233,-0.726880170944786,0.467299365284819,0.9731410869362
"K12437",10.4190336446559,-0.378668610733691,1.25181585785397,-0.302495457584996,0.762274395690851,0.997370795218308
"K12443",1.69393434079512,0.637457947893161,2.73387577176781,0.233170049084184,0.815629362262452,0.997370795218308
"K12444",6.67201667458899,1.48076603440737,1.64285346958033,0.901337862338776,0.367408708497802,0.950146953911141
"K12449",2.1966096462039,-1.81591362082534,2.5453650638656,-0.713419715939506,0.475586076477458,0.974469580961331
"K12452",78.1176567972133,0.42912931498592,0.595570235583504,0.72053519357878,0.471195539018952,0.97410772633224
"K12454",629.842756452937,0.0150349840788558,0.149486219695426,0.100577726224458,0.919885678927104,0.997370795218308
"K12462",5.89859251040545,0.42146105633552,1.40173896375482,0.300670144180453,0.763666037390458,0.997370795218308
"K12466",217.881946685237,-0.191116634329121,0.26935947246019,-0.709522604063487,0.478000229386561,0.974469580961331
"K12502",25.5688960157924,-1.11745263639249,0.699212211868725,-1.59815949639376,0.110007485333791,0.759768797625471
"K12503",172.564592381763,-0.26501701453742,0.239311378524015,-1.10741501792329,0.268114535833909,0.908736816700217
"K12506",96.4495413306285,-0.196352969654677,0.409251104093255,-0.479786047467656,0.631379535013039,0.992927693570313
"K12507",8.11882939523999,-0.621331532990419,1.37999190889096,-0.45024288112657,0.65253531975818,0.992927693570313
"K12508",335.593543064137,-0.0665617763209463,0.224323085785452,-0.296722809816407,0.766678141185725,0.997370795218308
"K12510",1111.19856617753,0.0535200773364543,0.157695733393655,0.339388239521056,0.734317276924036,0.997370795218308
"K12511",850.335663105477,0.0291042007255393,0.214181715284186,0.135885552540853,0.891911756933108,0.997370795218308
"K12513",6.43495667421003,0.368626160067913,1.49460890563488,0.246637203002164,0.805189009950555,0.997370795218308
"K12524",59.7476674384972,0.105499244172184,0.497904076445257,0.211886684932139,0.832195438639739,0.997370795218308
"K12526",25.6176525295494,-0.697538880299945,0.684712489093064,-1.01873252118399,0.308329968775583,0.927242704681387
"K12527",9.55126017685049,4.31898502446003,1.29374848343386,3.33834982592335,0.000842775722589324,0.0858147075766933
"K12528",156.750291537177,-0.379713955120857,0.358056610855585,-1.06048581036815,0.288923642021597,0.921377165972116
"K12536",594.631875578763,-0.0738369252079011,0.186987793315387,-0.394875643477766,0.692934666037497,0.997370795218308
"K12537",263.474343144485,-0.406747917898008,0.280439895937968,-1.45039248619597,0.146949101214975,0.814133364640594
"K12538",7.3413580326274,-0.0218999106315744,2.18322295814376,-0.0100310005214467,0.991996553773846,0.998573809130236
"K12541",61.6618324691191,0.0617826751886887,0.576982395770464,0.107078960539495,0.914726338246223,0.997370795218308
"K12542",60.5640114944857,-1.10000216580426,0.458252069561994,-2.40043032834673,0.0163758077969456,0.426411795199596
"K12543",152.192176346961,0.412543166617326,0.378644195868005,1.08952724251223,0.275921448120107,0.912317125798179
"K12547",8.88156453942055,0.156282640907265,1.62361671476876,0.0962558709119492,0.923317358195704,0.997370795218308
"K12548",17.4193457125306,-0.980646265527271,1.46955109708671,-0.667310083651625,0.504574086729011,0.979329538491088
"K12555",55.960370909008,0.971504652134775,0.493255934052,1.96957519426894,0.0488870768923946,0.628002105104514
"K12573",888.416274738817,0.0232379224509033,0.175859546774605,0.132139101215169,0.894874268763831,0.997370795218308
"K12574",4227.5447989678,0.151297695106938,0.112951497314493,1.33949260261399,0.180410361033931,0.848827148219077
"K12583",177.689206341663,-0.579020563989226,0.469779178168827,-1.23253773452926,0.217748279906879,0.883664559728345
"K12589",53.2139930790136,0.954893284615796,0.469221634629092,2.03505809226085,0.0418450280804116,0.590120455834234
"K12658",46.2722817007406,-0.0624177615776948,0.605918894709893,-0.103013393578987,0.917952340968475,0.997370795218308
"K12661",33.1791768427793,0.147074849742784,0.567511872342008,0.259157309142865,0.795513868432641,0.997370795218308
"K12663",35.036978596554,0.179567537136909,0.556915097517068,0.322432517878376,0.747125052810946,0.997370795218308
"K12686",764.580405385915,0.338947356367822,0.530150909171883,0.639341271520728,0.522600945182526,0.981529085845934
"K12941",423.859548848717,0.20652909248321,0.213825302542246,0.965877704966211,0.334105379747572,0.942513951628926
"K12942",57.9773347523234,0.0566759362242652,0.490821555814953,0.115471571190799,0.908071352627954,0.997370795218308
"K12945",16.2293241052694,-0.0226074130962156,0.848309948823731,-0.0266499445486442,0.978738937398534,0.998573809130236
"K12952",90.4153061304153,0.0529621990388035,0.342151769603124,0.154791539147193,0.876985661596588,0.997370795218308
"K12955",57.5041212893994,-0.854517427624747,0.548417674928307,-1.55815077939721,0.1191975096775,0.778883207834244
"K12957",18.7576740979757,-1.89190924134698,0.806799384271398,-2.34495622856173,0.0190293134545122,0.464982030035139
"K12960",122.947840626422,-0.0691827068321434,0.45828318537856,-0.150960604795037,0.880006792501366,0.997370795218308
"K12972",91.2180823825249,-0.0607051208192508,0.468570591739127,-0.129553842877634,0.89691942342207,0.997370795218308
"K12976",94.158180945717,0.350351607779693,0.453631552308989,0.772326364857998,0.439921153935983,0.9731410869362
"K12978",8.74558489395325,0.00518056680867426,1.61281902533564,0.00321211910778157,0.997437104163644,0.998573809130236
"K12979",36.8092181418297,-0.127236539886837,0.794768176770565,-0.160092645384779,0.872808094586319,0.997370795218308
"K12982",7.07865784023311,1.13599170111651,1.52374051214519,0.745528318018669,0.455952398611636,0.9731410869362
"K12984",2.21300913464073,0.737878064374528,2.53179890030812,0.291444183929746,0.770711626523644,0.997370795218308
"K12989",5.57292397741447,-1.11959888087629,1.42529283370609,-0.785522002496198,0.432147575176874,0.9731410869362
"K12990",19.304897469002,-0.167754171610071,0.972887607849424,-0.172429138018207,0.863100166404196,0.997370795218308
"K13007",2.17466939399654,-2.76631120604817,2.85748784378558,-0.968092029530169,0.332998410152739,0.941686494688603
"K13010",382.618043339578,-0.234540412866382,0.217759146936903,-1.07706342610876,0.281451931038519,0.913930207303918
"K13012",2.31672303498703,3.07718490860116,2.58783068372672,1.18909823890399,0.23440101131523,0.888188252939584
"K13014",9.69354304484525,-1.35434249623186,1.29189530191176,-1.04833765880849,0.294483064904756,0.921603082140073
"K13015",2484.13981909965,-0.0985961173764571,0.12533599331601,-0.78665445390349,0.431484173121567,0.9731410869362
"K13016",17.3148771795995,-1.40363896536259,0.912350658142928,-1.53848627480542,0.12392976188309,0.787078837664716
"K13017",432.853541764498,-0.122849360591152,0.243513795788363,-0.504486245608523,0.613919725234302,0.992927693570313
"K13018",486.201143081335,0.0181299946119522,0.239766851616788,0.0756151006267074,0.939725322297673,0.997774305289909
"K13019",11.5317535706548,-0.865901494386052,1.09184319364586,-0.793063966900461,0.427740555172328,0.9731410869362
"K13020",402.495611981465,0.218199980114548,0.240317613052101,0.907964994089895,0.363896716821816,0.950060596598327
"K13021",177.018818469941,-0.0199541486990768,0.276821552828283,-0.0720830748010963,0.942535795535267,0.997895010384199
"K13028",9.33822220227585,0.663344011390924,1.41680192105188,0.468198130969809,0.639642908635621,0.992927693570313
"K13038",1268.52924266745,-0.0922803669207767,0.155390066516375,-0.593862715870916,0.552603937932013,0.988149645670342
"K13043",10.689453508912,-1.06176262749361,1.15550149496625,-0.918876030986551,0.358160418300036,0.950060596598327
"K13049",43.4236184772562,-0.879519606464328,0.667577439007896,-1.31747952383083,0.187677940201724,0.848827148219077
"K13051",92.8223319653795,0.267915528481989,0.411759772896282,0.650659792717232,0.515266123396989,0.979746666549689
"K13052",308.311159100865,1.33285784774418,0.31624658464261,4.21461578549677,2.50203766809184e-05,0.0107033597101443
"K13053",5.56935402432594,4.35002382567081,2.27200690563336,1.91461734332105,0.0555413216901576,0.657933156055103
"K13057",572.148878226622,-0.251940999127057,0.210441472338809,-1.19720222600151,0.231227742455062,0.888188252939584
"K13063",76.0730055163573,-0.410650652298385,0.457364082260523,-0.897863798724078,0.36925816664653,0.951124474362394
"K13069",16.1145050372964,0.30873465309947,1.1438503501593,0.269908255967639,0.787230835485299,0.997370795218308
"K13075",2067.58175769902,-0.179086518329062,0.144323165323132,-1.24087160871296,0.214653182452832,0.883664559728345
"K13126",66.3552399179677,0.794550125215915,0.421932268569811,1.88312244500554,0.0596837761235293,0.664835541828556
"K13236",4.66047944650834,4.10917611399283,1.86526573728084,2.20299769189088,0.0275949113227228,0.53510136360559
"K13237",17.733202479262,-0.690690048973174,0.733777624358559,-0.941279791104218,0.346561496197308,0.947770244518839
"K13238",1.81252317752031,2.74547988858519,3.39826679360579,0.807905928325319,0.419144738297503,0.97183810981949
"K13245",7.59857089606583,1.2699900331253,1.67168438344462,0.759706823669906,0.447429849027801,0.9731410869362
"K13247",60.336496076629,-0.0323151595922932,0.490884984034647,-0.0658304096546012,0.947512845337263,0.997942587160163
"K13255",58.6051769568636,0.933342904457767,0.474859569135836,1.96551352256898,0.0493548321177837,0.628002105104514
"K13256",14.710208048014,-0.84067979131973,1.29761115070717,-0.64786726814237,0.51707080277421,0.980180447854674
"K13274",87.3107680419213,-0.173192565005491,0.509994214413243,-0.339597117204068,0.734159949389683,0.997370795218308
"K13275",654.77274953045,0.254884636570729,0.308806926519697,0.825385102087311,0.40915299022288,0.96777932797979
"K13280",151.332603668796,-0.0350043426581908,0.279741145021941,-0.12513119103536,0.900419690479698,0.997370795218308
"K13281",192.823550959764,0.68516867323425,0.273831746073756,2.50215208082449,0.0123440886610102,0.377187484646889
"K13282",401.01631549522,-0.359248492779627,0.224280249949881,-1.60178389697669,0.109203405159682,0.759768797625471
"K13283",273.22898593496,0.378505484554212,0.215017976308594,1.76034344221983,0.0783495926084071,0.713098553777597
"K13288",408.518963061666,-0.220946387723696,0.219087749538181,-1.00848353314794,0.313222389043825,0.92871793789011
"K13290",178.419400584874,-0.248248123615449,0.364961463038477,-0.680203661911769,0.4963755140035,0.978899117871614
"K13291",6.35894225891443,6.15869801621757,2.36597247629963,2.60303028793038,NA,NA
"K13292",1396.10809620529,-0.169526685809407,0.14596627039689,-1.16140999799786,0.245475205011185,0.894796715040773
"K13299",2.67368274595909,0.250688568053233,2.38822109188259,0.104968743850939,0.916400610463143,0.997370795218308
"K13300",42.1681681193745,1.79660492384286,0.657660415944345,2.73181246778109,0.0062986981838091,0.260157954640226
"K13308",3.84962341159853,0.631854955068362,2.31791848824136,0.272595847642494,0.785163904202653,0.997370795218308
"K13312",7.69029275863647,-2.95978674118056,1.44318581799403,-2.05087016812191,0.0402795919959088,0.579223041294056
"K13315",203.973226323204,0.106488889108566,0.283152560665072,0.376083087005972,0.706855127529858,0.997370795218308
"K13317",2.09448983237552,-2.68753237298092,3.30729459590142,-0.812607493844502,0.416443133665822,0.970910688763611
"K13328",3.63811040716682,-0.711582006333847,1.75867821387397,-0.404611827632977,0.685762863147423,0.997370795218308
"K13355",8.8389985422728,-0.1105553429757,1.05266150059282,-0.105024590443784,0.916356296269883,0.997370795218308
"K13356",417.303607394617,-0.232688691379323,0.191398376286747,-1.21572970415755,0.224087904817215,0.886760339895229
"K13378",157.219563124064,0.604855046073685,0.262135944822571,2.30740979259097,0.021031985834673,0.479911506804299
"K13403",3.29434698390473,0.990783811898162,2.55233623064789,0.388187026458759,0.697877633269188,0.997370795218308
"K13408",97.0785094324349,-0.156944553338229,0.474756786933378,-0.330578851440944,0.740962622982922,0.997370795218308
"K13409",100.364324278324,-0.663729784007534,0.434579745003304,-1.52729111662231,0.126688637465094,0.794547869651213
"K13444",1053.41232502358,-0.155362513722347,0.231698366732839,-0.670537802717827,0.502515016567601,0.979329538491088
"K13472",7.05812916841345,1.64314303672998,1.49857107658104,1.09647320865072,0.272871741574505,0.912243138973363
"K13481",158.045975146283,0.644054979516198,0.318566886024166,2.02172607314666,0.0432046587351525,0.598439505464885
"K13482",141.729154387185,-0.0443035707411001,0.310258979953114,-0.142795450264792,0.886451730421363,0.997370795218308
"K13483",203.734345052622,0.0205738284190244,0.254225867078087,0.0809273606005837,0.935499720712092,0.997370795218308
"K13485",19.2968149099136,-1.05303408418094,0.888589901058335,-1.18506195369399,0.235992952454759,0.888188252939584
"K13486",4.01448059639947,-0.357432861054819,1.97724757719541,-0.180772941728326,0.856545802543131,0.997370795218308
"K13487",4.45676662372381,-1.48501708572744,1.70814616967497,-0.869373541966854,0.384642849833583,0.963622578411872
"K13488",1.49113816322699,0.320080200787208,3.22359130799154,0.0992930462350186,0.92090559943461,0.997370795218308
"K13490",3.89645513683625,-4.61733351740688,2.15067488873908,-2.14692306195753,0.0317994072796065,0.550721011605584
"K13491",1.78074547475015,-2.67580311596775,3.03185050750278,-0.882564331369922,0.377471707343784,0.960336202533726
"K13497",19.4574784618566,0.630529165136697,1.02369586128005,0.615934076697617,0.537938029887449,0.984070334914601
"K13498",8.14761217002382,1.65396738268964,1.65914847635702,0.996877257375568,0.31882409203244,0.92871793789011
"K13503",36.8156027867818,-0.0365596057953019,0.676652480232301,-0.0540301068323146,0.956911177484275,0.997942587160163
"K13507",23.1981265484936,-0.705832345723561,0.737301037923214,-0.957319072426247,0.338406231625643,0.944873292302512
"K13522",18.938187481723,-0.0860940704151713,0.82765302508212,-0.104021936495223,0.917151940199897,0.997370795218308
"K13525",1779.61940046104,0.504791627404599,0.228720806371081,2.2070210201411,0.027312590841432,0.53510136360559
"K13527",5992.42461935983,-0.182701126527907,0.143285638124653,-1.27508331553065,0.202279754150223,0.864672698897356
"K13529",145.250689320431,0.0671459550660874,0.307812881230911,0.218138873193278,0.827320910194536,0.997370795218308
"K13530",52.1734136364059,1.43394465582835,0.509254264750087,2.81577348504298,0.00486599615445585,0.22890343384825
"K13531",11.3175983597955,1.42500170976431,1.29483440504914,1.10052814800687,0.271102072348862,0.909608702338379
"K13532",38.6913358209451,1.25456631375267,0.57072781296735,2.19818674549936,0.0279358008286866,0.53510136360559
"K13533",87.8619532029789,1.29901917705645,0.5479966940505,2.37048725140073,0.017764656567303,0.447874637821824
"K13540",31.4828268815756,-0.163682128990487,0.656784125980289,-0.249217547312341,0.803192506773377,0.997370795218308
"K13541",3.72321168139849,-1.5797781753217,2.12328757058264,-0.744024595259226,0.456861595593352,0.9731410869362
"K13542",545.166201500455,-0.0913045288481292,0.229378816185474,-0.398051268929302,0.690592394355509,0.997370795218308
"K13547",3.00678843377231,0.939746291901116,2.33799761119537,0.4019449324504,0.68772455367607,0.997370795218308
"K13566",1.58854632005023,1.38082329266268,3.14467725789582,0.439098571783684,0.660590113926926,0.992927693570313
"K13570",469.537792461844,0.161387253310908,0.272355546297311,0.59256092084401,0.553475038864972,0.988149645670342
"K13571",1311.95173853086,-0.0627166685722235,0.165890106400801,-0.378061536838707,0.705384880596512,0.997370795218308
"K13572",134.850694047976,-0.536129127551955,0.361248873283569,-1.48409909954545,0.137782632080834,0.807360367143472
"K13573",114.850811942353,-0.557603934234206,0.352849826691898,-1.58028683041155,0.114041194440589,0.766401439051175
"K13574",113.88035280255,-0.232439882311224,0.369675820280036,-0.628766799340964,0.529501738737702,0.984070334914601
"K13581",120.4680156083,0.208020524625509,0.383183697605108,0.542874151289927,0.587216454319523,0.99260501002599
"K13582",70.8581235944827,-0.372445644234533,0.458524954197243,-0.812269083340486,0.416637246639252,0.970910688763611
"K13583",507.133178358969,-0.0839523094069342,0.183750505200081,-0.456882060354179,0.647755819097826,0.992927693570313
"K13584",1624.85072723903,-0.162538522066002,0.186209514569579,-0.872879790496786,0.382728602782424,0.963622578411872
"K13587",1784.9298017943,-0.085083483254324,0.137999892045111,-0.61654746241766,0.537533256948223,0.984070334914601
"K13588",97.1562165052163,-0.682153293708865,0.425762393578488,-1.60219245287363,0.109113058473256,0.759768797625471
"K13589",219.18045751103,-0.065305665051875,0.299654222836419,-0.217936742001215,0.827478399153693,0.997370795218308
"K13590",150.247594000825,-0.0787237274045271,0.296866316924519,-0.26518241685379,0.790868939479737,0.997370795218308
"K13591",5.98366867101268,-2.82526038537082,1.53592611063042,-1.83945071694314,0.065848920316601,0.673390891931288
"K13592",144.157780718397,-0.337475466990043,0.310308993181652,-1.08754652428809,0.276795349211665,0.912317125798179
"K13593",52.947689362068,-0.487091181304671,0.482753412158119,-1.00898547589164,0.312981599797568,0.92871793789011
"K13598",538.591184842348,-0.0237494350326523,0.165201379941696,-0.143760512418444,0.885689585421154,0.997370795218308
"K13599",220.373193044775,-0.692578893309318,0.28826790718836,-2.40255288930506,0.0162810800262418,0.425796455358788
"K13622",14.4644242045906,2.18079652626831,1.06576801969343,2.04622064649267,0.0407346668871743,0.580856952350684
"K13626",214.090793453582,-0.0585112276102301,0.285839469128814,-0.204699609149715,0.837806825795078,0.997370795218308
"K13628",4029.38831836347,0.0842426852736581,0.193818829890399,0.43464654760993,0.663819002637805,0.992927693570313
"K13633",318.160090233464,-0.723780541677513,0.250158597182051,-2.89328669824122,0.00381233134434659,0.202053561250369
"K13634",17.1594444236184,0.452407446558195,0.871629640003457,0.519036326663239,0.603735409192553,0.992927693570313
"K13635",11.0511246924609,-0.580867067068602,1.50985764826004,-0.384716445115202,0.700447509818539,0.997370795218308
"K13639",82.9758331882178,0.184117611421216,0.402289857444736,0.457674007967026,0.647186664401816,0.992927693570313
"K13640",868.378524066592,0.285176562203752,0.203122582133876,1.40396286423631,0.160329908153324,0.828697110513083
"K13641",58.2911485611447,0.734188813915679,0.500013800395989,1.46833710056449,0.142012677920694,0.80901139713996
"K13643",313.944841911088,-0.0785808407775331,0.215447181499112,-0.36473366804224,0.715310223928021,0.997370795218308
"K13652",13.6437434835319,0.636543073004468,1.06456397673389,0.597937828929171,0.549881417380768,0.988149645670342
"K13653",8.92498591977143,1.58565805960411,1.34583618381056,1.17819544360483,0.238718698638086,0.890239289508822
"K13655",1.76568999436642,1.34393168829556,2.71050968534972,0.49582249993774,0.620019648907157,0.992927693570313
"K13657",4.499888360646,0.130039755321054,2.08950852652533,0.0622346133888712,0.950375998404904,0.997942587160163
"K13658",54.7096471072462,-0.393797727037415,0.480854412818259,-0.818954171033577,0.412812561340257,0.968959956833116
"K13665",5.40415701631147,-2.53933107920718,2.07179791701823,-1.22566542728349,0.220324605506728,0.88506594528464
"K13668",41.6959668864944,0.909829341261859,0.555566777506272,1.63765973434505,0.101492694641191,0.755548259580255
"K13669",1.07633393241372,-3.53400751653406,3.41799158908617,-1.03394271882305,0.301162942617231,NA
"K13670",22.5688102535418,0.11631245645958,0.735105556406471,0.158225516656639,0.874279097629816,0.997370795218308
"K13671",29.517869631762,-0.47856160406602,0.864357781148631,-0.553661475031864,0.579810545461301,0.992186816903
"K13683",10.9167220589842,-0.146946480632969,1.38838126142419,-0.105840149759895,0.915709180777573,0.997370795218308
"K13686",4.93624765847767,0.921404471877588,1.46928473765389,0.627110898428617,0.530586543683983,0.984070334914601
"K13687",15.5547713439968,0.267395996404892,0.831555504474937,0.321561212650179,0.747785132110114,0.997370795218308
"K13688",76.9429820179994,-0.572506854840699,0.567078496709379,-1.0095724986273,0.312700151106395,0.92871793789011
"K13693",479.53488038084,-0.483367817706032,0.217522306559363,-2.22215286952246,0.0262729763308049,0.534004259723778
"K13694",3.96504573654024,-0.309799095063581,2.17657306470337,-0.142333423162986,0.886816647403172,0.997370795218308
"K13727",4.30350027376558,-2.25447701970399,2.1283984877906,-1.05923633785526,0.289492159841804,0.921603082140073
"K13731",13.333209936515,1.39087421239605,0.894515443665472,1.55489122322655,0.119971978020233,0.778883207834244
"K13735",32.5204387564881,0.129865960503367,0.825194049660833,0.157376268717333,0.87494831520901,0.997370795218308
"K13745",20.9757289043503,0.893114049092387,0.661783873766203,1.34955547346551,0.17715861495274,0.844415291438441
"K13747",59.068198335557,0.0516658340834631,0.55775493981452,0.0926317821598218,0.926196093780773,0.997370795218308
"K13766",92.9539614617603,-0.266934463662285,0.405498517690191,-0.658287150302799,0.510353633279801,0.979329538491088
"K13767",53.8663308119067,1.92565903772738,0.832168522721248,2.31402532678158,0.0206663329181745,0.479911506804299
"K13770",339.827672458778,-0.0487538598072044,0.249549953361457,-0.19536713652111,0.845105542124256,0.997370795218308
"K13771",56.1836932946883,0.492199964631579,0.535005307385423,0.91999080726314,0.357577563121482,0.950060596598327
"K13772",18.9440565877826,-0.627296833980809,0.927420613465065,-0.676388711737902,0.498793882325081,0.97911391715664
"K13774",24.3350982906466,-0.856056062064353,0.747928889354762,-1.14456878755261,0.252387827974802,0.897595428587345
"K13775",354.473120888062,-0.217100842004958,0.201460448979843,-1.07763505494163,0.28119665183966,0.913930207303918
"K13777",30.9268134572283,0.376800356404126,0.845970593216085,0.445405974422424,0.65602639546675,0.992927693570313
"K13778",43.2014577776678,-0.0605397817289672,0.44505785010751,-0.136026769810583,0.89180011840413,0.997370795218308
"K13779",4.36540537568753,-0.0425407834982294,2.44688919655098,-0.0173856599465938,0.986128949132779,0.998573809130236
"K13786",4.95572342591884,1.29922876049265,1.77542702309757,0.731783815155579,0.464300529188397,0.9731410869362
"K13787",152.724649249874,-0.107602744369818,0.266372836599537,-0.403955394789699,0.6862455202199,0.997370795218308
"K13788",165.604049804579,-0.242188628249274,0.312623780815505,-0.774696754090508,0.438518869478942,0.9731410869362
"K13789",62.6321166866758,0.00879662862913979,0.450091580182712,0.0195440861736824,0.984407068068762,0.998573809130236
"K13795",45.1019123240832,-0.364681372515993,0.628704690979355,-0.58005193495203,0.561879595476207,0.988149645670342
"K13796",430.689051702281,0.142466845438125,0.191907380725731,0.742372934794704,0.457861413128329,0.9731410869362
"K13798",211.640057205118,0.648554630473224,0.359100954894405,1.80605097712406,0.0709103772377295,0.688718930590573
"K13810",472.671707751421,0.00051607869951627,0.201943979149552,0.00255555378124981,0.99796096531308,0.998573809130236
"K13815",21.5227792290649,0.660442844083124,0.776789774442761,0.850220826551045,0.395202324880761,0.966076934033148
"K13816",55.6511661730704,-0.146906797228894,0.624102546413236,-0.235388876512647,0.813906918816023,0.997370795218308
"K13821",266.257202981325,0.116812108901256,0.271741683760196,0.429864521647476,0.667294194699976,0.992927693570313
"K13829",64.1695447019269,-0.0339068898886034,0.535129555926881,-0.0633620204921673,0.949478229710484,0.997942587160163
"K13832",26.8106626790927,0.075725871980547,0.732607068276306,0.103364921333228,0.917673351702264,0.997370795218308
"K13853",499.31384499804,0.160016503515725,0.309462929315553,0.517078100015526,0.605101640644358,0.992927693570313
"K13874",57.3743498832668,-0.210253962345727,0.451821961458207,-0.465346929279743,0.641683032728896,0.992927693570313
"K13875",186.822595503391,0.0750533313878414,0.247065299305184,0.303779331208842,0.761296014362183,0.997370795218308
"K13876",190.926266880043,-0.145999586225993,0.29164919371059,-0.500599999501017,0.616652662801865,0.992927693570313
"K13877",54.9718245038407,0.248184071710255,0.798674894107149,0.310744801847946,0.755994635206067,0.997370795218308
"K13888",14.3145194327515,0.752302843192128,1.29318326160405,0.581744958760895,0.560738483469306,0.988149645670342
"K13889",2972.4743737456,-0.071667001641654,0.135549621359961,-0.528714141158221,0.597003765913921,0.992927693570313
"K13890",471.215693443123,0.09777236895003,0.205795836510168,0.475094008742005,0.634719968660866,0.992927693570313
"K13891",78.9643164583271,-0.109263411178685,0.386606988574142,-0.282621407289254,0.777467068444908,0.997370795218308
"K13892",50.0038551740062,0.0857098127527645,0.441023652127875,0.194342893718346,0.845907401504719,0.997370795218308
"K13893",176.325310446133,-0.00650679299606932,0.270043023930014,-0.024095393768645,0.980776517497409,0.998573809130236
"K13894",125.101793210024,-0.00312643617655001,0.432243678878711,-0.00723304082701762,0.994228918717337,0.998573809130236
"K13895",151.452449569785,-0.275316556961183,0.298686896182649,-0.921756396011512,0.356655656431284,0.949760216259208
"K13896",34.7274328376642,-0.312545740613799,0.699563161003612,-0.446772726233058,0.655039165514481,0.992927693570313
"K13920",7.41357135640591,-1.4155310586561,1.41393388580542,-1.00112959514354,0.31676415870332,0.92871793789011
"K13924",1704.03481627713,0.0388565973706719,0.162452440149376,0.23918752673055,0.810960174225228,0.997370795218308
"K13926",25.742508387146,-0.415804350725103,0.630386715597949,-0.659602019580465,0.509509257903275,0.979329538491088
"K13928",4.37277444867378,1.25287178957813,2.20594077127508,0.567953503508592,0.570066540444631,0.990848007156586
"K13929",68.6800256485782,0.700107766943922,0.67246694162588,1.04110361953439,0.297827459878466,0.921603082140073
"K13930",4.79708927040144,0.609719896188433,1.97270027862388,0.309078831080088,0.757261561686439,0.997370795218308
"K13931",6.3782812269121,0.0464247894325123,1.95056899275708,0.0238006395082145,0.981011629941144,0.998573809130236
"K13932",79.5855078455051,0.885829320276684,1.21165048069541,0.731093111743143,0.464722281432285,0.9731410869362
"K13933",40.6400468695384,0.873922037759199,0.604309944864755,1.44614869436706,0.148135500356737,0.815874091147702
"K13934",8.17418958080916,0.594758131253365,1.71183607755276,0.347438717440533,0.728261750489488,0.997370795218308
"K13935",5.83721991620321,0.580753813612931,1.97223420509813,0.294464933278061,0.768402655358502,0.997370795218308
"K13936",34.1863218867844,0.944897776668472,0.656985343764754,1.43823265714556,0.150368052129864,0.815874091147702
"K13940",7.31198724367471,-0.582599403333517,1.23514737170365,-0.471684121814495,0.637152272279615,0.992927693570313
"K13950",69.1268658278099,-0.851293937908413,0.457658732430614,-1.8601064015259,0.0628704736794449,0.671608547723031
"K13953",604.411037012344,0.501235875984551,0.261843865282767,1.91425480006287,0.0555876067730643,0.657933156055103
"K13954",43.5382502140895,0.119171771964205,0.712083841796892,0.16735637711352,0.867089647048462,0.997370795218308
"K13955",43.4439802652688,-0.523623257814517,0.501480387441175,-1.04415500770893,0.296413679318309,0.921603082140073
"K13979",512.10171253759,0.347966008215075,0.164139484741402,2.11994090735259,0.0340110290212109,0.55341756161565
"K13985",710.663649180108,0.112496024938992,0.190836224904641,0.589489888490536,0.555532693183603,0.988149645670342
"K13990",12.3398098294031,-0.672968443300601,0.906230673269364,-0.742601705228941,0.457722855827239,0.9731410869362
"K13991",61.1086619663804,0.611256431212571,0.47484107021191,1.28728635654827,0.1979944971815,0.859064141045652
"K13992",60.1299393922886,0.205796604439323,0.543235472958018,0.37883498903104,0.704810403090036,0.997370795218308
"K13993",6718.47406350684,0.387731358080915,0.21102207162515,1.8373971741196,0.0661512837001622,0.673390891931288
"K13995",182.771085796407,0.306580929588188,0.306785725913965,0.999332445063516,0.317633673195496,0.92871793789011
"K14048",17.220615921326,-0.184098609530477,0.761129609017104,-0.241875506286263,0.808876629838925,0.997370795218308
"K14051",0.841835282459022,3.25029156141063,3.42931626262628,0.947795803155656,0.343233417493339,NA
"K14052",251.392660438591,0.115904566615128,0.318619589570538,0.363770999678185,0.716029020012118,0.997370795218308
"K14054",80.8704035125362,-0.252669435130978,0.428249366059137,-0.590005392082909,0.555187034517953,0.988149645670342
"K14055",36.6601413431644,1.03236465780201,0.783227909596893,1.31808972222828,0.187473614632669,0.848827148219077
"K14056",22.9248903751533,0.298747280024896,0.639234902717315,0.46735132696127,0.640248539883183,0.992927693570313
"K14057",1.29026792126537,3.86611311636778,3.41342974799462,1.13261833457657,0.257374565762388,NA
"K14058",244.473565456488,-0.218518524756218,0.31351203762977,-0.697002023935902,0.485801527194766,0.975675837146027
"K14059",435.882999786602,-0.234452363719997,0.170302274281164,-1.3766836920388,0.168610062866911,0.831694303422829
"K14060",348.709092748267,0.241032052150648,0.225561969132791,1.06858462478109,0.285256879672715,0.917896368893027
"K14061",20.5319300188292,-1.50731024205771,0.793546046828891,-1.8994615978255,0.0575038111745933,0.663242882944981
"K14063",162.691929358515,-0.703004148153632,0.288615392002545,-2.43578190087462,0.0148596409950272,0.414965080619099
"K14067",51.9968067392545,0.198599456571183,0.474954785277729,0.418143921752577,0.675841893759997,0.997370795218308
"K14083",1037.8210016549,-0.0694871963814127,0.157576526792288,-0.440974285929074,0.659231612820633,0.992927693570313
"K14113",0.992792593757966,-0.236918224246077,3.38352068286096,-0.0700212135383637,0.944176775114587,NA
"K14127",1.44644670597292,0.490671103058241,3.23133660424651,0.151847722212975,0.879307041643061,NA
"K14136",357.897682942257,-0.262238596727258,0.213021583408868,-1.23104237857402,0.218307014671399,0.883664559728345
"K14155",140.233255368233,-0.149268302854957,0.385846598846814,-0.386859190416807,0.698860454620276,0.997370795218308
"K14160",45.7013133664428,0.237950753298207,0.586878035329568,0.405451795728875,0.685145444602598,0.997370795218308
"K14161",96.7360030308514,-0.40525056615809,0.333733078067499,-1.21429547381014,0.224634913422196,0.88684146109791
"K14162",263.847744099633,-0.515858496431922,0.242186274074314,-2.13000715421896,0.033171022726112,0.552011655672275
"K14164",130.334109753211,-0.306455647814731,0.453509881077183,-0.67574194213108,0.499204501667544,0.979189496323257
"K14166",321.050711203272,-0.305271325657134,0.231548661365987,-1.31838950765783,0.187373291350552,0.848827148219077
"K14168",8.07649709073339,-4.93667735119422,1.83191935553672,-2.69481150263181,0.00704284610036356,0.27069639305294
"K14170",129.69479216202,-0.419227770785455,0.320516125527079,-1.30797715745517,0.190881057143476,0.849632213082797
"K14188",7.52972342987726,0.341176119975776,1.01424449150174,0.336384493910946,0.736580940976318,0.997370795218308
"K14189",36.5643046902219,0.0942097625677298,0.632698247973022,0.148901570171168,0.881631302210742,0.997370795218308
"K14194",5.80164356242365,0.0665647140973404,1.79924063549228,0.0369960041943627,0.970488191752042,0.998142329325159
"K14205",125.486089579123,0.35756947193024,0.395530781064638,0.904024387097716,0.365982470178431,0.950060596598327
"K14254",35.8537193331219,-0.158908485994497,0.607355678630841,-0.261639911481067,0.793599070632292,0.997370795218308
"K14257",62.3344778874678,0.106058349265986,0.519508215206886,0.204151438151464,0.838235158832096,0.997370795218308
"K14259",87.7791112096436,0.0172176549578978,0.413221858656088,0.0416668542508724,0.966764277478598,0.997942587160163
"K14260",632.874266882699,-0.00458867954308235,0.160888461193754,-0.028520874082799,0.97724671968958,0.998573809130236
"K14261",494.491867198332,0.112497058962927,0.178911986071448,0.628784361702865,0.529490239423882,0.984070334914601
"K14266",186.629147793446,-0.155158957713766,0.35697387082519,-0.434650741677805,0.663815957884014,0.992927693570313
"K14267",243.32811905377,-0.418080735071002,0.267299827860793,-1.56408905466536,0.117796656037714,0.775828076343312
"K14268",12.1280950589,1.2148425336363,1.56609001827138,0.775716925248788,0.437916144200051,0.9731410869362
"K14273",154.164642089311,0.17953429027683,0.286059976159719,0.627610659439434,0.530259024092909,0.984070334914601
"K14274",47.9389460681688,-1.05909342248196,0.568025572111503,-1.86451715288983,0.0622491150604309,0.671608547723031
"K14287",108.479507915113,0.146387421061969,0.364219676181776,0.401920683134398,0.687742400437642,0.997370795218308
"K14291",19.4091477525799,0.280232974113228,0.890263658421134,0.314775259511565,0.75293229758738,0.997370795218308
"K14330",4.34846519361215,1.19558169568938,2.21888428161301,0.53882111185188,0.590010294787141,0.992927693570313
"K14335",32.0358897729973,-0.22099769997685,0.658400805014492,-0.335658307665626,0.737128549114664,0.997370795218308
"K14337",51.1233462323856,-0.291262271245102,0.447230575255148,-0.651257510913549,0.514880271173734,0.979746666549689
"K14338",649.689577573382,0.503817683556899,0.225360927060587,2.23560352776437,0.0253777533124069,0.524094360648293
"K14339",13.8326273360778,-0.374524948044632,0.97215207770763,-0.385253456360219,0.700049641550487,0.997370795218308
"K14340",384.255518184425,-0.349755895847045,0.240795532156769,-1.45250160048376,0.1463621844795,0.814133364640594
"K14347",8.71943857562383,1.15563182013389,1.64224907026882,0.703688521464483,0.481626770222366,0.974469580961331
"K14358",8.4817107423617,-0.440084111645462,1.13553900171672,-0.387555258762702,0.698345184243449,0.997370795218308
"K14379",56.8784928342781,-0.776152138283585,0.480073100469696,-1.61673740420826,0.105934976270418,0.759017135201614
"K14392",29.4577796708079,-1.29347585839551,0.67962888720636,-1.90320906415911,0.0570132708909448,0.663242882944981
"K14393",4098.60202394387,0.00438672072812676,0.147644320837136,0.0297114084934271,0.976297213277478,0.998573809130236
"K14414",2.62419092753466,0.0289540692340562,2.4042761041298,0.0120427388453107,0.99039151685525,0.998573809130236
"K14415",643.09796154593,0.0334454719664865,0.183656245125182,0.182109091600395,0.855497113973049,0.997370795218308
"K14441",985.64609335796,-0.0290853521232823,0.138770044707411,-0.20959388018219,0.833984656463643,0.997370795218308
"K14445",58.6744544794541,-0.66616283626654,0.557581687397355,-1.19473585902007,0.232190247463997,0.888188252939584
"K14446",767.699388284015,-0.00950811695294341,0.181907317972994,-0.0522690184149435,0.958314339282286,0.997942587160163
"K14447",434.603703606066,-0.169627452440445,0.180365073697787,-0.940467292047165,0.346977919329176,0.947770244518839
"K14448",191.724287433016,-0.312926641203558,0.227913901537757,-1.37300374874991,0.169751181300241,0.831694303422829
"K14449",102.855350173788,-0.301777119188064,0.552847096013675,-0.545860006074084,0.585162171706687,0.992263246003607
"K14451",3.07000629854216,-0.190895467230552,2.61171347313387,-0.0730920406063883,0.941732875394041,0.997883614779708
"K14465",0.698286688397214,1.01469510737528,3.45418476304952,0.29375820258076,0.76894267607647,NA
"K14470",33.7914784437411,-1.51754383176702,0.617943456225578,-2.45579723594168,0.0140572447888213,0.401732152336399
"K14475",42.5140348521302,0.668765945779516,0.478730679647614,1.39695652317872,0.16242664560259,0.828697110513083
"K14519",62.3390568471454,-0.573269493405377,0.442336695542891,-1.29600256813826,0.194974600113758,0.853524006689633
"K14520",271.117868809621,-0.0557900608325694,0.301129925398433,-0.185269068687717,0.85301799763104,0.997370795218308
"K14534",1767.89643281353,0.273672247206127,0.268128057193727,1.0206773959817,0.307407307269466,0.92608770786561
"K14540",84.2779651285058,1.03377835834474,0.560341242115467,1.84490856757553,0.0650508401632223,0.673390891931288
"K14568",11.9136701431991,0.416797414448281,1.17217509196687,0.355576071616492,0.7221580660678,0.997370795218308
"K14574",98.621515050839,0.852373679681067,0.450425347743614,1.89237502718485,0.058441030911015,0.663242882944981
"K14584",25.6912046238872,2.05459072097968,0.892027452335201,2.30328194003565,0.0212629850970288,0.479911506804299
"K14591",6.11765155726902,1.28182644953398,1.64298397674153,0.780181954102911,0.435283782756385,0.9731410869362
"K14596",4.66878385683907,0.793509353632556,1.83546688348754,0.432320169201214,0.665508730150003,0.992927693570313
"K14597",17.3049631606121,-1.36771873456547,1.29053522392107,-1.05980736458312,0.289232245690336,0.921389318850757
"K14623",2.21640748965173,0.521283789006658,2.51743550474986,0.207069371995075,0.835955681295095,0.997370795218308
"K14627",4.62252376061625,0.546832698693322,1.8549373635264,0.29479847106737,0.768147834471774,0.997370795218308
"K14628",1.04316487732835,-1.64862199551449,3.42125710588661,-0.481876089545529,0.629893972573174,NA
"K14633",1.90003729948753,-2.6902480327834,2.62064319941022,-1.02656020987094,0.304627598426552,0.923868889060477
"K14645",1487.8811081627,0.0840621378229082,0.27111987301964,0.310055241936539,0.756518947835363,0.997370795218308
"K14647",199.988561586741,0.243030052401458,0.259978467511,0.934808389049279,0.34988705548345,0.947770244518839
"K14652",2333.82834966654,-0.0922311671182447,0.138186983207465,-0.667437445824941,0.504492753914117,0.979329538491088
"K14654",12.600869114129,-0.78550168188409,1.07192923917868,-0.732792476568647,0.463685010652338,0.9731410869362
"K14656",15.3016414097082,0.127151021244954,1.05829034694989,0.120147577280108,0.904366244113679,0.997370795218308
"K14657",72.5768572267607,0.094004980725898,0.58196878206458,0.161529249717499,0.871676575889624,0.997370795218308
"K14660",15.8776429223524,0.477133448347275,0.932285200787583,0.511789147724535,0.608798586318258,0.992927693570313
"K14661",0.80894387046972,-0.254032960553657,3.41891757069414,-0.0743021600553187,0.940769958309185,NA
"K14665",16.0525940696571,0.830090162464575,1.4836604123566,0.559487976865329,0.575828734425363,0.992186816903
"K14667",174.271259937937,-0.527170467168088,0.362905864163986,-1.45263694865475,0.146324581608558,0.814133364640594
"K14668",14.4235845473198,-0.230965677413095,2.85803043093607,-0.0808128825057501,0.935590762822547,0.997370795218308
"K14670",635.300860052679,-0.649820761375428,0.319516480226023,-2.03376289359395,0.0419755074612429,0.590120455834234
"K14671",873.575903446554,-0.555679042027865,0.230011604867152,-2.41587393970321,0.0156974949000107,0.418241289173284
"K14672",107.445455599131,0.180994289708493,0.523358084373665,0.345832605079752,0.729468520030071,0.997370795218308
"K14673",151.046840071033,-0.052956516053251,0.419704630977505,-0.126175677237379,0.899592864226038,0.997370795218308
"K14677",45.826651051998,-0.367589145983955,0.606807735657339,-0.60577531297579,0.544663965071081,0.986147771994589
"K14682",150.235424016665,0.261801577788626,0.350938159216438,0.746004875540372,0.455664469828829,0.9731410869362
"K14696",66.2994890004416,-0.497246082179184,0.425853045306422,-1.16764712066669,0.242949134829861,0.891011860683429
"K14727",40.4919782847652,0.179850735931086,0.476444270168165,0.377485358083133,0.705812943518507,0.997370795218308
"K14728",101.135709540468,0.203551171877443,0.546560004260764,0.372422369530589,0.709578401371016,0.997370795218308
"K14730",5.46015930927818,1.31934137006982,1.79880540955586,0.733454193022233,0.463281456424132,0.9731410869362
"K14731",717.545134395973,-0.256650332307855,0.17748898480656,-1.44600710059596,0.148175210243612,0.815874091147702
"K14733",891.053215370777,-0.224016169721865,0.153152616389612,-1.46269894046067,0.143549776227835,0.809528822814033
"K14742",310.786969971176,-0.173361706835685,0.240284617607592,-0.721484831454344,0.470611269934038,0.973571984675287
"K14743",30.6645195518522,-0.56850435654851,0.973121923858547,-0.584206708954127,0.5590812483435,0.988149645670342
"K14744",0.318883539592563,-1.80223381359213,3.49682723623175,-0.51539115084629,0.606279714923313,NA
"K14761",32.8216537005148,0.0159105165051637,0.610577025977922,0.0260581643727602,0.979210945715484,0.998573809130236
"K14850",3.77838608063925,-0.95268025598435,2.29822994285095,-0.414527823444226,0.678487594728782,0.997370795218308
"K14940",3.02953732760268,-2.39767239966133,2.5841512532811,-0.927837484983511,0.353491876413346,0.947770244518839
"K14941",99.6154762817754,0.247632363224977,0.430115802782444,0.575734166526848,0.564794877725047,0.988149645670342
"K14949",225.156615036206,-0.449614277500402,0.230213888155193,-1.95302846888762,0.050816221902651,0.632720068555045
"K14952",260.279817373822,-0.538196991406489,0.277282132737176,-1.94097248926105,0.052261614368393,0.641382804205544
"K14953",11.4105729456542,-0.0617140362342727,1.31361358813081,-0.0469803576880534,0.962528882534326,0.997942587160163
"K14954",165.577004695442,-0.497721824744845,0.315308163856542,-1.57852501710453,0.114445045502106,0.766679393190281
"K14956",141.833197564488,-0.369442096527501,0.325523116752635,-1.13491815946282,0.256409610486639,0.899605882022776
"K14974",10.2667343823352,-0.106836176830164,1.22403792472118,-0.0872817538349556,0.930447556995906,0.997370795218308
"K14977",75.0879623405758,-0.369862281935027,0.404442818849918,-0.914498328803996,0.360455055613849,0.950060596598327
"K14980",94.6461943183085,-0.204025136637037,0.394659256998619,-0.516965288458319,0.605180390128109,0.992927693570313
"K14981",296.41731918794,-0.119991527198022,0.239644674036392,-0.500706004339575,0.616578045928013,0.992927693570313
"K14982",118.933177656799,-1.58255765137894,0.964587924778799,-1.64065671021317,0.100868695835079,0.755548259580255
"K14983",7.7919373668596,0.894678679236838,1.4525575200737,0.615933391189524,0.53793848233949,0.984070334914601
"K14986",218.048635162532,0.172812819188584,0.316607543951184,0.545826599808464,0.585185136898437,0.992263246003607
"K14987",243.062190183984,0.29675105798975,0.296315919037876,1.00146849670881,0.316600363243213,0.92871793789011
"K14998",185.773319675367,0.292774698247889,0.266922894804822,1.09685120289876,0.27270644295878,0.912243138973363
"K15011",51.74353997204,0.0921350571335077,0.468120586027875,0.196819067316175,0.843969129404399,0.997370795218308
"K15012",167.002375227732,-0.0410501104522176,0.433956952393233,-0.0945948906356493,0.924636608320327,0.997370795218308
"K15013",9.29710237599564,0.545745207401402,1.26831947561009,0.430290015959019,0.666984688850507,0.992927693570313
"K15016",101.906110664714,-0.0191952078422134,0.398195441458419,-0.0482054936940252,0.961552471944967,0.997942587160163
"K15019",32.6330872905639,0.986343009168114,0.557950343729408,1.76779711716866,0.0770948270452302,0.711713759049777
"K15020",8.68706454281847,0.928475246297334,1.34078418567154,0.69248672248644,0.488631721268756,0.976448241133994
"K15022",361.9042990046,-0.290847250806963,0.197223103084574,-1.4747118682249,0.140290023943704,0.80901139713996
"K15024",30.8772343698277,1.04974401715079,0.687718999723393,1.52641415690567,0.126906754169532,0.794547869651213
"K15034",88.7620860697027,-0.364233746384111,0.371176490324389,-0.98129530258177,0.326447138538823,0.934556363627634
"K15051",26.086510088375,-0.239701723557287,0.641389553143961,-0.3737225253862,0.708610764884399,0.997370795218308
"K15054",22.7612527762804,-0.218245738523103,0.784073377351939,-0.278348614845446,0.780744760743873,0.997370795218308
"K15060",113.627247029172,0.143997474333922,0.326117832165759,0.441550446283878,0.658814549351633,0.992927693570313
"K15063",7.88558211027901,-0.568457746261544,1.5767321996353,-0.36052903999362,0.718451543925998,0.997370795218308
"K15064",9.70501166639781,0.113559198433741,1.67676102766877,0.0677253326859728,0.946004283038289,0.997942587160163
"K15066",567.589959228584,0.0163370529239703,0.197676769039326,0.0826452850446994,0.934133592156733,0.997370795218308
"K15067",10.4039154788749,-1.38781081204775,1.14396408707077,-1.21315942321351,0.225068874414569,0.886872389355376
"K15125",3.7564405941159,0.129740354001434,1.83324724989718,0.0707707888331543,0.943580180647422,0.997942587160163
"K15171",23.8655874663026,0.534933222215868,0.958001864545735,0.558384322633362,0.576581975843483,0.992186816903
"K15172",57.5151530880047,1.13857715998628,0.523910718774555,2.17322745877284,0.0297632021007823,0.538557233280785
"K15223",248.030767933382,-0.621370362810028,0.300791113059356,-2.06578697252738,0.0388485987316745,0.574479648898762
"K15228",4.45661852620896,0.00690411862613148,2.16579366153313,0.00318780073501747,0.997456507318474,0.998573809130236
"K15255",49.296876126988,0.696116995869711,0.483822509265388,1.4387858822994,0.150211197528558,0.815874091147702
"K15256",168.490477480646,0.0271484513020133,0.281327289368781,0.0965013076510522,0.923122435419473,0.997370795218308
"K15257",182.689775665999,-0.0292032805594593,0.283191603745417,-0.103121985868312,0.917866155845384,0.997370795218308
"K15268",53.5495634284068,-0.383270381530352,0.573157781364911,-0.668699604178166,0.503687120073879,0.979329538491088
"K15269",50.96832323452,0.181774744890907,0.566107220117967,0.321095966331304,0.748137666998466,0.997370795218308
"K15270",103.868132246548,0.179519435431309,0.375493169721507,0.478089749447249,0.63258632754645,0.992927693570313
"K15303",6.47077520540415,-1.23480146653514,1.60025355837471,-0.77162863352059,0.440334410299286,0.9731410869362
"K15314",73.7051143197401,-1.36353684322113,0.487260683917525,-2.79837238715513,0.00513608603329877,0.230279049331663
"K15315",12.6808522489009,3.39381643546933,3.26490049645293,1.0394854113185,0.2985790394547,0.921603082140073
"K15329",12.622530869451,-0.690699170379338,1.34043821055939,-0.515278634209552,0.606358326951183,0.992927693570313
"K15333",1042.99411705535,-0.229913632225045,0.200334142679929,-1.147650765613,0.251112763711778,0.897595428587345
"K15342",1.01680634095437,-3.45597152097295,3.41990366200434,-1.01054645467629,0.312233554655449,NA
"K15357",1.62417057532194,1.42264515639878,3.12483261583837,0.455270835688295,0.648914405044864,0.992927693570313
"K15358",90.7203232026465,0.497385619887417,0.354640495511428,1.40250655574495,0.16076403422931,0.828697110513083
"K15363",1.68367056491804,4.24819213741035,3.40646182955242,1.24709811821626,0.212361522867239,0.883367629372891
"K15371",2967.29616326704,-0.192381582463203,0.129300540535095,-1.48786371400347,0.136786838763295,0.807360367143472
"K15372",669.251022598075,0.198037218419369,0.196705519006787,1.00677001549985,0.314045306938107,0.92871793789011
"K15376",13.4304777616936,-1.01828884285474,1.01847345199912,-0.999818739365255,0.317398235347195,0.92871793789011
"K15383",74.4790745462863,-0.0582272079988523,0.386544771841697,-0.150635093889456,0.880263576333931,0.997370795218308
"K15396",2.77687472472319,0.579141330591065,2.16547778113892,0.267442748956061,0.789128288788045,0.997370795218308
"K15408",154.81022930348,-0.621935040615348,0.397694736373422,-1.56385031968684,0.117852723862782,0.775828076343312
"K15429",42.3499093759354,1.9981635707629,0.607218417408297,3.29068340728427,0.000999443258115992,0.092087164197795
"K15449",83.0219158894607,-0.418133142782861,0.703985432315218,-0.593951413749763,0.552544609905219,0.988149645670342
"K15460",21.557922376104,1.12024342154922,0.858932066884436,1.30422819771141,0.192155788376018,0.851198976763293
"K15461",29.9003032410898,0.0714521374136468,0.729798305715489,0.0979066912790318,0.922006386645342,0.997370795218308
"K15466",1.45786406564223,4.03068312246997,3.41020316151635,1.18194809269889,0.237226297679956,NA
"K15495",18.9195804237735,-0.357675219184903,0.824135147075162,-0.434000685997054,0.664287942901342,0.992927693570313
"K15496",2.91047705668792,-0.632258165452914,2.34295499917593,-0.26985501884385,0.78727179346135,0.997370795218308
"K15509",126.959876019049,0.242363034950244,0.373546246172911,0.648816679148359,0.516456875320983,0.979746666549689
"K15510",446.564705282396,-0.45896351821115,0.195405742629381,-2.34877190422008,0.0188354413003515,0.464982030035139
"K15511",38.5921019218515,1.15005925315417,0.652005260825125,1.76388032774268,0.0777521295708596,0.711713759049777
"K15512",542.217883966943,0.131577322892012,0.197466778606831,0.666326375607668,0.505202510352664,0.979329538491088
"K15513",230.527637170317,-0.158979190805158,0.245512070395862,-0.647541241246595,0.51728171206179,0.980180447854674
"K15514",35.8237580827815,0.926288885628561,0.661565609035996,1.40014667173874,0.161469401401385,0.828697110513083
"K15515",7.34051541240995,0.947399402670803,1.45952773111677,0.649113670451394,0.516264906378347,0.979746666549689
"K15518",172.959799048158,-0.177096482665434,0.393567202301912,-0.449977746188262,0.652726486854482,0.992927693570313
"K15519",118.446867365126,0.61351861539851,0.460752566118866,1.33155767436406,0.183005581100523,0.848827148219077
"K15520",267.263936894388,-0.299064206520476,0.25035922402365,-1.19454039565255,0.232266648900919,0.888188252939584
"K15521",387.43630850212,-0.221827498117777,0.231045351268348,-0.960103706480272,0.337003023234077,0.944778302496427
"K15523",43.0752883603946,-0.915588642804697,0.551358791978765,-1.6606040497128,0.0967929951111354,0.755548259580255
"K15525",212.542392601179,0.207613140536591,0.281430287609331,0.737707168266089,0.46069241518819,0.9731410869362
"K15526",217.659979996251,-0.327664163941334,0.220027810554581,-1.48919431191655,0.136436208213402,0.807360367143472
"K15530",18.457016221894,-0.179170024311007,1.10809132146166,-0.161692471406298,0.871548033472797,0.997370795218308
"K15531",19.5966399456015,1.0565934424137,0.807677355190962,1.30818752763458,0.190809711400428,0.849632213082797
"K15532",239.008815728635,0.268102135851643,0.263607594501285,1.01705012087706,0.309129586754871,0.927747454484953
"K15537",224.070540430559,-0.190175794492299,0.322835568686975,-0.589079435285818,0.555807987939418,0.988149645670342
"K15538",37.1678859379473,0.21122365017614,0.558710423807919,0.378055681754663,0.705389230070183,0.997370795218308
"K15539",1137.73574467923,0.104658753256174,0.142200226674183,0.735995685126252,0.461733323706282,0.9731410869362
"K15540",2.78703329685768,1.18019029528189,2.14984438538478,0.548965452246284,0.583029158955059,0.992186816903
"K15546",53.2408705522014,0.230254137048097,0.492179344299804,0.46782568125785,0.639909253805301,0.992927693570313
"K15550",17.2498566134676,1.13326760878661,1.04237124776852,1.08720152365357,0.276947757613285,0.912317125798179
"K15551",25.5203321346995,0.12227416701976,0.707240950871278,0.172888980578862,0.862738693445812,0.997370795218308
"K15552",7.16001948106476,-0.84168852116795,1.49842564503028,-0.561715240231984,0.574310049065366,0.992186816903
"K15553",510.312299611579,-0.104683769983743,0.195291876897155,-0.53603750267028,0.591932631799979,0.992927693570313
"K15554",561.045902800465,-0.0805480334015837,0.273301181771581,-0.294722594609576,0.768205801433543,0.997370795218308
"K15555",53.6142588374929,-0.220506437465237,0.458331540888613,-0.48110683597668,0.63044056983698,0.992927693570313
"K15576",25.5295458500503,0.832661024433963,0.814929338047223,1.02175855691885,0.306895188660517,0.92608770786561
"K15577",22.8344539870709,0.338235467994301,1.02555210190483,0.32980817587529,0.741544909273656,0.997370795218308
"K15578",15.33702809711,0.500602290747858,1.22104038377026,0.409980126293715,0.681820526226099,0.997370795218308
"K15580",6515.73052124502,0.107834006896908,0.128204617978307,0.841108601213991,0.400287096995199,0.967424176194844
"K15581",495.725340433874,-0.202528502801951,0.202815779090604,-0.998583560460922,0.317996467131867,0.92871793789011
"K15582",285.607279005195,0.312439199563387,0.248582017835241,1.25688576464316,0.208795003961662,0.87912635638217
"K15583",199.596228435839,0.0473382482645852,0.286958093868288,0.164965718953769,0.868970964639264,0.997370795218308
"K15584",14.8831410268262,0.871851880677043,1.079039712468,0.807988687166044,0.419097094613749,0.97183810981949
"K15586",3.84107269169669,-5.36843963961401,1.98696256265845,-2.70183230449563,0.00689585328423809,0.27069639305294
"K15598",186.333608144168,-0.0288490976149287,0.297480678666484,-0.0969780549925143,0.922743821871289,0.997370795218308
"K15599",28.1496441452275,-0.855824568037514,0.92649828958164,-0.923719533712211,0.355632359184556,0.949760216259208
"K15600",14.8479056030808,1.1761668963905,1.37942339616165,0.852651114707255,0.393852807805061,0.965370132142093
"K15620",421.956184270195,-0.139467727563394,0.285887237203094,-0.487841741127871,0.625661942870856,0.992927693570313
"K15629",16.3796848352116,-0.92070091030218,0.921486822217888,-0.999147126256438,0.317723424826161,0.92871793789011
"K15631",48.3989422576606,0.256714672618475,0.467388470901996,0.549253326944608,0.582831612574652,0.992186816903
"K15633",1284.97432767985,0.252458612648247,0.14047596001093,1.79716595372335,0.0723092777762072,0.694006834297604
"K15634",109.581992594152,-0.0435279748231689,0.452755723741842,-0.0961400873376661,0.923409313655826,0.997370795218308
"K15635",135.922012459836,-0.247923635917266,0.3664898973593,-0.676481501137277,0.49873498717045,0.97911391715664
"K15650",9.93208793990154,1.43391400442276,1.04584812389487,1.37105376169026,0.170358197421763,0.831694303422829
"K15669",6.90890239781189,-1.6999891473056,1.43644818493281,-1.1834670857864,0.236624083587876,0.888188252939584
"K15724",2705.32752577419,0.21026538079343,0.195039330699679,1.07806656246784,0.281004052433122,0.913930207303918
"K15725",46.3725153980162,0.0688176668479543,0.534464600569863,0.128760009127974,0.897547550137196,0.997370795218308
"K15726",20.745391839287,-0.481382521923611,0.713120992461248,-0.675036251929956,0.499652733128296,0.979189496323257
"K15727",35.4668645585603,0.432690494050277,0.529694615309739,0.816867835813775,0.414003960553723,0.968959956833116
"K15735",107.480050277909,-0.246189118768776,0.324240945848696,-0.759278314231349,0.447686087086134,0.9731410869362
"K15736",138.582152469142,-0.0103445946481583,0.299977795267928,-0.0344845345600296,0.972490774647198,0.998142329325159
"K15738",332.453818077385,-0.0927452364970252,0.223137643514918,-0.415641372903647,0.677672447377138,0.997370795218308
"K15739",5.86058976551715,-1.69380584575975,1.82124670290482,-0.930025483674558,0.352357890191664,0.947770244518839
"K15740",18.5561943611569,0.747874969947105,0.836509848097879,0.894042038653438,0.371299399119877,0.951971446688251
"K15745",8.32916543035756,-1.56516713786237,1.56575161922282,-0.999626708761934,0.317491192683313,0.92871793789011
"K15746",7.77649268630915,-0.596591830942747,1.90574801555319,-0.313048643406076,0.754243705973202,0.997370795218308
"K15754",2.60704579119086,0.835211244124718,2.4013137089285,0.347814298906161,0.72797965039649,0.997370795218308
"K15760",6.56457492551239,0.0918384848257351,1.05873856614638,0.0867433073303555,0.93087555185981,0.997370795218308
"K15765",4.72329910378636,1.19670816254389,2.34751456364602,0.509776672347979,0.610207930429766,0.992927693570313
"K15770",381.449810129883,-0.132086923774273,0.237293408415601,-0.556639666715615,0.577773646341094,0.992186816903
"K15771",137.300397518839,-0.220647069446754,0.402036728232382,-0.548823164532413,0.583126811657101,0.992186816903
"K15772",112.25598372094,0.164332481649112,0.354346207671049,0.46376249580655,0.64281791615585,0.992927693570313
"K15773",20.0327828848731,0.00777421417123295,0.788069360322408,0.00986488571012637,0.992129087658924,0.998573809130236
"K15777",431.521003574193,-0.256958382501332,0.19337233123363,-1.32882703984614,0.183905039063259,0.848827148219077
"K15778",481.059826759919,0.164439589646305,0.20586531369341,0.79877268635551,0.424422230982846,0.972723098477607
"K15781",58.133792357591,0.0857404699950833,0.531725640409244,0.161249455506966,0.871896930861193,0.997370795218308
"K15782",13.9273084372097,-0.287190144313248,0.86458288154238,-0.332171906759145,0.739759455692433,0.997370795218308
"K15783",39.3377707291329,0.595032048629913,0.578552714182338,1.02848372161017,0.303722344228443,0.923868889060477
"K15784",4.82679648596488,-1.9568654634059,2.00295454423775,-0.976989452424445,0.32857437418369,0.937808652734207
"K15785",25.1255309358416,0.269220988135202,0.688962152380916,0.390763102450298,0.695972350738786,0.997370795218308
"K15786",7.57794214740835,-0.336198968001868,1.88556720598042,-0.17830123844727,0.8584864062584,0.997370795218308
"K15789",1172.34254727698,0.83122896909476,0.224987457202525,3.69455692966261,0.000220270540121111,0.0376914361367238
"K15792",5.08037314439116,2.25709915052192,1.85278229457007,1.21822145922744,0.223139827007073,0.886760339895229
"K15836",203.899246494114,-0.127611100364531,0.334117774798211,-0.381934485352064,0.702509960230455,0.997370795218308
"K15855",28.1985660334708,-0.476112199244259,0.58510907108417,-0.813715293051351,0.415808071093096,0.970867266189689
"K15856",122.156129377148,0.0866787690538319,0.387304407121245,0.223800110352727,0.822912844096522,0.997370795218308
"K15861",103.189658232516,0.752299019291134,0.392593591467097,1.91622847555876,0.0553360203320879,0.657554416208085
"K15862",83.2698978751401,1.69450264224359,0.538862330584327,3.14459286921414,0.00166318112733108,0.132010234746653
"K15864",74.4774584729331,0.608751151205408,0.527216598148747,1.15465096004746,0.24823338921553,0.896664516291802
"K15865",147.81345959399,0.302612915672844,0.384080871636168,0.787888536035979,0.43076190734697,0.9731410869362
"K15866",609.79947119313,-0.103571441040655,0.177683625394442,-0.582898062839137,0.559961924778663,0.988149645670342
"K15868",16.2648068427495,-0.586458739916261,1.00408469219376,-0.584072981567863,0.559171211684423,0.988149645670342
"K15876",35.2713190385736,0.49341352625928,0.681323583364744,0.724198513461897,0.468943871069157,0.9731410869362
"K15878",24.258087300293,-0.296852918845441,0.724388190314096,-0.409798120420385,0.681954045128266,0.997370795218308
"K15885",12.3927930618001,-1.06782344967184,1.33419940253621,-0.800347719870049,0.423509362171171,0.972723098477607
"K15888",35.0891883724556,0.319086775738624,0.642549555148783,0.49659481230944,0.619474812157349,0.992927693570313
"K15891",17.4912520613982,0.128479531815632,0.99355315822992,0.129313193512994,0.897109832173126,0.997370795218308
"K15894",235.405478187299,-0.114119656600964,0.239715628585937,-0.476062646704123,0.634029747433086,0.992927693570313
"K15897",9.40460215039569,0.369508066766093,1.20836289586475,0.305792298017937,0.759762793048211,0.997370795218308
"K15898",23.3423774675048,1.22064725629669,0.814082040266225,1.4994155329818,0.133765866439522,0.806771172312485
"K15911",4.00855575363074,-5.43437855464548,2.33554488060033,-2.32681401234671,0.0199751662993346,0.476618609429143
"K15916",203.031366066405,-0.479608350179044,0.242316464816993,-1.97926439105681,0.047786246543737,0.624872992468211
"K15921",163.680221856434,-0.574099561733933,0.512995403490078,-1.11911248683349,0.263092153414202,0.903690153582261
"K15922",23.4521782215753,0.62486554098986,0.957345084558791,0.65270668964456,0.513945388956901,0.979746666549689
"K15923",386.535734397586,-0.499150690293438,0.306977750594979,-1.62601585725999,0.103946282081845,0.759017135201614
"K15924",22.6931891493914,-1.36722246952015,0.955289060281771,-1.4312133639601,0.152369074607757,0.815874091147702
"K15926",4.93632715908246,-0.346487668297761,1.8678167388548,-0.185504102779484,0.852833662562354,0.997370795218308
"K15927",3.27334653989746,-3.56638755949728,2.55097827372171,-1.39804701444758,0.16209894949531,0.828697110513083
"K15968",41.7670128078034,-1.04227199683961,0.571919796091257,-1.82240937271789,0.068392893490379,0.68381475645055
"K15973",142.596722450017,0.235360240696276,0.347390442785326,0.677509256757877,0.498082898893693,0.97911391715664
"K15974",5.71040929376098,2.60841631565071,1.56071335065742,1.67129749646337,0.0946629307032359,0.754908511293848
"K15975",531.657518887935,0.0399774935206736,0.182355915480782,0.219227840321345,0.826472569487646,0.997370795218308
"K15977",1172.73377562127,0.0250741862902727,0.138556592730473,0.180967110955509,0.856393391401786,0.997370795218308
"K15981",231.369812177558,-0.0982158425113059,0.331876262873915,-0.295941148851069,0.767275025550938,0.997370795218308
"K15982",73.4577820199118,0.0488961959338434,0.482805502489,0.101275142229676,0.919332048348581,0.997370795218308
"K15983",3.80794271747592,0.426431786127973,1.83467780166578,0.232428705324062,0.816205055694051,0.997370795218308
"K15986",303.812973833548,0.124234503529567,0.309964740005142,0.400802050992979,0.68856586873029,0.997370795218308
"K15987",2606.86294233613,-0.149538807942489,0.155209739412766,-0.96346278595832,0.335315330960239,0.943225460941997
"K16011",283.82930865626,0.0120419208708219,0.263997458778079,0.0456137757028354,0.963618089178232,0.997942587160163
"K16012",70.4216236307738,0.729509788005686,0.511823599785636,1.42531487080944,0.154066203405215,0.820398075346807
"K16013",69.7071980118838,0.507248470879738,0.42226713214649,1.20125018563786,0.229654167360672,0.888188252939584
"K16014",21.3393659693824,-0.434415774740262,0.807519522696785,-0.537963185446577,0.590602464868857,0.992927693570313
"K16020",7.68949734805041,1.53643882280418,1.62093079994273,0.947874408246461,0.34319339468823,0.947770244518839
"K16043",0.445920366739238,0.187026886837273,3.52034593352835,0.0531274171256859,0.957630386587854,NA
"K16044",106.740533086592,-0.422266607019427,0.452862268300636,-0.932439367501251,0.351109507712629,0.947770244518839
"K16045",1.42784362590684,0.914712999147563,2.8863989617154,0.316904562148244,0.75131602022882,NA
"K16046",34.4688156288353,-1.14439361278076,0.651282223748015,-1.75713933384358,0.078894062715244,0.713098553777597
"K16047",52.695393480381,0.263834188563478,0.565282138341581,0.466730099304946,0.640692992180695,0.992927693570313
"K16048",46.880585905192,0.656330202691739,0.495219689135982,1.32533139753964,0.185061259621095,0.848827148219077
"K16049",20.0693657939162,-0.318772675809878,0.683180667011903,-0.466600843967273,0.640785483068126,0.992927693570313
"K16050",26.4799569496787,0.0971560513949853,0.726423138085365,0.133745810535523,0.893603578992089,0.997370795218308
"K16051",11.9219279488539,0.934893563894047,1.0847342532012,0.861864148877983,0.38876227946292,0.96389527995257
"K16052",57.3614328451618,-0.63882422727378,0.55419446049852,-1.15270770967132,0.249030375920466,0.897378412387287
"K16055",9.51127566219691,-0.127192760196043,1.42880180446516,-0.0890205764008357,0.929065557436835,0.997370795218308
"K16066",42.189787168066,0.72342943465191,0.663739791976082,1.08992928162122,0.275744296818993,0.912317125798179
"K16074",14.0346024687726,0.403292017793249,0.959073123551242,0.42050184484364,0.674118881967632,0.997370795218308
"K16079",13152.1651177316,-0.247110448955923,0.155800747307792,-1.5860671609472,0.11272407526098,0.763692858300916
"K16080",26.1083565717292,-0.749584447847123,1.03583923954042,-0.723649403530706,0.469281003004396,0.9731410869362
"K16081",0.678157525940173,-0.817497031041078,3.46076455587248,-0.236218621013639,0.813263030853604,NA
"K16087",3.28537316969509,-0.0904122509699416,2.91893104100176,-0.0309744388270689,0.975289924749866,0.998573809130236
"K16088",1.70648653354633,1.36792185873345,2.53139571655423,0.540382465604977,0.588933297622472,0.992709695586957
"K16090",153.782935473536,0.680447337866245,0.382145061134685,1.78059958657015,0.0749778873761877,0.702795699006143
"K16092",61.2360113875427,-0.955351069858145,0.541603935460921,-1.76392933527175,0.0777438771841141,0.711713759049777
"K16124",16.4976130005167,0.0500727296352872,0.865297041936391,0.0578676768884275,0.953854030066354,0.997942587160163
"K16135",37.5416441004465,-0.624084976641636,0.700020038441446,-0.891524445544623,0.37264788307422,0.95325023421457
"K16137",639.584333910158,0.15381715374862,0.246872869194705,0.623062203029313,0.533243646437729,0.984070334914601
"K16138",28.9954519788942,0.504948819540008,0.638173037468002,0.79124123065968,0.428803235711907,0.9731410869362
"K16139",63.6446237619386,0.0859135527180704,0.441202096269408,0.194726075520751,0.845607397337563,0.997370795218308
"K16146",221.17281301995,-0.566340078544477,0.25070810553396,-2.25896198026099,0.0238857499673439,0.507275732462492
"K16147",1893.61293658497,-0.124002980438164,0.14158522782778,-0.875818631227529,0.381128639811743,0.962857360260397
"K16148",573.779174705442,-0.452969835375367,0.190422660548563,-2.37876014372694,0.0173709749568407,0.444593029985125
"K16149",306.46494874663,-0.0243572601451312,0.248889661376223,-0.0978636879107349,0.922040534383021,0.997370795218308
"K16150",269.093429772886,0.0683032687286227,0.265845016783979,0.256928903745917,0.797233657405136,0.997370795218308
"K16163",84.5179543141489,-0.254732425592526,0.378128096313833,-0.673667014103885,0.500523037562631,0.979189496323257
"K16164",145.764620248257,0.398322175886827,0.299697416885334,1.32908111129709,0.183821211261783,0.848827148219077
"K16165",586.04909851166,0.0930966840128168,0.230635459295759,0.403652952139648,0.686467941092992,0.997370795218308
"K16167",71.0494327506039,-1.04393361117163,0.486910252757154,-2.14399595256067,0.0320332110898784,0.551284198900235
"K16168",58.3948353012707,0.12204354276409,0.441969668555355,0.276135561888234,0.782443947677016,0.997370795218308
"K16169",24.7920191117641,0.475597379713612,0.759460345301058,0.626230694803533,0.531163636871482,0.984070334914601
"K16170",13.3126102836439,0.236045449844626,1.43080993016463,0.164973309779495,0.86896498989346,0.997370795218308
"K16171",283.464733456435,0.264259059686754,0.251591917864395,1.05034796797084,0.293558158733657,0.921603082140073
"K16173",301.329503467075,-0.163953189635859,0.233975920698262,-0.700726763448856,0.48347355042496,0.974469580961331
"K16188",73.1616024548375,1.02264778696997,0.502352465284812,2.035717663673,0.0417787143450232,0.590120455834234
"K16190",47.4683267199998,-0.272630877804143,0.567438755272117,-0.480458684344538,0.630901274536107,0.992927693570313
"K16193",0.719311200480106,3.00522241192709,3.43774920699552,0.874183144544613,0.382018523750884,NA
"K16199",22.9451934365511,1.01498908999224,0.729259976001427,1.39180693222392,0.163980870207231,0.831694303422829
"K16203",171.127335831058,-0.0895890446411985,0.295046390475544,-0.303643926966205,0.761399181767574,0.997370795218308
"K16210",55.0509892906996,1.45621624837563,0.53200110090482,2.73724292280396,0.00619565234194118,0.259480852278921
"K16211",871.626068880796,-0.281930476307422,0.168260368331818,-1.67556079368281,0.093824253750324,0.75200560627888
"K16213",3.89954398993155,2.03408413627966,1.9684464893366,1.03334489776513,0.301442523144251,0.923868889060477
"K16216",30.1417030089966,0.278554248935878,0.751110919844451,0.370856343019969,0.710744533243851,0.997370795218308
"K16217",5.82124644913885,1.68123904865243,1.972854573611,0.85218600049936,0.394110865434533,0.965370132142093
"K16218",0.398606354429432,-0.806674047633375,3.51729999189669,-0.22934468185592,0.81860102771997,NA
"K16235",9.81724139485777,1.5606716738503,1.16885285778451,1.33521654454305,0.181805483490769,0.848827148219077
"K16238",870.176857835946,-0.251368363480027,0.156237675865531,-1.60888442616345,0.107641615486868,0.759768797625471
"K16239",39.4222666650819,-0.704112602604982,0.628504275010976,-1.12029882786825,0.262586441397006,0.903690153582261
"K16242",58.0589912472375,0.234945615186331,0.545930206362428,0.430358336007436,0.666934997918735,0.992927693570313
"K16243",66.1434366710442,0.309085566750636,0.462966220089737,0.667620127210849,0.50437610661074,0.979329538491088
"K16244",3.78697056391895,3.34850543112499,2.20278571093142,1.52012309436541,0.128480041314558,0.797879641524367
"K16245",17.0968779886385,-0.418180963010477,1.09675937739128,-0.381287793504124,0.702989710167826,0.997370795218308
"K16246",19.0307843871046,-0.301769084857022,1.01757668833659,-0.29655660189142,0.766805047693167,0.997370795218308
"K16247",10.7363461346337,-0.326860929002641,1.09270792049659,-0.299129275876482,0.764841409434335,0.997370795218308
"K16248",31.5045960256488,0.552491396223345,0.7277489673565,0.759178536838373,0.447745763471102,0.9731410869362
"K16254",414.585925822315,0.162338929284766,0.275069503437998,0.590174218718354,0.555073854682258,0.988149645670342
"K16255",1.99996873711605,-2.76713121797031,2.96557301797057,-0.933084837635843,0.35077616703691,0.947770244518839
"K16256",1.07493210484601,-3.5322317396243,3.41803397339093,-1.03341036605323,0.301411897434117,NA
"K16257",4.63389654776227,0.84164681104873,1.87425984018089,0.449055564764969,0.653391573936824,0.992927693570313
"K16259",5.92154127710072,-0.833633656240608,2.05579798820247,-0.405503683253195,0.685107311568975,0.997370795218308
"K16260",5.70220862502725,2.8899443654874,1.65082473365856,1.75060641300346,0.0800137298611697,0.713098553777597
"K16263",6.7133694271389,-1.0933592962386,1.41249479177928,-0.774062532904156,0.438893812658189,0.9731410869362
"K16264",324.286907417206,0.142635814010505,0.225693179587715,0.631989917777158,0.527393465380453,0.983668472177992
"K16267",74.0427420843036,-0.182600401832264,0.391263659423905,-0.466693998878208,0.64071882390253,0.992927693570313
"K16291",38.9262755070762,-0.327244737457776,0.55206616641659,-0.592763616690895,0.553339359983504,0.988149645670342
"K16301",81.5668872227525,0.556025941455449,0.489007889050374,1.13704902089662,0.255517793491005,0.899605882022776
"K16303",5.75603535671383,-2.66248566721623,1.6692792927094,-1.5949911311095,0.110714219066805,0.759768797625471
"K16306",24.917692154411,-0.31297498162312,0.788039215774398,-0.397156607638571,0.691251978382339,0.997370795218308
"K16318",2.10235320892634,2.98588218802654,2.51647287014305,1.18653462290527,0.235411236826552,0.888188252939584
"K16319",28.4357448110297,1.0764037926564,0.718489532808552,1.49814818936718,0.134094753214969,0.807360367143472
"K16320",12.8867329283339,-0.934265244823527,1.28702783856108,-0.725909119314816,0.467894485648743,0.9731410869362
"K16321",8.81103083644371,3.145507517486,1.55827549215676,2.01858242224704,0.0435306395189296,0.599321839261768
"K16322",3.90152765324544,2.23596190157195,1.93510504316051,1.15547314057953,0.247896725524349,0.896664516291802
"K16323",92.9099465160873,1.01599892987134,0.564257263958563,1.80059521563546,0.0717667038232017,0.692126874713615
"K16326",6.76322059496602,-0.625833375216733,1.85190447619854,-0.337940419314392,NA,NA
"K16329",111.31669530376,0.610488814558008,0.371411360901245,1.64369989403833,0.100238207867456,0.755548259580255
"K16331",29.6477007711865,0.188707195769202,0.917619229168531,0.2056486936746,0.837065338329596,0.997370795218308
"K16347",5.55994800580437,-0.436111245200193,2.30425828571089,-0.189263177615372,0.849886553715757,0.997370795218308
"K16348",4.04339314247408,1.38614741559992,1.90322058723782,0.728316741051891,0.466419716665379,0.9731410869362
"K16363",105.363223646742,0.0137406148331393,0.369077567722253,0.0372296125119145,0.970301927603241,0.998142329325159
"K16370",22.8714773367934,0.495243625537253,0.858046781207533,0.577175553109464,0.563820869916382,0.988149645670342
"K16371",5.476813012594,0.399644437255406,1.60224628309292,0.249427595165923,0.803030041682661,0.997370795218308
"K16421",9.46235923215594,-2.88524819288312,1.30792931061614,-2.20596646123325,0.0273863480972556,0.53510136360559
"K16423",25.6254759070551,0.366093423608799,0.800965018623404,0.457065433691466,0.647624014525528,0.992927693570313
"K16424",7.32817472697986,-0.0907149785953283,1.29227149934699,-0.0701980803888102,0.944036002185971,0.997942587160163
"K16427",8.3760721599086,-0.857987028340134,1.17508795176839,-0.730147072862887,0.465300290431528,0.9731410869362
"K16428",1.60898805155766,1.16399630726992,3.1643452823884,0.367847438693972,0.712986994220639,0.997370795218308
"K16430",5.82340276024292,0.525362787379116,1.99536351819674,0.263291767433885,0.792325704542331,0.997370795218308
"K16435",2.4534800622196,-1.21338458764143,2.4325949399338,-0.498802561709865,0.617918482712487,0.992927693570313
"K16444",18.0509815308324,-1.12510940594895,0.698082245736214,-1.61171468379401,0.107024040885766,0.759768797625471
"K16509",498.186363379371,0.768939093396629,0.251131545843125,3.06189766329462,0.00219938632352848,0.153164240600141
"K16511",924.205847129519,0.509800446196085,0.313258669524144,1.62741049424266,0.103649944188276,0.758874713622967
"K16514",83.5230723119675,0.341037067256723,0.483762920914389,0.704967355935649,0.480830551390002,0.974469580961331
"K16515",53.0287899706682,-0.104798712714906,0.610901070940869,-0.171547763950556,0.863793076828179,0.997370795218308
"K16552",28.4967360786111,0.74021579715682,1.05809044714587,0.699577053316665,0.48419147707312,0.97505808883353
"K16554",440.769384665921,-0.0409281956675383,0.204145368661576,-0.200485545843498,0.841100861264772,0.997370795218308
"K16557",236.795797295909,-0.543496856677002,0.281121905364724,-1.9333137912959,0.0531975538999312,0.646247769384763
"K16558",2.03772764814901,0.708188011206221,2.60652494719277,0.271698151966256,0.785854122376625,0.997370795218308
"K16566",2187.00157567108,-0.189195921795834,0.11574083675131,-1.63465140832147,0.10212214426063,0.755548259580255
"K16567",89.5681531444307,0.184540773318337,0.433121147828184,0.426071952948239,0.670055416597673,0.994853093087159
"K16568",459.437779695377,-0.177934949683252,0.241096238743357,-0.738024577283684,0.460499514238938,0.9731410869362
"K16593",1.50332600798283,0.385417442042157,2.571178884546,0.149899116066446,0.880844209114825,0.997370795218308
"K16639",95.5934992327153,0.0375378509023296,0.387331600799484,0.0969139900406999,0.922794698661032,0.997370795218308
"K16645",860.181819790322,0.673905433033892,0.528701279850703,1.27464308999629,0.202435598497177,0.864672698897356
"K16648",160.883851102568,-0.381389478038458,0.323094233834174,-1.18042799313529,0.237830033792742,0.890239289508822
"K16649",101.813288517527,0.069295673496473,0.575457477451115,0.12041840833037,0.904151709768944,0.997370795218308
"K16650",423.298622344112,-0.188069861098956,0.233187077607336,-0.806519224944561,0.419943527503155,0.971957982310591
"K16651",3.72346767899229,0.306174435146023,2.51307346168666,0.121832664191413,0.903031544353254,0.997370795218308
"K16652",51.0723947387144,-0.139323521135626,0.447012163555257,-0.311677248394168,0.755285820398332,0.997370795218308
"K16653",152.35316284336,0.0110979964665532,0.263701639226905,0.0420854284375676,0.966430596301747,0.997942587160163
"K16692",165.882632881775,0.349374132111727,0.432395020354694,0.807997584766668,0.419091972517181,0.97183810981949
"K16694",43.3947223088742,0.127071983416628,0.880157481039809,0.144374144575248,0.885205032530947,0.997370795218308
"K16697",18.2260822345453,-0.709521889796357,0.900063836046577,-0.788301741921826,0.430520229010876,0.9731410869362
"K16698",27.5790838113896,-0.212722087114672,0.643367053977188,-0.330638763361691,0.740917362556961,0.997370795218308
"K16699",253.485413095709,0.063166550023922,0.399241236379904,0.158216497365555,0.874286204467971,0.997370795218308
"K16703",235.580828643951,-0.136529715162858,0.21880523309107,-0.623978289888672,0.53264184288847,0.984070334914601
"K16704",1.34355280234808,-2.10136552457873,3.40884886877657,-0.616444320493713,0.537601309552416,NA
"K16705",17.4014258291075,1.04012917017304,1.26223688346483,0.824036425966175,0.40991886098698,0.96882559528454
"K16706",11.7602788769282,0.302270439698445,1.21960631497229,0.247842632485314,0.804256167799704,0.997370795218308
"K16710",25.7362637725398,0.065875511551033,0.649600556205866,0.101409259770024,0.919225586136291,0.997370795218308
"K16783",6.15010655842995,0.79235143364708,1.63218103424049,0.485455606348096,0.627353196100821,0.992927693570313
"K16784",18.9466694234052,-0.223366624082482,1.12330374775053,-0.198847929181919,0.842381702486749,0.997370795218308
"K16785",86.5714133831901,0.177142844095994,0.471448411273614,0.375741735171922,0.707108907413016,0.997370795218308
"K16786",36.5749087113811,0.587701407021125,0.711069026910553,0.826504016880845,0.408518240373478,0.967424176194844
"K16787",27.1878865763224,0.314466702153409,0.651672546081086,0.482553245559435,0.629412983364264,0.992927693570313
"K16789",17.6147977905436,-0.887041837589229,1.05140843103042,-0.843670082348395,0.398853790046885,0.967406926044586
"K16838",106.666143347358,0.0703440377704697,0.451169822594905,0.15591476700699,0.876100205273098,0.997370795218308
"K16839",2.77238255497662,2.39367830155411,2.63890307710526,0.907073216262209,0.364368080627856,0.950060596598327
"K16840",62.1442894896511,-1.04129766038627,0.522727066270468,-1.9920484849114,0.0463657383753948,0.615708219800975
"K16841",142.944762822711,-0.469213765110798,0.314888176542861,-1.49009648524206,0.136198868230445,0.807360367143472
"K16842",214.999632708688,0.0212060903261624,0.247516230918641,0.0856755544776088,0.931724335360462,0.997370795218308
"K16843",11.3474004033678,-0.275004062335265,1.23560461815718,-0.222566392431758,0.823872995317983,0.997370795218308
"K16844",13.3078487782813,0.0404176254744216,1.00685208468207,0.0401425652181909,0.967979466996378,0.997942587160163
"K16845",70.807920303683,0.586057694443355,0.380047497427003,1.54206434303892,0.123057958692115,0.78513579984865
"K16846",182.661844758843,0.269985071604924,0.291613095194474,0.925833153771346,0.354532694696216,0.948747233483306
"K16849",4.94131806004146,-2.04620400157404,2.00444417028853,-1.02083362156178,0.307333272211896,0.92608770786561
"K16850",25.0010500821611,-0.756604899484616,0.653221270271323,-1.15826739562591,0.246754932461284,0.8959963761706
"K16856",25.5034586521926,-0.637012191262496,0.605980856138012,-1.05120844133963,0.293162867062847,0.921603082140073
"K16862",28.8853142845456,-0.956098151176434,0.862996945088901,-1.1078812695889,0.267913095749862,0.908736816700217
"K16868",130.021275671562,-0.375978045709861,0.282012181943808,-1.33319788924854,0.182466871852472,0.848827148219077
"K16869",45.72876720069,-0.304783363603842,0.678887525803052,-0.44894529950792,0.653471116864254,0.992927693570313
"K16870",612.495223072665,-0.355523256304614,0.167471336383201,-2.12289018516649,0.0337630551043822,0.55341756161565
"K16871",215.615042318123,0.217477428743972,0.291130446764662,0.74701025317277,0.455057371748295,0.9731410869362
"K16872",57.9309626225978,-0.0210169788282696,0.640327693956314,-0.0328222237248784,0.973816355789295,0.998142329325159
"K16873",64.535853445674,-0.241893616098387,0.461394431196573,-0.52426644047494,0.600093235127686,0.992927693570313
"K16874",21.5425503163517,1.26052365305926,0.91069897017245,1.38412768032511,0.16631936257749,0.831694303422829
"K16876",13.5358920839012,-1.8521027883939,1.12051585048221,-1.65290190905988,0.0983508285581296,0.755548259580255
"K16877",17.8005597380163,-0.194312582106621,1.09607678320336,-0.177280082093089,0.859288395176996,0.997370795218308
"K16880",23.8266555929989,0.71183050175659,0.928100581297677,0.766975601675956,0.443096021897728,0.9731410869362
"K16881",469.13657563672,-0.10726708925715,0.164067965012944,-0.653796670475474,0.513242811868913,0.979746666549689
"K16898",272.128161103736,0.371221780250357,0.248742755340917,1.49239233014676,0.135596324539195,0.807360367143472
"K16899",413.16846439512,0.018884069782669,0.253778762034866,0.0744115450451861,0.940682922655033,0.997830326564115
"K16904",13.4072419488149,-1.19595333845089,1.32482637232191,-0.90272458598091,0.366672084472793,0.950146953911141
"K16922",676.098481706758,0.0107195545294049,0.212671120969921,0.050404373102077,0.959800151586552,0.997942587160163
"K16923",61.5139482931185,-0.308911714236312,0.444949184940241,-0.694262906173882,0.487517348921268,0.97616199004908
"K16924",29.2933335574037,-0.914970934906929,0.661961163071475,-1.38221241056122,0.166906490581137,0.831694303422829
"K16925",120.311209954481,-0.482483500769178,0.428803638626303,-1.12518518339733,0.260510570373435,0.903690153582261
"K16927",72.9259351531172,-0.422090615981506,0.443962655447342,-0.950734506162917,0.34173916694623,0.947770244518839
"K16928",6.40540217678954,-1.92113814495339,1.56424012496103,-1.22816063486497,0.219386672814965,0.884190298444701
"K16937",3973.1818810321,1.26811306290808,0.598609068912257,2.11843276148888,0.0341384337460489,0.55341756161565
"K16951",5.34683269800627,1.34401513048529,2.0694289256355,0.649461846133495,0.516039900048624,0.979746666549689
"K16957",2.40849004396481,3.19315436101568,2.53284404056227,1.26069916263255,0.207417255770772,0.876038042885158
"K16968",35.1973961736819,0.0800555895894597,0.548980442211667,0.145825941024313,0.884058796829679,0.997370795218308
"K17067",412.431369187954,0.118084408027588,0.356277556444305,0.331439367683123,0.740312632581765,0.997370795218308
"K17069",34.7018280468848,0.517151108079325,0.642927649932219,0.804369057908532,0.421183865570618,0.972723098477607
"K17103",1691.26403048801,0.341274049914338,0.133495667309712,2.55644289280623,0.0105748427295598,0.345131142402478
"K17104",7.01418886544848,-0.93453335594955,1.19455338237362,-0.782328667549877,0.434021443332007,0.9731410869362
"K17105",19.4615792738617,-0.567069865110957,0.695025543566265,-0.815897876502853,0.414558546766704,0.969222258645634
"K17108",49.2176836078546,-0.417048937343794,0.503991506581082,-0.827491995198334,0.407958257312426,0.967424176194844
"K17195",3.23026900540851,4.4225820833918,2.24926301007296,1.96623607981191,0.049271346574002,0.628002105104514
"K17202",223.08974746279,-0.383339745501809,0.341502027187186,-1.12251089300764,0.261645278646233,0.903690153582261
"K17203",65.7261359224779,0.252293384267904,0.389999256333706,0.646907347054087,0.517691910503131,0.980180447854674
"K17204",21.0094489464425,-2.21680661456272,0.665930854051536,-3.32888407418823,0.000871946892816207,0.0858147075766933
"K17208",42.5342137222386,0.310091326988094,0.833256354660362,0.372143968964374,0.709785660994641,0.997370795218308
"K17209",20.919124603906,0.530433066857119,0.82850443386976,0.640229605506857,0.522023338182275,0.981346520689153
"K17210",7.25453801848525,-1.76095911119566,1.40156323908483,-1.25642501321988,0.208961917501832,0.87912635638217
"K17213",76.1532169689165,0.650497058832465,0.351305609599409,1.85165576938615,0.0640752692080796,0.673390891931288
"K17214",75.6152721074292,-0.173929187184729,0.501480285195812,-0.346831555136439,0.728717869322852,0.997370795218308
"K17215",20.4156267231755,0.366471459975114,0.915792952434659,0.400168464936141,0.689032439749174,0.997370795218308
"K17216",144.307159017946,1.48378304275724,0.479582429551396,3.0939061803102,0.00197539943602942,0.144785916074936
"K17217",541.561198651069,0.982242040003988,0.321762479231207,3.05269291295516,0.00226797900509683,0.153409516773134
"K17218",323.410634388175,0.2779570223616,0.374078721408732,0.743044194855162,0.457454923966623,0.9731410869362
"K17222",106.203594992579,0.211079665715081,0.3859207860117,0.546950756129216,0.584412563967807,0.992186816903
"K17223",87.3637904147129,0.0407169424135095,0.377809125405701,0.107771198934876,0.91417718971586,0.997370795218308
"K17224",84.5854669825098,0.101119160463558,0.396030356592569,0.255331842067825,0.798466808370094,0.997370795218308
"K17225",212.737404237709,0.387219006112411,0.358012146178723,1.08158063977837,0.279438910959714,0.912317125798179
"K17226",259.382748015492,-0.277484004646728,0.235314340367194,-1.17920567107696,0.238316288438086,0.890239289508822
"K17227",167.708180664842,0.635049815281335,0.285484975865243,2.22445967027384,0.0261175330324669,0.533849506250663
"K17228",53.0240998393735,-0.395006347312189,0.482822002605762,-0.818120021830742,0.413288657302523,0.968959956833116
"K17229",103.751943940783,-0.344181930693057,0.334422402973775,-1.02918323543069,0.303393578627758,0.923868889060477
"K17230",274.957708804382,-0.302475912514166,0.311053167516049,-0.972425116032806,0.330839102025924,0.939535829523811
"K17231",24.6413883773487,-2.0167495912472,0.665600664861827,-3.02996931601001,0.00244578585204587,0.159215342042421
"K17234",65.0772181099358,0.0695063997595724,0.376432821443695,0.184644897575619,0.853507568210175,0.997370795218308
"K17235",79.3081229782389,-0.288234433302017,0.517511259385511,-0.556962632357534,0.577552960351385,0.992186816903
"K17236",19.820056657133,0.108081286755474,0.986232640975052,0.109590052351764,0.912734500210287,0.997370795218308
"K17237",71.1304130697099,-0.492731792315376,0.525568082495538,-0.937522290120345,0.348489963464164,0.947770244518839
"K17238",21.0451534874419,-0.350949102247747,0.808217315038614,-0.434226161352383,0.664124217232329,0.992927693570313
"K17239",3.16590285185815,-0.919042880065876,2.04357832071784,-0.449722367255807,0.652910641258905,0.992927693570313
"K17241",120.106728321722,-0.735706270197746,0.446069022735437,-1.64931038180182,0.0990840638394473,0.755548259580255
"K17242",19.524108122218,-0.071390448495192,0.64141826997483,-0.111300927705089,0.91137771977553,0.997370795218308
"K17243",27.653754846188,-0.14964945249527,0.72115376398514,-0.207513931104371,0.83560851401101,0.997370795218308
"K17244",44.8123352432888,-0.610016941072638,0.575190965456012,-1.06054680568395,0.288895908043749,0.921377165972116
"K17245",8.41138693992397,0.510012968395048,1.44368243336006,0.353272268616604,0.723884333360981,0.997370795218308
"K17246",3.03593724975858,-0.144323040791333,2.12087074399308,-0.0680489564015616,0.945746662999881,0.997942587160163
"K17247",115.911638011768,0.168422905338519,0.303418449050248,0.555084589832002,0.578836802733493,0.992186816903
"K17285",1917.36522196863,-0.277342481164494,0.112807156985756,-2.4585539479513,0.0139497816122487,0.401659817671911
"K17286",19.5588669919166,-0.883904406620788,0.9654874073682,-0.915500709667672,0.359928830079519,0.950060596598327
"K17290",24.1502008846236,0.353769079160905,0.810141731682493,0.436675541236718,0.662346669729392,0.992927693570313
"K17311",26.7283768144285,-0.649880316305077,0.84936408166708,-0.765137507380264,0.444189667377603,0.9731410869362
"K17312",13.2496804414698,0.56137308176981,1.06037219768683,0.529411354800163,0.596520123017381,0.992927693570313
"K17313",16.554712445594,-0.455650073248126,0.787718595369335,-0.578442702669075,0.562965270646112,0.988149645670342
"K17315",852.585617785964,-0.135773253374076,0.177251254641551,-0.765993186613239,0.443680356260146,0.9731410869362
"K17316",151.059639277555,-0.0995834575143219,0.33214063432825,-0.299823168928813,0.764312041631057,0.997370795218308
"K17317",152.914997912915,0.0219284869234627,0.29896124932379,0.073348927237433,0.94152845821761,0.997860244041637
"K17318",433.389054624232,0.0501359561090539,0.292051928335923,0.171667950952156,0.86369858315376,0.997370795218308
"K17319",451.887070581836,0.0275269798789097,0.310749308255457,0.0885825942250552,0.929413641493807,0.997370795218308
"K17320",217.701031593016,0.654764968864146,0.333951018522946,1.96066169152635,0.0499185006766503,0.62888761795979
"K17321",3324.83152759676,-0.307405470765872,0.22134025658038,-1.38883669656467,0.164882413614675,0.831694303422829
"K17322",137.173925071623,-0.296699105199867,0.328595418564908,-0.902931350947184,0.36656233039613,0.950146953911141
"K17323",212.938351242978,-0.0619252141750782,0.37649069338505,-0.164480066209087,0.869353237891746,0.997370795218308
"K17324",113.14723353041,0.185346726187833,0.347576290733924,0.533254802266473,0.593857210308725,0.992927693570313
"K17325",89.5502352761613,-0.225482482735262,0.390534197284696,-0.57736936817056,0.563689962371408,0.988149645670342
"K17326",43.1625086554365,-0.761922221584668,0.611906735913714,-1.2451607032025,0.213072684244369,0.883645858380624
"K17327",6.63171736412729,-0.584914109580189,1.57946364897652,-0.370324514881497,0.71114070997138,0.997370795218308
"K17328",2.78099449592653,-0.331273365481471,2.38699974430279,-0.138782321310315,0.889622164333675,0.997370795218308
"K17329",626.121970837214,-0.201852920752887,0.163752881031167,-1.23266790472204,0.21769969093633,0.883664559728345
"K17330",88.0984995732297,-0.5782466479394,0.362495512872745,-1.59518291235344,0.110671338758175,0.759768797625471
"K17331",80.7460322268354,-0.640326772527578,0.539446448313977,-1.18700711540302,0.235224813884894,0.888188252939584
"K17362",1.32222761450468,1.57282926015599,3.00090699437957,0.524117962703195,0.600196495653998,NA
"K17382",22.8554314888156,-0.608727918334816,1.12347888737531,-0.541824083367458,0.587939698907941,0.99260501002599
"K17462",1.5984330208496,-2.22141272374001,3.15329117340372,-0.70447434175328,0.481137423427882,0.974469580961331
"K17468",106.6479952499,0.505147859924888,0.413191921233776,1.22255018543571,0.221499637854309,0.88506594528464
"K17472",119.02308716338,0.195059667915841,0.345856474849096,0.563990215886372,0.572760790836655,0.991119438405294
"K17488",685.235597690034,-0.324279941243189,0.221929216239452,-1.46118634913442,0.14396430822927,0.811102767624742
"K17509",32.2004024353707,-0.622378220510528,0.683704062959901,-0.910303527839399,0.362662458567573,0.950060596598327
"K17609",25.1135539565986,-1.32906474924786,0.785011063673656,-1.69305225206403,0.0904455217166353,0.748174350222278
"K17640",16.4670987333903,0.738082388702166,1.26261345546815,0.584567181274413,0.55883878033807,0.988149645670342
"K17641",152.478662578649,-0.119695127925796,0.375204710690509,-0.319012860221065,0.749716760854039,0.997370795218308
"K17662",21.8929382723879,-1.20157488026467,0.849949378766551,-1.41370169833925,0.1574495064945,0.822831670502234
"K17675",412.935023337174,0.372996146947098,0.221114822173201,1.68688893526517,0.0916247100577076,0.749263962924255
"K17686",1085.33283045377,0.213730333617361,0.206997548708241,1.03252591613348,0.301825813391381,0.923868889060477
"K17713",1008.59376223555,-0.19850517734468,0.18853976521636,-1.05285575760044,0.292407105733539,0.921603082140073
"K17722",249.57741959205,0.847056599296847,0.383243657278897,2.21022992346725,0.0270892092260441,0.53510136360559
"K17723",398.125790409666,0.411016563238418,0.228522796361594,1.79858014072286,0.0720851211183787,0.692965955662873
"K17724",97.679327761598,-0.51033121865491,0.368116937581116,-1.38632908881693,0.165646438405117,0.831694303422829
"K17725",121.282053344048,0.101127709654051,0.280594299894448,0.360405431229689,0.718543965624276,0.997370795218308
"K17733",87.875060406717,-0.372070920882767,0.491729501210075,-0.756657715201458,0.449254954080093,0.9731410869362
"K17734",847.582654469837,-0.190075768969046,0.150390187100229,-1.26388411793363,0.206271623071334,0.873663897152915
"K17735",64.4046423873638,0.636803235194354,0.443041429584265,1.43734466501679,0.15062008346975,0.815874091147702
"K17737",44.6825869029709,-0.160196585026997,0.518920258214326,-0.30871137229881,0.757541092268297,0.997370795218308
"K17749",8.2475749528507,0.982766706772557,1.90045646128002,0.517121400461145,0.605071415459945,0.992927693570313
"K17752",246.942678061961,-0.228996487005602,0.237823291497438,-0.962885029316269,0.33560522323965,0.943225460941997
"K17755",5.59513594030345,0.642978342060695,1.70663559234842,0.376751982053723,0.70635792834522,0.997370795218308
"K17756",46.6734500528279,-1.0671523160582,0.48714053724268,-2.19064568532626,0.0284774424039213,0.53510136360559
"K17758",26.1172446963271,-1.22966603675945,0.70196525293812,-1.75174772770106,0.0798171960833037,0.713098553777597
"K17760",102.240527663851,-0.295816727179453,0.478000562817293,-0.618862717307142,0.536006801258917,0.984070334914601
"K17762",287.096562427855,-0.136122022954802,0.278740152551481,-0.48834737912279,0.625303807345355,0.992927693570313
"K17763",761.984491937806,-0.0303053023145719,0.161978920650609,-0.187094111955104,0.851586844626877,0.997370795218308
"K17810",3819.92470662214,0.553380115800782,0.601823214172815,0.919506098749254,0.357830917127861,0.950060596598327
"K17811",2.5320729053104,-2.56761453470186,2.51351453571505,-1.02152364675759,0.307006411586058,0.92608770786561
"K17818",34.6442594591872,-0.915416555606756,0.641373603860698,-1.42727507040589,0.153500623422157,0.818624428918344
"K17828",336.57486355259,-0.14360311281048,0.239218960381485,-0.600299878326848,0.54830639980884,0.988149645670342
"K17829",696.688427065257,0.11239049510382,0.176826660780946,0.635596999951549,0.525039125382999,0.982800269557903
"K17830",130.946243987315,-0.19085912325639,0.46530004747834,-0.410185050035428,0.681670206775589,0.997370795218308
"K17836",457.441321635533,-0.0522054075792522,0.233255158306505,-0.223812446242464,0.822903244923984,0.997370795218308
"K17837",204.970419317173,-0.101195410034242,0.290777658284804,-0.348016455704191,0.727827825218345,0.997370795218308
"K17838",9.02765733153521,-0.490619665370236,0.973512043260737,-0.503968768302985,0.614283324237127,0.992927693570313
"K17839",0.518342329571808,-0.0925453211710939,3.51134824551464,-0.0263560645940801,0.978973337339366,NA
"K17840",22.8823352100469,-0.411453927882093,0.748875927772744,-0.549428700567011,0.582711282383742,0.992186816903
"K17865",43.1605413547526,0.498786021427267,0.529950164865317,0.941194199937705,0.3466053484982,0.947770244518839
"K17876",10.685920253624,-0.390031167263318,1.59143075219426,-0.245082085240307,0.806392873903054,0.997370795218308
"K17879",104.465875279534,0.843492942142935,0.322789410607101,2.61313696925961,0.0089715339369199,0.310581021665973
"K17880",19.3485104063718,0.884991092593217,1.01866868697168,0.868772255309167,0.384971711297834,0.963622578411872
"K17883",54.9787272910649,-0.372209041780555,0.532623686937696,-0.698821796530605,0.484663405116129,0.975222054896389
"K17884",382.777925525282,-0.0565484646152848,0.180375085614827,-0.313504852527351,0.753897134599266,0.997370795218308
"K17892",7.88988921350871,1.78727886085538,1.60106811544392,1.1163040745208,0.264291998123277,0.906035934035666
"K17893",44.5352613128129,1.24118353166053,0.693494580836425,1.78975231524309,0.0734937380806307,0.69865713867444
"K17938",43.9275505267927,0.517767606418309,0.576883172414168,0.897525931033022,0.369438342796531,0.951124474362394
"K17947",326.549369517995,-0.157073113503647,0.269360305033068,-0.583133856654805,0.559803193515752,0.988149645670342
"K17950",9.26485621213525,2.91737919328184,1.31640488376364,2.21617165756858,0.0266797481615651,0.53510136360559
"K17987",169.211454506665,0.0564123819116943,0.384845474661658,0.146584501120326,0.883459987839384,0.997370795218308
"K18007",6.74521739159907,5.50649932355049,1.62005960866403,3.39894859059624,0.000676454301423072,0.0780292609464684
"K18009",294.780058176824,0.468892447533951,0.3284791925898,1.42746468607982,0.153445997118482,0.818624428918344
"K18011",70.3674510882579,0.72294985273274,0.406086033214439,1.78028741104469,0.0750289363141833,0.702795699006143
"K18012",40.7332004388566,0.538710310509694,0.70906301017675,0.759749560727203,0.447404297896833,0.9731410869362
"K18013",970.052501635664,-0.303382557776683,0.157162260839067,-1.93037791742729,0.0535600290261295,0.647606672133739
"K18014",38.9379624964339,-0.0206301551750825,0.60659570726662,-0.0340097282719721,0.972869393150753,0.998142329325159
"K18028",54.8823278972018,0.293918364481744,0.432472980583079,0.679622491295226,0.496743524741762,0.978899117871614
"K18029",163.877709712744,-0.10055917394413,0.314137132097394,-0.320112344799002,0.748883167867809,0.997370795218308
"K18030",788.475633493171,-0.065086380175515,0.201138239248856,-0.323590285062541,0.746248243967169,0.997370795218308
"K18058",49.6222365844268,-0.495004753502406,0.803709852953436,-0.61589981967172,0.537960640592821,0.984070334914601
"K18067",11.4377886785595,-1.62388475020982,1.15835295981669,-1.40189113900724,0.16094775692266,0.828697110513083
"K18068",879.595717329629,0.157333859056684,0.15782707028382,0.99687498965641,0.318825192904002,0.92871793789011
"K18069",1.76443899923995,0.355340781072798,3.06916480498766,0.115777680134784,0.907828740210241,0.997370795218308
"K18071",1.98666455592787,-0.755639440529638,2.61280725037628,-0.289205964359145,0.772423767888331,0.997370795218308
"K18074",4.9564072205187,-0.372047779528447,1.72048759686242,-0.216245545859753,0.828796352853067,0.997370795218308
"K18077",4.41409027442361,-0.271224735419655,1.86406978681551,-0.145501384839783,0.884315022442057,0.997370795218308
"K18096",10.3520923763636,0.24637183678049,1.33428322592629,0.184647331236179,0.853505659251149,0.997370795218308
"K18098",12.3892696953683,1.60865434069147,1.02416097932378,1.57070457981481,0.11625128490862,0.771872444919873
"K18101",10.190889504597,1.0556540299666,1.17504400151558,0.898395318477446,0.368974831444703,0.951124474362394
"K18104",39.2554666313167,1.34912777399003,0.763911901224159,1.76607770061976,0.0773828140341604,0.711713759049777
"K18115",221.756140634485,1.22900197372,0.337457055185073,3.64195074554294,0.000270579851487236,0.0437973710961367
"K18118",362.339270145887,0.613753429718974,0.357602367850992,1.71630135842589,0.0861068998291704,0.735734682968489
"K18119",29.4946101789353,-0.587292080094319,0.926020560990085,-0.634210626453474,0.525943373506943,0.982800269557903
"K18122",85.744630870772,0.512768121914714,0.409006918038872,1.25369058394748,0.209954491736295,0.880544433479463
"K18123",57.8772929740558,0.25821759048756,0.629788502254083,0.410006834934855,0.681800933694133,0.997370795218308
"K18138",656.620996360671,-0.0526622162729793,0.179519531475736,-0.293350900818819,0.769253950789581,0.997370795218308
"K18139",98.2938652593564,0.275117171846535,0.420691992593994,0.653963414302605,0.513135376681584,0.979746666549689
"K18148",6.31550279894884,-0.385564257390615,1.29074393107824,-0.298714755194338,0.765157697793057,0.997370795218308
"K18151",3.17086308790701,-1.92520834998557,2.3497436674252,-0.8193269660325,0.412599891338296,0.968959956833116
"K18162",20.6646477565969,-0.306070967381995,1.08447293297604,-0.282230158148868,0.777767035011835,0.997370795218308
"K18163",1.19459703408665,0.967116019436115,3.3708933227237,0.286901995063635,0.774187362841898,NA
"K18164",95.1034062319912,0.106477481685789,0.429473217725359,0.247925778118904,0.804191834392449,0.997370795218308
"K18166",35.7206322639741,-0.0512170806051553,0.530446143619534,-0.0965547232668564,0.923080014019453,0.997370795218308
"K18173",6.8002522982411,-0.5247007026046,1.59146003621642,-0.329697693102013,0.741628397010661,0.997370795218308
"K18189",2759.47073133838,-0.111095067867647,0.137021975111917,-0.810782852727864,0.417490383363478,0.971647167921825
"K18195",42.135280896869,0.366469963966684,0.757250722251613,0.483947988688634,0.628422781776624,0.992927693570313
"K18197",364.781581721053,-0.230910280771491,0.627611543729468,-0.367919110281733,0.712933550240832,0.997370795218308
"K18199",192.574408787775,-0.579963456704071,0.263469265859699,-2.20125658608283,0.0277178644099126,0.53510136360559
"K18201",61.7572872479285,0.0192401677698526,0.477789218655471,0.0402691543019654,0.967878545124575,0.997942587160163
"K18208",33.7624168634853,-0.121167105556399,0.549902609436772,-0.220342845218543,0.825604154344708,0.997370795218308
"K18214",6.67907028016074,1.27485485791481,1.74820101766984,0.729238139681469,0.465856004871489,0.9731410869362
"K18220",128.168104066275,-0.022431685571311,0.356613927947486,-0.0629018773899775,0.94984463986617,0.997942587160163
"K18223",14669.5487166208,-0.0603936546453559,0.172955086853484,-0.349186923287879,0.72694898278897,0.997370795218308
"K18224",5963.16610392413,-0.0296425493163079,0.164597597939953,-0.180091020083549,0.857081112286874,0.997370795218308
"K18225",5305.94839996573,-0.103565994431196,0.174887039229068,-0.592187933924278,0.553724748370354,0.988149645670342
"K18226",2170.91401528231,-0.227339620796713,0.170733731914896,-1.33154484615865,0.183009799013971,0.848827148219077
"K18230",20.4360373576917,0.101088926376016,0.741006295305314,0.136421143810073,0.891488359590966,0.997370795218308
"K18231",126.524128345617,1.32391297275969,0.449938506253311,2.9424309196918,0.00325646431781836,0.184708259080401
"K18232",18.3532058372244,-0.122453652461005,0.744181203327216,-0.164548166378723,0.869299632165031,0.997370795218308
"K18233",28.2397895147223,-1.27322907490438,0.785272186587779,-1.62138567575774,0.1049349508575,0.759017135201614
"K18234",2.33234797997091,-1.16089578017167,2.44556205571267,-0.474694877384073,0.63500446968598,0.992927693570313
"K18235",1030.25955552571,0.00397436288736542,0.188704881584758,0.0210612616588847,0.983196786752963,0.998573809130236
"K18236",1.77432481534342,4.32447193428476,3.31568225401015,1.30424799573437,0.192149040200173,0.851198976763293
"K18240",11.8375914850033,0.579235794528336,1.11773984560182,0.518220583087885,0.604304375346905,0.992927693570313
"K18242",51.9484059378163,0.557097157215074,0.578734512884539,0.962612639841334,0.335741951974196,0.943225460941997
"K18243",10.5463630256832,1.48764892699054,1.09742061388872,1.35558682620244,0.175230665714859,0.840905047837601
"K18244",128.414913304077,1.5180223443934,0.498408219984046,3.04574098806393,0.00232107689630597,0.153817865623783
"K18252",9.37856821809272,0.11889657963323,1.09240198419852,0.108839585933619,0.913329725272536,0.997370795218308
"K18256",0.965254714063789,3.44691370565128,3.42349999470386,1.00683911522817,0.314012094258129,NA
"K18258",32.1633842461294,-1.04168132315509,0.674509457522018,-1.54435391755954,0.122502617314411,0.783833520401716
"K18277",40.929200376194,0.107705069765749,0.941870233593562,0.114352344860519,0.908958489399306,0.997370795218308
"K18285",881.433609156226,-0.129412561428064,0.186567620583553,-0.693649632360013,0.487901959947474,0.97616199004908
"K18286",72.8768283002974,0.354512787222508,0.407115572892188,0.870791516777449,0.383867998048555,0.963622578411872
"K18289",84.0041537965669,-0.203812298939593,0.387242128260704,-0.526317474431345,0.59866764374199,0.992927693570313
"K18290",784.866005081213,-0.0539404339730063,0.169587508926648,-0.318068437436257,0.750433024609467,0.997370795218308
"K18292",2.34686291298368,-0.96363325495206,2.49100668539876,-0.386844909168841,0.698871027886265,0.997370795218308
"K18294",15.8334085920882,0.147492098993884,0.75245605117091,0.196014237329037,0.844599022383029,0.997370795218308
"K18298",16.8912925001436,-0.51825896730683,1.02672714715303,-0.504767959767977,0.613721822172009,0.992927693570313
"K18300",2.35862879519544,-3.12439678777017,2.79222021033107,-1.11896503585572,0.263155055576467,0.903690153582261
"K18301",88.9185105046225,-0.171725330608145,0.349868208503674,-0.490828621847594,0.623547664602431,0.992927693570313
"K18302",15.0627820778501,-0.127309824789858,0.772235108441549,-0.164858892581021,0.869055048567398,0.997370795218308
"K18303",36.6593056578932,0.301154119468715,0.723194407058789,0.416422080327612,0.677101173985216,0.997370795218308
"K18304",3.56358982056064,-1.68420118901499,2.21845274471032,-0.759178302549288,0.447745903603612,0.9731410869362
"K18306",68.620125948779,-0.331633634923964,0.429669204513937,-0.771834777638124,0.440212290898901,0.9731410869362
"K18313",9.80605097022323,2.58594499839668,1.4309926594899,1.80709871657795,0.0707468887406628,0.688718930590573
"K18320",159.825404619149,0.160229585597833,0.367598840970442,0.435881639819197,0.66292260680792,0.992927693570313
"K18326",1.60826690859843,-0.267671487334902,3.17462518926897,-0.0843159338115564,0.932805244163356,0.997370795218308
"K18328",1.63166371905664,4.20421797936192,3.40717377293727,1.23393118741271,0.217228546965013,0.883664559728345
"K18333",3.84256202938178,2.0053423378094,1.74628510759969,1.14834761464913,0.250825090147507,0.897595428587345
"K18334",282.655621911386,-0.516795095698558,0.263777510834042,-1.95920832698927,0.0500883943507798,0.62888761795979
"K18335",146.57241256632,-0.400702602007058,0.312744039748908,-1.28124776519728,0.200106653667449,0.861668056315391
"K18336",824.43986695096,0.00217817631304582,0.164502147797293,0.0132410205107465,0.989435502868852,0.998573809130236
"K18337",2.25114882362739,4.66207341392394,2.6683193015093,1.74719472714037,0.0806035660662677,0.716223675327711
"K18346",1429.81983632879,-0.0885073690947479,0.144120570026766,-0.614120309670648,0.539135828342279,0.984415998762777
"K18347",14.9300981473509,-0.452034008223907,1.28121920223687,-0.352815511533628,0.724226754146591,0.997370795218308
"K18349",17.5467426456896,1.36292220797618,1.23687809078661,1.10190504474811,0.270502955186374,0.909608702338379
"K18351",257.294374351448,-0.51202061424398,0.258260187567292,-1.98257663740978,0.0474147391238172,0.622734369764345
"K18352",116.813150548059,0.202829995773589,0.440280666308031,0.460683403326378,0.64502576399683,0.992927693570313
"K18353",49.7564913339415,0.230892375418895,0.472481527355847,0.488680217216195,0.625068111556298,0.992927693570313
"K18362",13.3688765899871,0.437322520081022,2.94499738005938,0.148496743339108,0.881950755901858,0.997370795218308
"K18365",3.21443367974131,-2.48617970008241,2.2980205162399,-1.08187880939827,0.279306381949257,0.912317125798179
"K18366",6.83725199675026,0.422034308758441,1.35056938151203,0.312486211027493,0.754671040787627,0.997370795218308
"K18367",65.7423673580115,-0.406832003701725,0.422800063430116,-0.962232598550614,0.335932777570881,0.943226162621663
"K18369",994.850198942723,0.318973614191087,0.293853882132679,1.08548375089041,0.27770745663614,0.912317125798179
"K18371",259.899228136483,-0.720146042182401,0.296659600915928,-2.42751638564526,0.0152026000962016,0.415745990758683
"K18372",546.331213714601,-0.155142319481045,0.203020879469336,-0.764169280945698,0.444766370263323,0.9731410869362
"K18382",2397.82159889724,-0.0732070481226317,0.162138949490988,-0.451508094461294,0.651623392457745,0.992927693570313
"K18383",114.424962403845,-0.576758447844358,0.4446792537107,-1.29702126427419,0.194623870395697,0.853524006689633
"K18430",1.78794662222442,2.12903215753065,3.00771074737205,0.707858014402103,0.479033435042197,0.974469580961331
"K18431",44.2524590206621,-0.552789380186335,0.59027054144822,-0.936501724836335,0.349014924920691,0.947770244518839
"K18446",296.931029048077,-0.395312678349487,0.238357946573019,-1.65848331902954,0.0972199516929367,0.755548259580255
"K18453",58.5312945219564,0.167201355321575,0.511100908259267,0.327139616892949,0.743562288894873,0.997370795218308
"K18455",614.617372276974,-0.108270869339962,0.184852050455915,-0.585716355717589,0.558066141085608,0.988149645670342
"K18456",174.707971446084,-0.550858517011603,0.288272142790044,-1.91089750011956,0.0560177544017543,0.659116564070936
"K18457",60.1263854406976,0.242575851703891,0.396191367013097,0.612269402871345,0.540359529831745,0.984845345729267
"K18459",33.9230736449642,-0.138298648867624,0.75026814724185,-0.184332294228457,0.853752780849034,0.997370795218308
"K18472",180.260637035271,0.0944497021584715,0.283972562261303,0.332601507013067,0.73943510564908,0.997370795218308
"K18475",1.65799103235229,1.00749519799333,2.76680035714589,0.364137295049585,0.715755488354421,0.997370795218308
"K18476",411.224933987914,-0.148850621822781,0.212948790022737,-0.698997265055545,0.484553740028625,0.975222054896389
"K18478",71.4110725750043,-0.303444588210327,0.546646661585347,-0.555101877564381,0.578824978613207,0.992186816903
"K18479",61.1128404809737,-0.30629819244165,0.484331648110835,-0.632414160083044,0.527116283554566,0.983668472177992
"K18480",65.5875399274814,0.087599275998962,0.51674509777577,0.169521252114468,0.865386657500921,0.997370795218308
"K18481",56.5817382149971,-1.02754276592492,0.551970995857886,-1.8615883327853,0.0626611390997174,0.671608547723031
"K18482",1.60382800411233,2.33089481399228,2.79702844700175,0.833346838674759,0.404649147337876,0.967424176194844
"K18532",9.47769672694133,0.773859784574522,1.18310604626469,0.654091648857478,0.513052761481177,0.979746666549689
"K18537",2.92397011365446,1.70513162065353,2.10357340561001,0.810588124049356,0.41760223914356,0.971647167921825
"K18545",329.450378885622,-0.474234231338637,0.408682756825503,-1.16039696664061,0.245887221212927,0.895753386766558
"K18546",76.20166339162,-1.82865575616098,0.581045513483184,-3.14718161267397,0.00164852533334016,0.132010234746653
"K18547",67.3992830901317,-0.418932404662963,0.422622843305925,-0.991267772905757,0.321554844962221,0.931476967602338
"K18553",0.517965043122268,-2.49661133436148,3.45399228085586,-0.722819025450415,0.469791077040822,NA
"K18554",9.70368558421008,-0.294308349756489,1.61320007458981,-0.182437599893692,0.855239320456694,0.997370795218308
"K18555",92.8903669401524,0.31647130896237,0.368237177860124,0.859422480916859,0.390107471150565,0.96389527995257
"K18575",2.34921967399911,1.19079485231328,2.47389916238903,0.481343326525618,0.6302725086534,0.992927693570313
"K18576",166.237295501776,-0.633331752634673,0.397261110406213,-1.59424553787072,0.110881050690411,0.759768797625471
"K18578",69.1185070714136,-0.423195253878643,0.600579647114006,-0.704644681038134,0.481031385288429,0.974469580961331
"K18581",121.102024716619,-0.0630849955670071,0.334607907660806,-0.18853408458881,0.850457998927916,0.997370795218308
"K18586",28.3939600625833,1.72062770772292,0.693332886040751,2.48167617945904,0.0130766049415548,0.387065789612092
"K18587",54.8404495572351,-0.05235020792338,0.72151414383889,-0.0725560383956513,0.942159410745414,0.997895010384199
"K18588",135.833995982057,0.153447968606931,0.410420241928523,0.373880118304825,0.708493508814343,0.997370795218308
"K18594",102.883407883593,-0.213990443212475,0.492034509628702,-0.434909420020063,0.663628176740617,0.992927693570313
"K18602",64.8654493976755,-0.436227896866806,0.613093556117854,-0.711519298341722,0.476762496354773,0.974469580961331
"K18603",21.142035548206,0.653086484537393,0.706185499029175,0.924808687568947,0.355065430815461,0.948900876909325
"K18605",18.1700066436891,0.612468469079089,0.936264087804138,0.654162086378362,0.513007385008123,0.979746666549689
"K18608",14.8419791563212,1.20651546877052,1.05741856180989,1.14100084143164,0.253869572841763,0.898584748911732
"K18611",6.3370382998743,-1.73014419469886,1.6644713914654,-1.03945565154812,0.298592873279265,0.921603082140073
"K18622",523.603705886948,-0.138499066321053,0.240065437816801,-0.576922140815392,0.563992053016206,0.988149645670342
"K18640",1059.14532498354,0.970911555704281,0.280710372259135,3.45876622901555,0.000542655674670165,0.0678619920164826
"K18649",53.9563056048851,-0.08410140729522,0.592758378755899,-0.141881431472525,0.887173661466576,0.997370795218308
"K18650",26.0611715638654,0.150925495156754,0.88119895230998,0.171272894459437,0.864009192612175,0.997370795218308
"K18660",10.1769360959784,-0.105616654778553,1.25796045917764,-0.0839586443341766,0.933089312665721,0.997370795218308
"K18661",170.402401448429,-0.631800778825586,0.353515483992337,-1.78719407617032,0.0739061264294521,0.699247695396506
"K18672",409.675311857962,0.402982202816549,0.251368620969144,1.6031523794134,0.10890101612062,0.759768797625471
"K18675",5.83404365640639,-0.704745682751313,1.77176031942907,-0.397765812352322,0.690802820127545,0.997370795218308
"K18676",39.1176951150135,0.445860068504438,0.4895418550397,0.910770067797942,0.362416536745647,0.950060596598327
"K18677",3.60026815459258,0.494403678480254,2.20935430738579,0.223777452456349,0.822930475407514,0.997370795218308
"K18678",19.4519660734065,-0.0546423095999003,0.755002365784904,-0.0723736932176284,0.942304519652081,0.997895010384199
"K18682",3942.51876572886,0.104051027662373,0.12598845241154,0.825877496474768,0.408873587241095,0.967761712263251
"K18687",35.5549722704617,0.949685100994602,0.736252877808459,1.28988983217485,0.19708891158157,0.858098093136902
"K18688",195.084794826045,-0.155453241559101,0.324202315231204,-0.479494544782139,0.631586848163916,0.992927693570313
"K18691",60.3875420017832,-0.240297114028329,0.509450701747879,-0.471678836055955,0.637156045704605,0.992927693570313
"K18692",45.5878972579752,1.40263781284484,0.65627346976149,2.13727642129828,0.0325755154657741,0.551495800429007
"K18697",71.2885227845382,-0.4798841033398,0.445951594858089,-1.07609011577256,0.281886955760184,0.913930207303918
"K18700",103.830940936057,-0.126660097112556,0.38249227332358,-0.331144198056529,0.740535567909204,0.997370795218308
"K18702",69.1840847140907,0.299471278091301,0.467413453369318,0.640698884323038,0.521718339181628,0.981346520689153
"K18704",5.51396926778701,-1.65602754843313,1.84451788444987,-0.897810513193828,0.369286578819665,0.951124474362394
"K18707",309.156213169637,0.566435979308117,0.249046538061088,2.27441820198753,0.0229408540772964,0.496020988040427
"K18778",250.435738204202,0.3229703671031,0.325557947201481,0.992051860135426,0.321172228023927,0.931476967602338
"K18779",59.8028553770689,-0.330146301740151,0.394387785099006,-0.837110869590629,0.402530251154834,0.967424176194844
"K18785",26.7578040690171,0.668789499065477,0.593394739324325,1.12705667028158,0.259718521550746,0.902235629679475
"K18800",8.07131344033616,-1.0467256860096,1.94884781878335,-0.537099755004502,0.591198710029229,0.992927693570313
"K18802",1517.30578628516,-0.292146309131447,0.160753245182911,-1.81735870276853,0.0691622068113459,0.686388393300867
"K18814",10.5137793065391,-0.273686687160476,1.22895249939952,-0.222699158262181,0.823769656521849,0.997370795218308
"K18815",5.15333651710039,1.28592904519858,1.56793736213151,0.820140572101967,0.412135975470235,0.968959956833116
"K18816",13.2277230929378,-0.84256535835736,0.931392548634731,-0.904629696246146,0.365661597545551,0.950060596598327
"K18817",9.50977190110107,-0.695389925663439,1.20469791790618,-0.577231781783155,0.563782890154142,0.988149645670342
"K18819",1.04419817687177,0.429224705956001,3.37950341009255,0.127008218034095,0.898933894177204,NA
"K18820",4.97450826975526,-0.880372912130467,1.64909896390654,-0.533850867291163,0.593444717370589,0.992927693570313
"K18828",29.5074007991111,-0.608944153089246,0.678635484543333,-0.897306679297821,0.36955529334468,0.951124474362394
"K18829",41.7013484628849,0.00343135452958919,0.576263661538518,0.00595448708396449,0.995249034763192,0.998573809130236
"K18831",25.2472848144155,0.393602539067239,0.589486595754596,0.667703967998445,0.504322576626132,0.979329538491088
"K18833",36.7852868244459,-0.200931670875625,0.740021887426152,-0.271521254019229,0.785990155134926,0.997370795218308
"K18843",101.351682724193,-0.41007541777546,0.399198563032962,-1.02724672819426,0.30430429987748,0.923868889060477
"K18844",7.83643863644241,0.776548156189123,1.09308841643769,0.71041659989395,0.477445832227107,0.974469580961331
"K18846",9.02519827718673,0.595132517661712,0.972446490244927,0.611995131487202,0.540540978674963,0.984845345729267
"K18850",122.990427884015,-0.515649269520345,0.302232635797317,-1.70613364820783,0.0879831990096307,0.738334078600831
"K18851",143.789950145632,0.148051668907942,0.334129353358773,0.443096864791075,0.657695672830366,0.992927693570313
"K18853",32.0702313681529,-0.316642896348042,0.945592040073837,-0.334862057767869,0.73772914482146,0.997370795218308
"K18882",27.5271521089598,0.793895047465341,0.612487754547711,1.29618109353319,0.194913101631799,0.853524006689633
"K18887",355.654222445745,-0.160771324862502,0.27209113513555,-0.590873071930141,0.554605469840714,0.988149645670342
"K18888",569.813561394908,0.316128314711963,0.203206051285469,1.55570325151321,0.119778673047105,0.778883207834244
"K18889",647.030584385971,0.163575633342372,0.155795305760031,1.04993942240034,0.293745965054133,0.921603082140073
"K18890",689.436137349574,0.414455766046928,0.170516974607921,2.43058362371201,0.0150745269713419,0.415648344549854
"K18893",81.3510632100386,0.535965022036925,0.331494897649895,1.61681228229033,0.105918807374052,0.759017135201614
"K18896",3.81199906650595,0.561894438215314,1.72129451615393,0.326437127953451,0.744093650599363,0.997370795218308
"K18897",71.767174317091,-0.374933169454305,0.55733379707116,-0.672726418933525,0.501121356859372,0.979189496323257
"K18900",27.001071800568,0.375821757391286,0.681001129567099,0.551866569781155,0.581039773986513,0.992186816903
"K18901",34.3885096252596,0.30083398940017,0.652670105288839,0.460928096694479,0.644850192992583,0.992927693570313
"K18903",58.2584208953856,0.400275491583057,0.795810980629303,0.502978095711285,0.614979672537316,0.992927693570313
"K18904",3.14848443391671,-0.463068104650183,2.07574662441336,-0.223085081388994,0.823469289122695,0.997370795218308
"K18905",14.6182784666748,1.41263519201961,1.03796173382944,1.36097039609336,0.173523045049934,0.837701380587708
"K18907",10.9603509770246,0.584718318292213,1.11450165455248,0.524645536328973,0.59982962514111,0.992927693570313
"K18909",15.9270952732482,1.53249701073279,1.35107555542352,1.13427928185141,0.256677416912607,0.899605882022776
"K18910",445.968065439049,-0.201471348151068,0.217302887322014,-0.927145288467865,0.353851104816184,0.947770244518839
"K18911",509.168894628551,-0.0222548351287633,0.207285990533114,-0.107362948511506,0.914501047367254,0.997370795218308
"K18912",367.610784927488,0.146341331216888,0.274317200364713,0.533474864216762,0.593704906278467,0.992927693570313
"K18913",6.12651649224746,0.94550173617948,1.79571506138597,0.526532163432278,0.598518510883762,0.992927693570313
"K18914",23.1609108557033,-0.457900096390477,0.669052562702863,-0.684400780920164,0.49372212303188,0.978458568774961
"K18917",377.477084116915,0.326350458099099,0.331981764287064,0.98303730266613,0.325589079827107,0.933687465629213
"K18918",5.71281901340982,-0.32696878268958,1.37040521169183,-0.238592775260918,0.811421367866767,0.997370795218308
"K18924",21.3023468615071,1.74130891098699,0.956430061621113,1.82063381407684,0.0686625391900881,0.685366578682396
"K18926",500.943629424969,0.417925837015476,0.196323138211759,2.12876505959624,0.0332737030719137,0.552011655672275
"K18928",361.439238695174,-0.220528521352639,0.177187867272012,-1.24460283171698,0.213277778974411,0.883645858380624
"K18929",611.920917787969,0.0890773137101167,0.191560427788645,0.465008951683898,0.64192504610415,0.992927693570313
"K18930",119.143800247242,-0.00798865935437084,0.37191227910125,-0.0214799559016334,0.982862792647908,0.998573809130236
"K18933",16.6841246399179,-0.0314122596427489,0.933842028950865,-0.0336376589068703,0.973166091784568,0.998142329325159
"K18939",13.1134798561578,2.27858451229037,1.21534303996384,1.87484885942834,0.0608135192710443,0.670740638884502
"K18940",6.16777514213565,2.27168760952726,1.46996995578766,1.54539730596739,0.122250191560161,0.783054970324923
"K18941",28.8612507727174,0.843377623410243,0.903455810919227,0.93350179745055,0.350560942834288,0.947770244518839
"K18954",103.392102510341,-0.216002678851198,0.339948288189175,-0.635398636662632,0.525168457034869,0.982800269557903
"K18955",1854.2220214243,-0.23396824529106,0.178763879010536,-1.30881163793314,0.190598163766404,0.849632213082797
"K18958",913.546554953327,-0.261299725267469,0.16591575577476,-1.57489398187233,0.115280918023713,0.770555154066984
"K18968",6.17535599282247,-0.560596868715612,1.61478968081519,-0.347164014840996,0.728468103548686,0.997370795218308
"K18979",340.987777348118,0.0785063057118143,0.203676242987719,0.385446552627878,0.69990659784823,0.997370795218308
"K18981",210.728927315693,0.336454267924349,0.230601540347539,1.45902870994391,0.144557205889035,0.8117804818809
"K18982",42.5924543035248,-0.743917717620394,0.583961753537266,-1.27391513761684,0.202693493017251,0.864672698897356
"K18983",85.8479871201235,-0.0199287141026115,0.376140613895386,-0.0529820853329979,0.957746181496457,0.997942587160163
"K18988",43.5793840733728,0.0911630805301696,0.539963349921807,0.168831978213653,0.865928804396853,0.997370795218308
"K18989",81.2153007373588,-0.0417747666206595,0.36189046906458,-0.115434835099801,0.908100469086615,0.997370795218308
"K18990",36.415781792266,-0.223640691815967,0.747674035206045,-0.299115231083739,0.764852125277221,0.997370795218308
"K18991",40.0950932280979,0.567609320317336,0.577676369093564,0.98257320306866,0.325817538365681,0.933687465629213
"K18996",34.314660211234,0.178042321745648,0.577535737975033,0.308279315094687,0.757869804255394,0.997370795218308
"K18997",22.2796094708759,-0.729437049550182,1.0618814408247,-0.686928899504705,0.492127534461555,0.977865853750901
"K19000",1.47537023479904,-1.04574974804956,3.21296957051349,-0.325477638396192,0.744819604080435,0.997370795218308
"K19002",28.47658243098,0.121072977897628,1.06754564577864,0.113412460044573,0.909703561759738,0.997370795218308
"K19003",8.29758095252272,-1.08771118786543,1.43385399744542,-0.758592708743925,0.44809623565405,0.9731410869362
"K19005",456.380249287951,0.607723314103773,0.275652538097721,2.20467157058547,0.0274771494755555,0.53510136360559
"K19033",29.6986108879112,-0.8636979540523,0.675973335695248,-1.27771009364441,0.201351664924209,0.863636156820261
"K19049",4.67117337288549,-1.48777642136767,1.90658749726391,-0.780334720280469,0.435193881167812,0.9731410869362
"K19055",92.6033410351076,-0.586761163653914,0.34851077240274,-1.68362418070639,0.0922543225237852,0.749263962924255
"K19058",0.36063746247329,2.03210504052919,3.48924607467201,0.582390865258826,0.56030343307993,NA
"K19064",67.3025214500396,-0.525298449997343,0.385655087141963,-1.36209392151484,0.173168246380254,0.837701380587708
"K19065",6.20459897192979,-0.657821631857541,2.55163991571969,-0.257803472897939,NA,NA
"K19092",104.278557489573,0.0976484023919908,0.363695585018315,0.268489380719519,0.788322647862287,0.997370795218308
"K19113",15.5286313495293,-1.54248705867611,0.936163539807486,-1.64766837532821,0.0994207409887417,0.755548259580255
"K19126",4.5566705866803,0.800305890134949,2.40169519101985,0.333225420580997,0.738964130753855,0.997370795218308
"K19132",3.55967251002534,-3.72011387107024,2.49569323318642,-1.49061343822315,0.136063014114969,0.807360367143472
"K19138",12.6383540383199,0.151435366467716,0.836622838010636,0.18100792805012,0.856361353123467,0.997370795218308
"K19147",1.0580458214887,-2.5694890319962,3.4243029210142,-0.75036849579744,0.453032799667929,NA
"K19155",1.14774085210928,3.68459023855744,3.41743804904584,1.07817323552835,0.280956453705191,NA
"K19156",68.0961735435712,0.477324085934986,0.454503260034839,1.05021047791472,0.293621353217711,0.921603082140073
"K19157",9.02029162387879,1.71820563697296,1.55773449117218,1.10301572361027,0.270020336967498,0.909608702338379
"K19158",44.8288507836169,0.293573077296131,0.484393548578074,0.60606314464325,0.544472823299839,0.986147771994589
"K19159",53.4750200403251,-0.297537152223009,0.518489827159371,-0.57385340393873,0.566067006791955,0.988389301363562
"K19163",14.1893796797953,0.11585430489862,0.939642164604945,0.123296196427423,0.90187255266457,0.997370795218308
"K19164",20.7944547357543,-0.511629718249709,0.950583054860978,-0.538227265501313,0.590420158666435,0.992927693570313
"K19165",36.0529372733781,-0.279593275143319,0.544176421978001,-0.513791601126412,0.607397700631662,0.992927693570313
"K19166",24.5272659286559,0.743268163179581,0.730147391969325,1.01797003092056,0.308692198542842,0.92762547770852
"K19168",39.6754751315808,0.284307623045981,0.514067019512031,0.553055559401291,0.580225366238738,0.992186816903
"K19169",134.17619024484,-0.21152624182572,0.341711444308848,-0.619020068975321,0.535903138010675,0.984070334914601
"K19170",2.2880588627778,3.88093922439847,2.42733904944794,1.59884513260771,0.109855017897644,0.759768797625471
"K19176",6.92516896945427,-1.78484460387736,2.13987545700842,-0.834088076496097,0.4042313536416,0.967424176194844
"K19181",11.2348946376152,-0.114239565353283,1.07658449829448,-0.106112957723487,0.915492730415446,0.997370795218308
"K19185",12.0792141453076,1.54732339673078,0.990950410017104,1.56145391443359,0.118416689461943,0.7759273010805
"K19189",6.6156317384501,1.00681878547254,1.94312900480908,0.518143048135634,0.604358467075419,0.992927693570313
"K19200",180.408865594055,0.178931535007219,0.290402755682486,0.616149576772114,0.537795804059041,0.984070334914601
"K19221",147.667692262245,-0.0183742052980552,0.317373640579165,-0.0578945537648455,0.953832621313724,0.997942587160163
"K19222",301.348119713179,-0.0787250380930025,0.203272638149182,-0.387287924286327,0.698543064383663,0.997370795218308
"K19224",94.5668646692485,0.0744098625502591,0.503637349881498,0.1477449251287,0.882544075548443,0.997370795218308
"K19225",462.42120868168,-0.0922513213250901,0.243723312001694,-0.378508401873552,0.705052953453938,0.997370795218308
"K19231",1.28064708892436,3.85573321008618,3.41364574255691,1.12950595957216,0.258684456950916,NA
"K19242",15.1851015414903,2.21259945695906,0.873190370062444,2.53392562815464,0.0112792667816622,0.361238121686498
"K19243",2.4175074172817,-1.62078368677923,2.79577882096176,-0.579725289649943,0.562099886194799,0.988149645670342
"K19244",76.5129011748702,-1.13650899442505,0.433179681371086,-2.62364335932795,0.00869948254661651,0.306759131276487
"K19265",708.56128778772,-0.280308198445347,0.166451803035659,-1.68402019883977,0.0921777651780448,0.749263962924255
"K19267",820.786167782834,0.00611381963166252,0.157098033345084,0.0389172257696749,0.968956382794285,0.998142329325159
"K19268",2.20056292362259,-0.771164417571078,2.91376539252052,-0.264662494636877,0.791269472375805,0.997370795218308
"K19270",97.1660463624825,-0.20477898830546,0.423828410840404,-0.483164844705445,0.628978694766721,0.992927693570313
"K19271",11.7959272502567,0.51120657451567,0.914412187571533,0.559054856730767,0.576124282502059,0.992186816903
"K19285",20.4943423047858,1.18871496466816,1.03800052836168,1.14519687821775,0.252127611252993,0.897595428587345
"K19290",125.935304938068,0.770708935293648,0.420267391427764,1.8338537583783,0.066675705278887,0.673390891931288
"K19291",9.63725901235101,-0.389283826949496,1.24621504856263,-0.312372914609314,0.754757132236041,0.997370795218308
"K19294",340.480835133268,-0.226982936125325,0.200136091216788,-1.13414294615885,0.256734591606961,0.899605882022776
"K19295",20.5388956789188,-0.110451826536949,0.951567401317417,-0.116073571229985,0.90759423431354,0.997370795218308
"K19302",660.9722996101,0.0250458162655108,0.229164789556631,0.109291729824496,0.912971105946801,0.997370795218308
"K19303",4.78332918755454,-1.14191658046385,1.57169151059116,-0.726552617208155,0.467500063509368,0.9731410869362
"K19304",1602.84343126023,-0.0693563933915867,0.215680549659983,-0.321569995537038,0.747778477488576,0.997370795218308
"K19311",27.7672945040196,0.280376040626045,0.637908900358743,0.439523638043565,0.660282158030221,0.992927693570313
"K19333",112.214137142595,0.093689694514592,0.401341967193226,0.233441060674039,0.815418931960653,0.997370795218308
"K19334",16.5866395721804,-0.163350259419829,1.03465654610999,-0.157878728003006,0.874552360419793,0.997370795218308
"K19335",3.33965953332429,-1.52821469063713,2.02630959917908,-0.754186177302941,0.450737436461596,0.9731410869362
"K19336",2.99481468229807,5.07378851532985,2.81003786287399,1.80559435955094,0.0709817243687039,0.688718930590573
"K19337",28.6737639052817,0.119003474643301,0.653844906084863,0.182005661489172,0.85557828288641,0.997370795218308
"K19338",27.2904534872728,0.190258252461704,0.665793393948416,0.285761700538057,0.775060643942543,0.997370795218308
"K19339",56.0188562143466,0.77439601774912,0.44670789053135,1.73356243344614,0.0829957508183909,0.726698174928864
"K19340",1.64544461093354,1.16916776368133,3.11941765789794,0.374803213901529,0.70780682387998,0.997370795218308
"K19341",73.0997810722064,1.11608605373072,0.553382037712389,2.0168454660084,0.0437116425587195,0.600433548816907
"K19342",25.0222831016474,0.706139768433992,0.944933177253807,0.74729069253997,0.454888109500676,0.9731410869362
"K19353",10.9966203957448,-0.363718046064834,1.14558190824905,-0.317496325182678,0.750867027430346,0.997370795218308
"K19355",57.4495439336257,-0.0270179320405606,0.513306879580338,-0.0526350476008612,0.958022691716425,0.997942587160163
"K19405",700.874808003715,0.215524646909025,0.200484547597552,1.07501874579215,0.282366335688173,0.913930207303918
"K19411",316.551341568462,0.28080088306551,0.264868035419634,1.06015390879701,0.289074585884389,0.921377165972116
"K19416",606.710119571502,0.296076464763114,0.223498992792229,1.32473288163028,0.185259763110707,0.848827148219077
"K19420",13.4705771081257,-1.16173238883214,1.49954502844267,-0.774723243915281,0.438503213051302,0.9731410869362
"K19430",3.87313726174716,-0.398635280588714,1.59664688293578,-0.249670283923854,0.80284234052724,0.997370795218308
"K19449",73.7678457246204,1.32520216841739,0.584679736934853,2.2665436899946,0.0234181153164741,0.502692088280873
"K19504",32.8224104874899,0.471409346328664,0.659628370269987,0.71465899220756,0.474819782905277,0.974469580961331
"K19505",3.18140652225388,3.63757680181415,2.21764772239,1.64028613069972,0.100945687983592,0.755548259580255
"K19509",1.41670253925147,2.33215502638195,3.40632773664846,0.684653740534255,0.493562446561421,NA
"K19510",128.905172638184,-0.293968891138425,0.441935249546057,-0.66518543483549,0.50593189526586,0.979329538491088
"K19540",51.5594537628714,0.0255107248690205,0.678932667614953,0.0375747494352246,0.970026740732107,0.998142329325159
"K19545",10.8611036005857,-1.42128032882781,1.06197273440439,-1.33833975466887,0.180785708081624,0.848827148219077
"K19551",6.05513961024855,-0.0250647111217431,2.00042635842954,-0.0125296844925701,0.990003019768307,0.998573809130236
"K19564",1674.29224106374,-0.404720760871279,0.150783046702396,-2.68412643014229,0.0072719600761601,0.273802873059803
"K19577",28.9768943782094,-0.79077677080376,0.641045722745591,-1.23357311771284,0.2173620152819,0.883664559728345
"K19580",3.83017369880669,-0.901743299430215,2.50927960665638,-0.359363419300965,0.719323236632915,0.997370795218308
"K19586",44.5849199177358,-0.405144809901602,0.551287167328223,-0.734907021081425,0.462396122095212,0.9731410869362
"K19591",26.6380259226251,0.251368068017487,0.727696124406228,0.345429994178673,0.729771131205885,0.997370795218308
"K19620",56.4135955039954,-0.115639763271127,0.704281657115811,-0.164195335918158,0.869577372676525,0.997370795218308
"K19622",18.9639175075442,1.61310349742065,0.890653194974923,1.81114659052682,0.0701181631600335,0.688718930590573
"K19640",24.2867382470712,-0.642295394957482,0.688823023668159,-0.932453435625736,0.351102240360075,0.947770244518839
"K19641",5.79074691909935,-1.38607513815738,1.75084879600491,-0.791658960682457,0.428559557789549,0.9731410869362
"K19661",1.64131056561992,0.0574266507401449,3.12994860077487,0.0183474740530653,0.985361655011803,0.998573809130236
"K19668",1093.18838806639,-0.506159404389923,0.297464482905817,-1.70157929257788,0.0888342620396385,0.739646001913353
"K19670",73.2493206659699,0.231394253987241,0.517888950608008,0.446802840098405,0.655017420496038,0.992927693570313
"K19686",55.5756933364666,-0.430433693972693,0.468913917030288,-0.917937553866396,0.358651559469174,0.950060596598327
"K19687",48.8029413611449,0.00693665425752057,0.697373382543916,0.00994682967711883,0.992063709040579,0.998573809130236
"K19689",1338.68067129113,-0.121114553527855,0.160279820789515,-0.75564442817107,0.44986241097537,0.9731410869362
"K19691",261.689327482821,-0.28676742627864,0.275640060844673,-1.04036918799056,0.298168411061368,0.921603082140073
"K19693",33.9398751137667,-0.524958431092238,0.535957162673236,-0.97947833829454,0.327343686595672,0.936227955597652
"K19696",16.8990396443046,-0.482226305811775,1.10774818450796,-0.435321233251193,0.663329274701314,0.992927693570313
"K19701",559.520668299948,-0.336059371447766,0.274621751911564,-1.22371723692152,0.221058914930546,0.88506594528464
"K19702",1319.74784572492,-0.429262106489824,0.203179229090359,-2.11272632744817,0.0346241985454864,0.55341756161565
"K19707",362.588955200978,-0.03117810338579,0.241849201683562,-0.128915469510557,0.897424535913363,0.997370795218308
"K19710",383.416120917132,0.300926953254401,0.20329033374694,1.48028166272284,0.138798094830607,0.807360367143472
"K19712",4.16255178708561,0.707553481028914,1.75277902070919,0.40367523382533,0.686451553879452,0.997370795218308
"K19713",39.0342266389053,-0.201788551396336,0.635732640420974,-0.317411028734837,0.750931739843427,0.997370795218308
"K19714",0.994557230805929,-3.41737340214721,3.42088784661717,-0.998972651362004,0.317807939838254,NA
"K19742",9.77224354243883,-1.4346505811167,1.60733147507696,-0.892566719038469,0.372089248449928,0.952733009391458
"K19743",3.80101520231544,1.20664434048117,1.83155013723076,0.658810433824968,0.510017506365525,0.979329538491088
"K19745",260.923979435964,-0.190243066124806,0.236918707995217,-0.802988787734932,0.421981215189101,0.972723098477607
"K19746",44.1925098029222,-0.653589501726252,0.620061578929323,-1.05407192436407,0.291849988987291,0.921603082140073
"K19760",6.14754352263359,2.16625417730531,1.26373109494582,1.71417336011518,0.0864968919247171,0.736278087492683
"K19761",21.9392418973285,0.256858371904984,0.859440132525604,0.298867090544357,0.765041458030165,0.997370795218308
"K19776",42.2089386323079,0.34820942588348,0.491651678502727,0.708244151517829,0.47879365236422,0.974469580961331
"K19777",9.28693121966921,-0.0734660187754083,1.50531997480019,-0.0488042542484429,0.961075291816679,0.997942587160163
"K19778",76.3992656709868,0.164543804116787,0.3825533390907,0.430119900424592,0.667108424609235,0.992927693570313
"K19784",1087.76981844289,0.218813115751033,0.198564744366111,1.10197364818997,0.270473128121693,0.909608702338379
"K19793",0.726768551937687,2.07964204201122,3.445936796285,0.603505567558071,0.546172412840135,NA
"K19794",172.351665165545,-0.0380000252998227,0.335448545591357,-0.113281234333072,0.909807594298392,0.997370795218308
"K19802",211.824434253032,0.147855954554315,0.273426367312268,0.540752364183867,0.588678280437419,0.992709695586957
"K19804",94.875445730317,-0.541432507582148,0.354544013904353,-1.52712353431022,0.126730295830038,0.794547869651213
"K19810",1.16173549615205,3.71574062154142,3.41671425015604,1.08751869471429,0.276807641158511,NA
"K19813",5.36878078600307,-0.741393023552417,1.56991019247218,-0.472251869633972,0.636747020284911,0.992927693570313
"K19823",18.5043236584622,0.224001347716458,0.934146840963828,0.239792437220404,0.810491170175285,0.997370795218308
"K19837",8.91592068713735,-1.3766403093138,1.22561626844642,-1.12322294078131,0.261342821802078,0.903690153582261
"K19954",2.03208781713021,1.8446351737549,2.90818584720546,0.634290678337304,0.525891138825251,0.982800269557903
"K19955",305.751349948851,0.986285614329278,0.352578364602165,2.79735149217724,0.00515234473375236,0.230279049331663
"K19956",0.777202268828654,-3.07049925180896,3.4310016779901,-0.894927936499196,0.370825611770968,NA
"K19962",81.45174003271,1.10037614021356,0.369069554290845,2.98148716798895,0.00286852067892125,0.172805577111904
"K19966",3.75149350573291,-1.42260747979445,2.00151770781394,-0.710764373575405,0.477230261047995,0.974469580961331
"K19967",10.1517271796911,-0.918655316635521,1.33839333206962,-0.68638665078745,0.492469320176056,0.977917360256765
"K19969",6.17330429623607,0.414988857274304,1.72707503466132,0.24028420823979,0.81010993644968,0.997370795218308
"K19978",7.79094512792564,-0.00748601981864466,1.44219798227498,-0.00519070190823308,0.995858437685651,0.998573809130236
"K19997",20.5283564008187,0.0336008705045107,0.99457166264226,0.0337842628808103,0.973049185184209,0.998142329325159
"K20000",116.533390931817,5.18037784657626,1.58909890643993,3.25994676957013,0.00111433125233319,0.0991229137993848
"K20023",85.5858668473119,-0.427797236992709,0.392319166258606,-1.09043165306565,0.275523044957172,0.912317125798179
"K20034",523.909866044378,-0.0375832593452232,0.180317343642143,-0.208428421726369,0.834894466271688,0.997370795218308
"K20035",1083.72959824494,-0.0220233461614234,0.140761462683179,-0.156458633930174,0.875671522973988,0.997370795218308
"K20036",50.8295373584344,0.0540408658241951,0.446867618164955,0.120932606497897,0.903744415445082,0.997370795218308
"K20074",2692.42099231305,-0.0883004190595513,0.117153974001373,-0.75371253781384,0.451021851702804,0.9731410869362
"K20076",1.40370116685694,-3.92530171680714,3.40980509605839,-1.15118067051535,0.249657915609139,NA
"K20109",2.91366391261079,-1.00842437400346,2.71584650084717,-0.371311255510536,0.710405715572892,0.997370795218308
"K20115",20.0001587508917,-0.513321549253924,0.680034140305945,-0.754846733169871,0.450340949640637,0.9731410869362
"K20118",519.363515562664,0.841230323799487,0.17621299941085,4.77394021219806,1.80656034068556e-06,0.00108194898803658
"K20146",9.14316736616351,-1.00170137185315,1.37921024801807,-0.726286201318907,0.467663336672911,0.9731410869362
"K20151",1.05315027055347,-3.49648701829332,3.41889818466534,-1.02269410477796,0.306452499605352,NA
"K20157",6.31986120355925,1.13838868911564,1.49333273918732,0.762314157617112,0.445872526111505,0.9731410869362
"K20201",63.3441865680506,0.453963455100587,0.438051712433852,1.03632389102722,0.300051063954128,0.922487588306607
"K20215",12.0225906783525,-0.36666511742531,1.03696918803521,-0.353593068777721,0.723643869527867,0.997370795218308
"K20218",2.44670992959841,0.89716989434305,2.44245098241395,0.367323602726451,0.713377650337382,0.997370795218308
"K20219",2.83462431849374,0.884961260561629,2.11898347721312,0.417634809368842,0.67621414226777,0.997370795218308
"K20238",202.148462610285,-0.636887610227884,0.382610213120665,-1.66458601570844,0.0959953772303828,0.755548259580255
"K20265",1151.6925000301,-0.27450792986913,0.151092690105638,-1.8168180715904,0.0692449747587142,0.686388393300867
"K20266",3.34070862473569,0.647632370741446,1.99108448893322,0.325266142316458,0.744979653345572,0.997370795218308
"K20273",2225.02246084319,-0.435501570148284,0.222057102631232,-1.96121432274795,0.0498540267657383,0.62888761795979
"K20274",1564.92975557453,-0.472063345920551,0.167863483279407,-2.81218604962942,0.00492060326743048,0.22890343384825
"K20276",787.330391793807,-0.201188037686797,0.531088691690294,-0.378821919642982,0.704820108911483,0.997370795218308
"K20329",139.891078907648,0.105688182604603,0.281482715976038,0.375469528344328,0.707311304394221,0.997370795218308
"K20331",2.37870468503471,-0.199375302389458,2.48012718980351,-0.0803891442379022,0.935927760604996,0.997370795218308
"K20370",4.79877749493712,4.26415006686869,2.32378602990279,1.8350011627564,0.0665055171729412,0.673390891931288
"K20420",26.1429219863986,-0.264504831399185,1.27964075013052,-0.206702413448623,0.83624227244775,0.997370795218308
"K20421",10.6036902012505,-2.10856645648417,1.01470813798261,-2.07800290305773,0.0377090917627162,0.569649696771203
"K20444",2.51703448911912,-3.2389857394575,3.13007125791366,-1.03479616678645,0.300764113459425,0.923257957718348
"K20449",33.4402725547122,-1.25032951494155,0.612910752266637,-2.03998626279217,0.041351693979622,0.588254858061653
"K20454",30.7081348155375,0.321615977627538,0.671713880128147,0.478799064813401,0.632081582048578,0.992927693570313
"K20455",48.699158247303,0.635641530570792,0.608276090903326,1.04498851767596,0.296028276439181,0.921603082140073
"K20459",3.03181882850839,3.54435062170287,2.13303802865649,1.66164436549465,0.0965841022503754,0.755548259580255
"K20466",8.93233451388388,-0.422808571474284,1.19025023884877,-0.355226621826374,0.722419822251416,0.997370795218308
"K20467",61.9551693081827,0.735386825382053,0.556660414610213,1.32106901457505,0.186478353497102,0.848827148219077
"K20468",178.084010380693,-0.225056913599005,0.300256021764883,-0.749550041581636,0.453525749121895,0.9731410869362
"K20469",670.896643382884,0.0882344943840553,0.168787441632689,0.522755090844193,0.601144695327114,0.992927693570313
"K20470",17.3638146638186,-0.0512517175815225,0.791546549687896,-0.0647488358097587,0.94837397901794,0.997942587160163
"K20480",396.016897101364,0.885096622873738,0.354881615759555,2.49406163511559,0.0126290612809395,0.383318112473796
"K20483",93.3644605401111,0.0411621754236461,0.357103038131636,0.115266942670123,0.908233539605808,0.997370795218308
"K20484",83.5290817661963,-0.634779330763974,0.399897073226666,-1.58735678068885,0.112431861967324,0.762575788586981
"K20486",1974.88911432846,-0.218407136610071,0.127716559021961,-1.71009255403222,0.087248759471162,0.737712356682875
"K20497",181.413458671536,-0.0846235706922728,0.273593015846833,-0.309304572086183,0.757089853363121,0.997370795218308
"K20498",2.18980082488324,-1.82124611110177,2.48506471255171,-0.732876734317184,0.463633614366827,0.9731410869362
"K20509",5.07650184420233,-0.718690782911995,2.3169703807353,-0.31018557202441,0.756419841667015,0.997370795218308
"K20523",176.616804302764,-0.142678513953281,0.319952020021439,-0.445937218785869,0.655642596396103,0.992927693570313
"K20525",8.50808001928991,-0.858858667584253,1.29852060735895,-0.661413198001594,0.508347364272459,0.979329538491088
"K20527",7.16420053618255,-0.684045008817796,1.51074285915992,-0.452787186562096,0.650701991162987,0.992927693570313
"K20528",8.49664213589937,2.85783836362691,1.24529342235243,2.29491163474412,0.021738188902971,0.485210314975555
"K20529",8.31033186679444,0.184496095703365,1.41715739256632,0.130187441896811,0.896418129935295,0.997370795218308
"K20530",22.8892151370678,-0.0633077622676039,0.990897436852519,-0.0638893188266733,0.949058357245277,0.997942587160163
"K20531",6.16847119485735,-0.362131301496698,1.72688719288558,-0.209701770323276,0.833900443738582,0.997370795218308
"K20532",0.466181651037243,0.106847308379224,3.5165780878132,0.0303838861845573,0.975760895885056,NA
"K20533",11.381322987049,-0.638087657776185,1.13104908686406,-0.564155583685003,0.572648252762171,0.991119438405294
"K20534",383.825608959375,-0.295195135453037,0.220661720720543,-1.33777229004249,0.180970677427526,0.848827148219077
"K20539",14.9940623694676,-1.12556223169679,1.14176917851603,-0.985805408725157,0.324228611106529,0.931768307061902
"K20541",58.3402796741057,-0.165341999865994,0.529914929208117,-0.312016119479922,0.755028272884469,0.997370795218308
"K20542",31.4465208378173,-0.0865105408477041,0.712704947344087,-0.121383387571656,0.903387374378896,0.997370795218308
"K20608",48.3922611450883,-0.359770277846771,0.605251169332754,-0.594414841434164,0.552234684326772,0.988149645670342
"K20609",4.64119717478624,2.04236636579644,2.07865090822835,0.982544186573958,0.325831825541001,0.933687465629213
"K20628",20.3625149031836,-1.0637400366837,0.951596026443319,-1.11784833808053,0.263631772610974,0.904808416141618
"K20656",19.2024719113038,-0.338174856501804,0.809163943315527,-0.417931198362771,0.67599742142524,0.997370795218308
"K20712",377.536374275484,0.262719646229051,0.422363861891395,0.622022076066267,0.53392735197682,0.984070334914601
"K20742",20.3039421983776,-0.101990980956329,0.95525476376971,-0.106768356279997,0.914972751971517,0.997370795218308
"K20754",614.275498561618,-0.34791734024655,0.295052186357598,-1.17917221540219,0.238329607374149,0.890239289508822
"K20762",6.74219712575421,2.85927276307743,1.63223243142037,1.75175588233429,0.0798157932728177,0.713098553777597
"K20798",62.3750161387547,-0.45484396689747,0.455950155727273,-0.997573882109901,0.318486031120091,0.92871793789011
"K20807",297.550022245318,0.0597707917932749,0.234632574911813,0.254742086923523,0.798922307655679,0.997370795218308
"K20810",40.4487336453141,-0.393401532578367,0.675267870143875,-0.582585889203565,0.560172106836378,0.988149645670342
"K20814",1051.20132181741,0.0311306378647486,0.155823511898747,0.199781390403889,0.841651556228869,0.997370795218308
"K20832",0.346379614974385,0.810921312803509,3.52572135897264,0.23000153166948,0.818090579521445,NA
"K20844",635.342301129063,-0.585481616285099,0.298774635474176,-1.95960950753366,0.0500414492629209,0.62888761795979
"K20862",14.0935733382429,0.681621892038296,0.820578444854516,0.830660244992352,0.406165590715799,0.967424176194844
"K20866",25.8433895123536,1.37838590167488,0.60537342848073,2.27691840577499,0.0227910985504301,0.496020988040427
"K20881",2.06538774320071,0.736850587541378,2.57474335419649,0.286184091451448,0.77473712760594,0.997370795218308
"K20885",35.0759969204385,-0.657848246922771,0.727460959125218,-0.904307287794307,0.365832483473471,0.950060596598327
"K20895",15.6588885824988,2.99100867735688,1.04284479171864,2.86812448133112,0.0041291303889143,0.211362067514596
"K20902",12.9764946563124,0.260516731283371,0.957256242821446,0.272149420008498,0.785507131371264,0.997370795218308
"K20906",3.92458495050498,-2.16703331766984,2.19993459288947,-0.985044430263532,0.324602247294825,0.932394656618086
"K20920",43.517132079983,0.916934824374375,0.533681701027273,1.71813053100638,0.0857728090932799,0.735734682968489
"K20922",21.0935892013615,0.840836574914309,0.91732191868047,0.91662104414099,0.359341253003613,0.950060596598327
"K20926",1.18600532632757,-3.67446134274266,3.41479744975344,-1.07604078918589,0.28190901460038,NA
"K20938",63.7144978641346,-0.0444089444542339,0.424983609715186,-0.104495663924535,0.916776009129924,0.997370795218308
"K20940",173.151102023242,0.0727844608170256,0.273947982538671,0.265687157622163,0.790480154751779,0.997370795218308
"K20941",20.8900601646535,0.580712624192663,0.761531054285178,0.762559347941178,0.445726236472224,0.9731410869362
"K20942",17.0141467592907,-0.381412044184873,1.14634922546967,-0.332718892036243,0.739346487509615,0.997370795218308
"K20950",24.5724691419622,-0.155244581390585,1.00932974337246,-0.153809577504244,0.877759881947708,0.997370795218308
"K20965",45.6174712320035,-0.142398182661823,0.624469339536386,-0.228030703264857,0.819622371483808,0.997370795218308
"K20971",6.64694649157048,3.15713053012864,1.69971224386316,1.85745001339346,0.06324715660641,0.671608547723031
"K20974",278.470917120136,0.0895477814946045,0.222096199897014,0.403193668041722,0.686805757449792,0.997370795218308
"K20975",326.626796067069,-0.12903415269033,0.220835540404759,-0.584299757429576,0.559018655351334,0.988149645670342
"K20976",123.850195775308,0.251914203166606,0.328443134616218,0.766994881658784,0.443084558686712,0.9731410869362
"K20978",4.49563277856045,2.48366882185721,1.82868124030647,1.35817482408305,0.174408217161183,0.839205691873311
"K20988",2.27283836440467,1.27235110840096,2.49285228446243,0.510399720164458,0.609771452889756,0.992927693570313
"K20997",15.863586488391,-0.445285423282503,1.01140930263427,-0.440262337040735,0.659747115501996,0.992927693570313
"K20999",110.947890534538,-0.513563098804015,0.411557955773189,-1.24785122386758,0.212085545831555,0.883367629372891
"K21000",2103.79781778427,-0.15963801986966,0.1409509201137,-1.13257877097138,0.257391187786025,0.900160492505064
"K21001",168.150607235959,0.192946209194468,0.275268268027109,0.700938799002674,0.483341209769677,0.974469580961331
"K21006",4.88727886236419,-0.657584560457117,1.70558248400273,-0.385548378119989,0.699831170872033,0.997370795218308
"K21010",2.38846427032826,0.632371079073918,2.46729338688365,0.256301533670726,0.797718013100644,0.997370795218308
"K21011",33.3826832607864,-1.74829098779295,0.712222407263933,-2.45469809705814,0.014100295152024,0.401732152336399
"K21012",6.31041585006341,0.181325290823799,1.67560808504174,0.108214619183627,0.913825448624798,0.997370795218308
"K21014",43.1580985339794,0.399909990854533,0.515769628696111,0.775365528725536,0.438123698258761,0.9731410869362
"K21019",36.8351575273733,0.00293157802138022,0.653508901444031,0.00448590373429106,0.996420778673475,0.998573809130236
"K21021",16.144076469829,-0.40680197419162,0.862417047647876,-0.471699829335606,0.637141058967696,0.992927693570313
"K21022",7.45935385298648,-0.681272458139036,1.33084424557406,-0.511909985262902,0.608714009463662,0.992927693570313
"K21023",17.2863696642738,-1.39915929651242,0.913719022791905,-1.53127959647511,0.125700306000625,0.790776399829564
"K21024",29.8481407424201,0.1252216789776,0.775258452924421,0.16152249421498,0.871681896141803,0.997370795218308
"K21025",30.1796573346403,-0.0152233467393449,0.762926527316597,-0.019953883099188,0.984080161187842,0.998573809130236
"K21028",65.2922456584387,-0.217149096221233,0.44600977096322,-0.486870715303545,0.626349953050863,0.992927693570313
"K21029",266.939700304864,0.23368931346569,0.22312004752705,1.04737031053814,0.294928819359572,0.921603082140073
"K21034",2.69850626978106,-2.1736130849911,2.38668200265213,-0.910725887477149,0.362439820529982,0.950060596598327
"K21053",128.330396944336,0.248189017966284,0.320124065981866,0.775290096372646,0.438168260117379,0.9731410869362
"K21054",9.78465221990278,-0.72701369603977,1.16093373584684,-0.626231862845687,0.531162870850092,0.984070334914601
"K21060",8.48840909148794,-0.38140358289376,1.71866709358042,-0.221918243689183,0.824377528201344,0.997370795218308
"K21061",12.5657032834111,-0.489890087313294,0.894512062445585,-0.547661801199126,0.583924145590781,0.992186816903
"K21062",82.7960277230805,-0.0297681215588373,0.377990624085768,-0.0787535977402518,0.937228612993271,0.997370795218308
"K21064",403.975518512109,0.256059861634776,0.267974040282189,0.955539802904541,0.339304786861068,0.945600916012535
"K21065",18.6596091693712,-0.171979564190149,1.00387699161251,-0.171315375914635,0.86397579095752,0.997370795218308
"K21071",1173.05531879106,-0.254530453087593,0.157722247503192,-1.61378915858044,0.106573166922233,0.759017135201614
"K21084",620.570799722425,0.0451631499870371,0.200132656169795,0.225666069952723,0.821461149617593,0.997370795218308
"K21087",40.3924456375764,0.3663091649977,0.835634444798596,0.438360538244671,0.661124947749798,0.992927693570313
"K21088",5.49707927078215,-0.208332393566966,1.39519017077777,-0.149321861585957,0.881299665606579,0.997370795218308
"K21134",3.94564310956194,0.0402585818087003,2.25723033747771,0.0178353893000066,0.985770172666264,0.998573809130236
"K21136",132.062801615033,0.297697599335316,0.308566583481886,0.96477588718803,0.334657075848449,0.943225460941997
"K21140",553.923064980485,-0.159179468704825,0.176553410645241,-0.901593847001201,0.367272660760522,0.950146953911141
"K21142",64.0089709651723,-0.120093718712179,0.395052797095954,-0.303994097991438,0.761132387634131,0.997370795218308
"K21147",3855.88944830848,0.0668113346452205,0.164561195004375,0.405996897649196,0.684744879902726,0.997370795218308
"K21148",662.61712010629,-0.249463334717001,0.228187698982612,-1.09323743492418,0.274289564748239,0.912243138973363
"K21159",2042.18612958586,-0.376135538041921,0.156267332060552,-2.40700044649238,0.0160841501994746,0.422491120809884
"K21160",10.6508738988446,-1.80824357584277,1.28846801625438,-1.40340586885454,0.160495843910434,0.828697110513083
"K21161",4.40595219417527,-0.17821902290605,1.47424709150024,-0.120888163140067,0.903779617853716,0.997370795218308
"K21162",1538.314539234,-0.0875579387900298,0.215168535918501,-0.406927241551683,0.684061427363669,0.997370795218308
"K21163",161.711341701278,-0.878391698101565,0.350484664297512,-2.50622006489829,0.0122029643443759,0.375234398693545
"K21164",75.9912021562437,0.0818380218918565,0.46063099042027,0.177665036859959,0.858986044893177,0.997370795218308
"K21166",18.5735128429573,0.281016605618624,0.986468118285824,0.284871452416469,0.775742627845449,0.997370795218308
"K21167",17.57140045651,-0.211721699857615,1.15864186761931,-0.182732650851506,0.855007795410259,0.997370795218308
"K21184",10.9705802895796,-0.998514762424344,1.40335533349681,-0.71151955501982,0.476762337355209,0.974469580961331
"K21185",108.39890562155,-0.911950254288559,0.402953200603007,-2.26316667276461,0.0236254168124406,0.503532460105718
"K21195",53.7538592429726,0.783628003650033,0.607808386855514,1.28926816509413,0.197304874424759,0.858098093136902
"K21196",2.07080545390883,0.574114730906468,3.30543122959697,0.173688299960931,0.862110433040757,0.997370795218308
"K21199",4.30396754962148,-2.25473791529816,2.13553502352,-1.05581874821312,0.291051031046199,0.921603082140073
"K21210",476.022653739834,-0.233889940696472,0.232986792078114,-1.00387639406639,0.31543819604867,0.92871793789011
"K21211",16.4904410502641,-0.346333646409142,1.17394696549992,-0.295016433098967,0.767981326310724,0.997370795218308
"K21214",1.46629935340764,4.04834609933658,3.40987804113195,1.18724073134084,0.235132678827181,0.888188252939584
"K21218",1.01938696891566,1.46874443126376,3.41862542573565,0.429630113965382,0.667464727746213,NA
"K21219",9.42142129060247,2.9485704442406,1.36599582337656,2.15855011690455,0.0308850862998364,0.546550306132283
"K21232",3.07285494362937,3.57758495388611,2.25322668528702,1.58776077757591,0.112340443784843,0.762575788586981
"K21251",1.39503268865897,-3.053517505802,3.25830002787119,-0.937150501697974,0.34868114698762,NA
"K21259",10.6310836454516,0.840193860281935,1.30642819697017,0.643122876734052,0.520144371445813,0.98022172454027
"K21267",42.6575496327698,-0.355519490246657,0.540299578665826,-0.658004381799721,0.510535315528204,0.979329538491088
"K21273",2.29502043350287,0.527096465497977,2.5945093621612,0.203158436498726,0.839011198214688,0.997370795218308
"K21284",2.69509013894051,-0.740602883641055,2.2061754393702,-0.335695371467137,0.737100596521617,0.997370795218308
"K21285",40.4254346220778,1.18514424775048,0.554629268867976,2.136822404215,0.0326124391578763,0.551495800429007
"K21298",5.37825947249184,1.41746733424232,1.82843883548007,0.775233662038333,0.438201600551369,0.9731410869362
"K21302",732.151736247047,-0.175226062437227,0.20295648431492,-0.863367647644778,0.387935361318249,0.96389527995257
"K21303",19.8448420208915,0.427753853913303,0.979234017477696,0.436824953257964,0.662238300846423,0.992927693570313
"K21307",237.553351931802,-0.118033008264022,0.253368094025695,-0.465855847863984,0.641318686583827,0.992927693570313
"K21308",34.2090088295375,-0.256775352523783,0.561510754100678,-0.457293739520691,0.647459928941617,0.992927693570313
"K21309",3.60927187869004,1.02883723272523,1.76555274760488,0.58272811963332,0.560076340374248,0.988149645670342
"K21310",66.831054357867,-0.138988346097246,0.47988038639006,-0.289631229029379,0.772098373220879,0.997370795218308
"K21344",29.8316373850252,-0.0212204180146314,0.711664466297223,-0.0298180097778956,0.97621219542709,0.998573809130236
"K21345",34.1222966498755,-0.557748831708204,0.85791897532259,-0.650118306916434,0.515615804822221,0.979746666549689
"K21349",81.2275130987096,0.491213896486482,0.399808280024091,1.22862362044349,0.219212955222657,0.884085110322218
"K21377",8.38433677585257,-1.0453350432992,1.41570991741684,-0.738382228194431,0.460282210973593,0.9731410869362
"K21378",18.3013017186515,1.25494192034879,1.34181043650719,0.935260217244605,0.349654212093603,0.947770244518839
"K21393",87.1392272746657,0.232477810146575,0.445370847870075,0.521987039022351,0.601679354814438,0.992927693570313
"K21394",437.244156154614,0.0201383495623937,0.212024001321331,0.0949814617066545,0.924329551756773,0.997370795218308
"K21395",11073.5022760311,-0.0404058600354069,0.11934301680074,-0.338569118818826,0.734934349596604,0.997370795218308
"K21397",172.778473640721,-0.189757879253344,0.261978492386724,-0.724326174735097,0.46886551126227,0.9731410869362
"K21401",553.459075952434,-0.0228304852384181,0.190512574669375,-0.119837156565855,0.90461214734243,0.997370795218308
"K21405",212.746674444438,0.105517036798788,0.264752444643706,0.3985498110916,0.690224948806133,0.997370795218308
"K21407",1.71696153405754,-1.29366262373931,2.74213374884607,-0.471772255559636,0.637089356286311,0.992927693570313
"K21416",522.466921846397,-0.0193769767434753,0.246137899738243,-0.0787240679476095,0.937252101434069,0.997370795218308
"K21417",349.73624478733,-0.314270178938327,0.227909099232197,-1.37892773916036,0.167917034587067,0.831694303422829
"K21420",677.224800906349,-0.0630241936950897,0.256039451734308,-0.24615032280451,0.805565869204861,0.997370795218308
"K21430",1481.23943325766,0.0791356649619768,0.184264098035947,0.429468712600426,0.667582158227517,0.992927693570313
"K21449",753.032674708389,0.345002053631534,0.290655888303649,1.1869776856924,0.235236422388481,0.888188252939584
"K21465",84.1498293589237,0.670438029265266,0.393635532745804,1.70319489348085,0.0885316020015428,0.738462067391699
"K21467",52.9653713940765,0.735422134349092,0.646368532533692,1.13777527421751,0.255214332115775,0.899605882022776
"K21469",15.3970773996413,-0.861980587125183,1.26941339198883,-0.679038516975694,0.497113457287883,0.978899117871614
"K21470",1216.98127590071,-0.250646530563914,0.206967741769823,-1.2110415295668,0.225879488640156,0.888188252939584
"K21471",1183.32158998864,-0.0286572956704411,0.127304088946138,-0.225108996165598,0.821894482653582,0.997370795218308
"K21472",1463.93921312621,0.193726326088241,0.136769421766204,1.41644472563027,0.156645336804433,0.822716813232894
"K21473",34.6903290601203,-0.253749396887594,0.54698373768363,-0.463906656461439,0.642714623557011,0.992927693570313
"K21478",10.9299289457719,1.5740640373165,1.06778716213619,1.47413650691161,0.140444840906742,0.80901139713996
"K21479",9.48189470483951,0.351650269430091,1.8413610839018,0.190973010402149,0.848546738554172,0.997370795218308
"K21481",58.3518886659077,-0.13141375870961,0.508927452140871,-0.258217076239061,0.796239379767513,0.997370795218308
"K21495",79.6138124395214,-0.667843222168827,0.35908460831277,-1.85984920185474,0.062906863994036,0.671608547723031
"K21498",71.4100774811855,-0.0946468076338796,0.468015380096548,-0.202230122468101,0.839736825279542,0.997370795218308
"K21514",6.31831468808899,-0.551352475239402,1.97708490323296,-0.278871420411851,0.780343501988329,0.997370795218308
"K21525",3.41915942079561,2.86805272411688,2.18959620344736,1.30985462963506,0.190245018125919,0.849632213082797
"K21551",1.73859598456394,1.40037721505691,2.72883695520656,0.513177312548857,0.60782729451533,0.992927693570313
"K21552",2.06933556612712,-0.177172874782869,2.90911190499708,-0.0609027361506901,0.951436670360027,0.997942587160163
"K21561",119.978587537663,-0.473018292886735,0.388659295304878,-1.21705128013388,0.223584705679163,0.886760339895229
"K21563",5.4523229924911,2.99697391253874,1.56017452779041,1.92092221681327,0.0547415144078543,0.654385089398482
"K21564",5.29727706024785,-0.579328503272813,1.42607253914582,-0.406240557454261,0.684565856695678,0.997370795218308
"K21567",232.37902475279,-0.178520446505945,0.313069344642069,-0.57022653147355,0.568524063352287,0.989998973134502
"K21572",3876.00976889529,-0.0692615518074627,0.193258794153162,-0.35838758133082,0.720053283956492,0.997370795218308
"K21573",1928.26459327034,-0.21294213742855,0.258809858711579,-0.82277444332542,0.410636272532657,0.968959956833116
"K21574",6.59033477539116,-0.638803815506763,1.73498648796205,-0.368189504609407,0.712731935626657,0.997370795218308
"K21575",48.514777593987,-0.518024436523999,0.547889967472141,-0.945489910892263,0.344408819209895,0.947770244518839
"K21577",3.81714074775444,2.57753841786903,2.43714557987977,1.05760543774992,0.290235362397352,0.921603082140073
"K21600",526.525571888595,-0.0323429980897379,0.227559642731575,-0.142129762999712,0.886977509341481,0.997370795218308
"K21601",23.5013448461983,0.916224686722885,0.733270092489279,1.24950505428705,0.211480406031157,0.883233020725663
"K21602",44.1385606550982,0.836006293605519,0.553941500209008,1.50919599504656,0.131248703388332,0.800641307192464
"K21607",5.31840622318965,-0.881178607567516,1.38706216827314,-0.635284147836402,0.5252431104697,0.982800269557903
"K21613",8.75835867298628,1.86613001262908,1.33718228340596,1.39556890319832,0.162844352195685,0.829315327636016
"K21615",362.914466131532,0.0109249907950256,0.213763928319049,0.0511077377784701,0.959239670197028,0.997942587160163
"K21619",22.8143033852834,-0.595014290926739,0.640067358194877,-0.929611990533001,0.352572016942319,0.947770244518839
"K21620",4.02000216026756,-2.49165594799386,1.9270701974966,-1.29297622433822,0.19601928232071,0.855655598993245
"K21621",6.29150420682947,1.45226433266756,1.96331984056226,0.739698291976542,0.459483084727066,0.9731410869362
"K21622",3.22013524874568,1.15882483385947,2.64697407575964,0.437792286849997,0.661536862776385,0.992927693570313
"K21624",28.2506672619218,0.610446409709292,0.644892578718983,0.94658619102407,0.343849683243682,0.947770244518839
"K21636",97.3160047110438,1.59054488912438,0.599377523158476,2.65366121963142,0.00796237238024399,0.292556123836081
"K21645",71.0240256298886,-0.178401665022913,0.595834092381523,-0.299415000423775,0.764623418175851,0.997370795218308
"K21677",51.6215229532648,-0.701695170605316,0.500537462154662,-1.4018834226408,0.160950061525271,0.828697110513083
"K21678",15.3340375067072,-0.172020827911136,0.963673748023877,-0.17850525477516,0.858326194758646,0.997370795218308
"K21679",50.9809802231092,-0.518902557056111,0.557841674171484,-0.930196830179089,0.352269182809363,0.947770244518839
"K21681",156.72901652921,-0.0780943881717844,0.33179572851843,-0.235368877473197,0.813922439774717,0.997370795218308
"K21684",0.885625562010645,-1.44466407080522,3.43633664804931,-0.420408190107132,0.67418728604548,NA
"K21685",35.5902759872191,0.188929103804017,0.572374808410349,0.33007934840586,0.741340007140888,0.997370795218308
"K21686",73.9689069535609,-0.136588275199069,0.472547693406171,-0.289046538804426,0.772545763945192,0.997370795218308
"K21687",355.709861604428,0.212298448783725,0.277780612062057,0.764266617485516,0.444708374580908,0.9731410869362
"K21688",2624.28862862329,0.60808896637282,0.193505742950174,3.14248537072823,0.00167520084166733,0.132010234746653
"K21691",103.480550589526,-0.115664716151603,0.45167694895024,-0.256078412724899,0.79789029050207,0.997370795218308
"K21696",17.9071865125378,1.88996372665529,1.00014010695066,1.8896989666954,0.0587982323864425,0.663242882944981
"K21698",1.86529680705175,0.663689862642043,2.67152616909948,0.248430979385001,0.803800966637499,0.997370795218308
"K21700",30.8214718564129,-0.0850138449000294,0.939504700697004,-0.0904879399080803,0.927899477195778,0.997370795218308
"K21703",79.3444654795566,0.490203543738744,0.514446922324704,0.952874869041089,0.340653474555472,0.947595754348686
"K21726",16.2139312819406,0.435670082148014,0.79919068215435,0.545139091178582,0.585657858789859,0.99250280596844
"K21727",29.2438297327916,-0.43245041162725,0.649181178227463,-0.666147488761182,0.505316833182291,0.979329538491088
"K21728",5.91259503917547,-2.18999506903982,1.70444943416762,-1.28486948638011,0.19883789542582,0.860658226092284
"K21739",31.4828104869798,-0.0657768701398837,0.609720660783274,-0.107880336637082,0.91409061516896,0.997370795218308
"K21741",223.02139212143,0.140098648153736,0.265815215540575,0.527052779385951,0.598156937101131,0.992927693570313
"K21744",180.967613241507,-0.121863471175679,0.236935809581077,-0.514331165859413,0.607020475622775,0.992927693570313
"K21745",91.8458885445743,0.0130319770797019,0.309424997303467,0.0421167558964891,0.966405622748592,0.997942587160163
"K21747",6.47786488454081,-0.319297523933313,1.31594582332437,-0.242637286637452,0.808286393633545,0.997370795218308
"K21749",4.85782056619989,-1.05034828043544,1.5844875434417,-0.662894627845388,0.50739804259593,0.979329538491088
"K21755",6.357768330643,-0.279361832682155,2.04662534914692,-0.136498765051747,0.891427000759672,0.997370795218308
"K21757",44.0360041493583,-0.263797275453314,0.599608716746228,-0.439949033571106,0.65997402117854,0.992927693570313
"K21801",9.14869081790371,-0.850090801644612,1.21773485920107,-0.69809186722497,0.485119743840718,0.975590329039834
"K21802",4.28963482386253,0.250887682493099,1.73074529766233,0.144959332162835,0.884742980798797,0.997370795218308
"K21815",2.03233231154153,0.0571655970469678,2.29705974579463,0.0248864215010622,0.980145557953574,0.998573809130236
"K21825",8.41432159173624,-0.396835367711976,1.62961362875384,-0.24351500301052,0.807606464134445,0.997370795218308
"K21826",107.781928668808,0.282305510870285,0.433273910088964,0.651563605139111,0.514682732621045,0.979746666549689
"K21829",1.02392240961136,-1.59179342657011,3.42310347287181,-0.465014697681537,0.641920931287822,NA
"K21830",1.67458386016971,-2.51336297159503,3.09120245472857,-0.813069673825591,0.416178112485821,0.970910688763611
"K21832",33.8558228222206,0.266236841810739,0.552207517283748,0.482131867962121,0.629712272707346,0.992927693570313
"K21833",2.26365081521904,3.10271559740102,2.53748895498235,1.22275038530073,0.221423990082889,0.88506594528464
"K21834",130.974337270455,1.30029076873398,0.454995697209777,2.85780893469522,0.00426577162656209,0.214195325999025
"K21883",306.747989998435,0.0930117466093912,0.24550774047425,0.378854639897378,0.704795809704561,0.997370795218308
"K21885",42.8626746256094,0.836609604701226,0.624507916778703,1.33963010271603,0.180365632081455,0.848827148219077
"K21886",29.9392104789936,-0.0442906480792033,0.639797655568793,-0.0692260243433185,0.944809708363423,0.997942587160163
"K21887",3.61460792265196,-1.47661219937121,2.03539714964832,-0.725466378699776,0.468165963720315,0.9731410869362
"K21900",3.70639462179124,1.67644540335734,2.14445077807488,0.781759796259967,0.434355752512973,0.9731410869362
"K21902",23.896128208781,1.00627111541962,0.72746081133051,1.38326504980959,0.166583610383011,0.831694303422829
"K21903",486.556323496381,0.125130144012996,0.35057302836123,0.35693032232948,0.721143968894232,0.997370795218308
"K21908",1289.81970722224,-0.256228629275328,0.202212456561978,-1.26712584195719,0.205110296697155,0.870648592568751
"K21911",3.8081132103349,1.01242521295715,1.78326014105036,0.56773837403264,0.570212630639137,0.990848007156586
"K21929",1319.03518613192,-0.194287617559574,0.145471796956489,-1.33556896679902,0.181690199128347,0.848827148219077
"K21935",27.8470571558996,1.86357484517074,1.14243635741993,1.63122858710434,0.102842095401701,0.756660085209815
"K21947",63.2991622506523,-1.25725361443887,0.570940571539067,-2.20207439637672,0.0276600537213341,0.53510136360559
"K21948",142.228895294785,-0.0990318261443689,0.282384894093546,-0.35069803029748,0.725814903416179,0.997370795218308
"K21949",835.196889097879,0.030664634752808,0.190288756563311,0.161147906511258,0.871976909336347,0.997370795218308
"K21959",7.44409123525495,-1.82943290521092,1.527510201789,-1.19765675088016,0.231050672901772,0.888188252939584
"K21961",158.951740094902,-0.511114026673393,0.339293211195458,-1.50640805594826,0.131962453925199,0.800641307192464
"K21962",6.68500728629775,-0.691486508338907,1.44169732232872,-0.479633621863133,0.631487934626343,0.992927693570313
"K21966",2.60781909677064,-4.81379321116257,2.21868857986335,-2.16965700137108,0.0300328397268287,0.538557233280785
"K21973",7.00577541760653,-1.13328267155348,1.6709098276954,-0.678242866712061,0.4976177171632,0.978899117871614
"K21990",41.9419117100795,0.0134678405960712,0.687700527678757,0.0195838741632643,0.984375327921012,0.998573809130236
"K21993",143.821105625089,0.56618312058011,0.430730590370635,1.31447158209246,0.1886875552645,0.848827148219077
"K22010",610.115256999911,-0.166223968923304,0.179176378567603,-0.927711399527969,0.353557293653528,0.947770244518839
"K22024",123.287722035771,-0.23778728463268,0.320652617391509,-0.741572878983698,0.458346160672087,0.9731410869362
"K22025",184.469743237589,0.193209897609596,0.246804491724594,0.782845953327288,0.433717578589466,0.9731410869362
"K22027",92.6761462463727,0.112526844667665,0.356665007356098,0.315497293950445,0.75238410534737,0.997370795218308
"K22033",82.5329467367402,-0.773521372114154,0.526939455354198,-1.46795113604505,0.142117496446075,0.80901139713996
"K22041",36.6426334013135,-0.855947971761478,0.666415339856158,-1.28440616619994,0.198999876553028,0.860658226092284
"K22042",85.4206189928452,0.897585828618043,0.536020171814524,1.67453740701503,0.0940250291062387,0.75200560627888
"K22044",390.755519383454,0.0474543959639833,0.253403684079714,0.187267979691469,0.851450527341604,0.997370795218308
"K22063",30.8346337787542,-0.149205856177693,0.579650250758055,-0.257406696508049,0.796864833950726,0.997370795218308
"K22067",6.87017752695319,0.289744633549293,1.4548197982911,0.199161871380663,0.842136124132856,0.997370795218308
"K22068",186.413024451096,0.0913787966944833,0.337198415536131,0.270994146129646,0.78639553457532,0.997370795218308
"K22071",25.4745652036459,0.0276848898080105,1.01461626529106,0.0272860693792135,0.978231567757802,0.998573809130236
"K22072",64.12359299759,-0.696773834858984,0.614182139062256,-1.13447427162703,0.256595659994083,0.899605882022776
"K22073",16.4445937808459,-0.876553520035666,1.16579385138123,-0.751894101171601,0.45211474580029,0.9731410869362
"K22074",850.276641607789,0.143299280957165,0.167891032638781,0.853525520123966,0.393367941626852,0.965370132142093
"K22077",5.75723729048233,-0.3292387338168,2.029209864453,-0.162249720733321,0.871109206989117,0.997370795218308
"K22081",931.615097862512,-0.0775733971650568,0.192356413929399,-0.403279493417509,0.686742625719844,0.997370795218308
"K22082",758.091048794714,-0.067053839631219,0.20785073704559,-0.322605734212582,0.746993850478658,0.997370795218308
"K22083",1407.40816055807,0.0157852345396411,0.231385969515332,0.0682203617302522,0.94561021841302,0.997942587160163
"K22084",77.6495570597835,0.7711419262107,0.518507260659493,1.48723457648381,0.136952866905049,0.807360367143472
"K22085",3.1206782165541,-0.49379401893202,1.83057382324335,-0.269748213736135,0.78735396573497,0.997370795218308
"K22087",11.8925043058484,-0.984050157489391,1.49233701729707,-0.659402096231393,0.5096375963902,0.979329538491088
"K22104",12.9527907043626,-0.120778363015695,1.07133576050261,-0.112736237758957,0.91023967079867,0.997370795218308
"K22105",13.1553369131135,-0.0727336937303011,1.16420266565463,-0.0624751135485528,0.950184479727891,0.997942587160163
"K22107",72.8173520274813,0.81383769102758,0.388919938821124,2.09255841573576,0.0363885919762582,0.561047008846237
"K22108",442.193559797706,0.289868171851239,0.200150669587166,1.44824982324129,0.14754719505149,0.815874091147702
"K22112",77.1465009590965,-0.553798664605763,0.468501704513202,-1.18206328658119,0.237180590446614,0.889464343259094
"K22116",2.29521364995716,4.69666487622694,3.09194187413643,1.51900167189874,0.128762075141042,0.79828063991271
"K22129",89.2554294532167,0.634373303377311,0.411935812421877,1.53998094908929,0.123564997247895,0.785595295666288
"K22130",42.8154590308562,0.362261676798054,0.586550972096557,0.617613291992668,0.536830280604574,0.984070334914601
"K22131",72.2232692641159,-0.39241835299623,0.391734080448426,-1.00174677818948,0.316465907803684,0.92871793789011
"K22132",124.496002951454,0.855824808461401,0.405349955710851,2.1113233057114,0.0347445321702262,0.55341756161565
"K22133",87.1525727144513,-0.616841329896787,0.37728208838176,-1.6349605478027,0.102057318314163,0.755548259580255
"K22135",229.55410793802,0.90664672094469,0.318289915311624,2.84849339338016,0.00439267653794662,0.214195325999025
"K22136",302.915389774621,0.411950696450602,0.249915595040148,1.64835930460612,0.0992789617282966,0.755548259580255
"K22153",0.426175732212941,2.24412382656333,3.47498308480179,0.645794172748135,0.518412662360144,NA
"K22185",174.458223527692,-0.0109849018482568,0.262237814247261,-0.0418890840735093,0.966587118408619,0.997942587160163
"K22186",523.594393884138,-0.0759013862300161,0.196668174491878,-0.385936293079034,0.699543850978929,0.997370795218308
"K22187",1207.39310662217,-0.0945175964786612,0.137791036805118,-0.685948800953868,0.492745394901934,0.978141256237216
"K22205",220.55609522512,-0.0436416793968813,0.246783078185289,-0.176842268593936,0.859632286720925,0.997370795218308
"K22209",131.555106196237,0.173035230078216,0.314309222363217,0.550525462718546,0.581959017247351,0.992186816903
"K22210",225.341852766461,0.405041570390292,0.26295658088798,1.54033631340393,0.123478396551978,0.785595295666288
"K22213",91.0933792859962,-0.285673953413211,0.420243523731555,-0.679781929478811,0.496642550305069,0.978899117871614
"K22215",11.0306468660294,-0.942511712525673,1.54657534954152,-0.609418553583619,0.542247043036072,0.984845345729267
"K22216",4.54467366329061,0.014424117103789,2.08818269525667,0.00690749767084729,0.994488658082275,0.998573809130236
"K22217",3.80739887100989,-2.11493187056399,2.18646145450956,-0.967285229841102,0.333401465312046,0.942303622347259
"K22223",11.2780590176862,1.99226623191612,0.918474006902701,2.16910464198598,0.0300747403631772,0.538557233280785
"K22225",784.838532369235,-0.225886745735481,0.184821287237692,-1.22219009028422,0.221635750467227,0.88506594528464
"K22226",1.61788774093944,-0.249571985746756,3.32417939417184,-0.0750777729337716,0.940152832532818,0.997774305289909
"K22227",1274.95608000513,1.25422243613483,0.606841407769082,2.06680430846949,0.0387525973465789,0.574478478981834
"K22230",57.9340573365053,0.578591814265595,0.483099171002725,1.19766675042034,0.231046778457769,0.888188252939584
"K22250",28.0690502695092,0.307577566496791,0.646526051740241,0.475738859507502,0.63426043271832,0.992927693570313
"K22252",21.9514494593136,0.521166637836234,0.993974367901318,0.524326033614556,0.600051792672809,0.992927693570313
"K22268",70.7407628554292,0.662688284930706,0.52560485524566,1.26081081313637,0.207377017016464,0.876038042885158
"K22270",57.8584425442357,0.684640797309329,0.460854276049908,1.48559063654036,0.137387433242897,0.807360367143472
"K22278",1585.31695227897,0.251556076584067,0.139094402052273,1.80852768244067,0.0705244123810817,0.688718930590573
"K22292",36.3697410997687,0.60060927702035,0.751546359370659,0.799164641717242,0.424194951345445,0.972723098477607
"K22293",44.9586229272565,0.32346184222571,0.72495083598637,0.446184521996731,0.655463962461569,0.992927693570313
"K22294",17.5759135509732,-0.679993993009439,1.03363674766041,-0.657865535981157,0.510624538054117,0.979329538491088
"K22295",10.1678894304609,0.286130918162617,1.51019468418932,0.189466246410616,0.849727407406506,0.997370795218308
"K22296",25.6493012212422,-0.497745074082403,0.786842524897001,-0.632585375514063,0.527004439753719,0.983668472177992
"K22297",363.198607324223,-0.168412261477079,0.198115665299781,-0.850070393081964,0.395285950990492,0.966076934033148
"K22298",6.5461337064427,0.172873330002328,1.73240745550031,0.0997879162049688,0.920512701635599,0.997370795218308
"K22299",1417.24001231777,0.114122225883834,0.736069013510105,0.155042834013101,0.876787548910265,0.997370795218308
"K22300",14.4478072551569,-0.276147273185616,1.02171237441043,-0.270278877012686,0.786945714536105,0.997370795218308
"K22303",120.797718794779,0.116436234095625,0.331090314626044,0.351675144067973,0.725081903419723,0.997370795218308
"K22306",43.3880505029165,-0.244919595027318,0.517676634892176,-0.473113095162834,0.636132494636265,0.992927693570313
"K22309",4.83553940458145,-1.56681525571037,2.09853766877489,-0.746622411893642,0.45529151602883,0.9731410869362
"K22310",88.1603026286028,-0.604352382943705,0.40622046054284,-1.48774481259782,0.13681820470079,0.807360367143472
"K22311",94.2108829350591,0.126340175350936,0.41268182288004,0.306144269862015,0.759494802548439,0.997370795218308
"K22314",2.130358237849,-0.76388536587406,2.60509798498023,-0.293227114787337,0.769348559916293,0.997370795218308
"K22316",75.0889576609782,-0.141827918596689,0.388101897296251,-0.36543990015186,0.714783061665321,0.997370795218308
"K22317",309.555949149739,-0.499662224023343,0.273159331832003,-1.82919697698866,0.0673701051572086,0.67811690720424
"K22318",16.2739518052385,0.12449661882289,1.13606599903568,0.109585727350845,0.912737930402325,0.997370795218308
"K22319",0.936151889626022,-3.32453301854873,3.4233643397373,-0.971130352664666,0.331483370736234,NA
"K22320",9.4888383982454,-0.801676703361149,1.14224713993207,-0.701841725258181,0.482777874270368,0.974469580961331
"K22330",8.50234241208546,2.17128484362763,1.46073858474986,1.48642944486843,0.137165566268073,0.807360367143472
"K22336",372.884331774427,-0.3159027924148,0.259581387512473,-1.21697012040057,0.223615584494293,0.886760339895229
"K22342",101.253873750168,0.413649075967217,0.384949614932157,1.07455381151665,0.282574540429514,0.913930207303918
"K22343",91.3365882469536,0.761051520857132,0.447382738314035,1.70111954637579,0.0889205412218424,0.739646001913353
"K22344",9.68644045573283,0.954796413559852,1.42128081206741,0.671785902865313,0.501720004505131,0.979329538491088
"K22348",67.6310637731773,0.540199375026322,0.424148986014689,1.27360760685071,0.202802515025,0.864672698897356
"K22349",407.732188121312,1.38770663306235,0.750589894458124,1.84882136478027,0.0644836112901461,0.673390891931288
"K22350",1393.1288921454,0.893511521011625,0.529086246820634,1.68878236087383,0.0912611453497005,0.749263962924255
"K22364",12.0374631074086,-1.4402967891724,1.15945856859423,-1.24221496842156,0.21415725838813,0.883664559728345
"K22369",131.351066131143,-0.159070054590323,0.339112936152694,-0.469076928751246,0.639014649403675,0.992927693570313
"K22373",987.139566231497,-0.126296589073848,0.165448142909278,-0.763360572400634,0.445248386977834,0.9731410869362
"K22390",811.40721405799,-0.18061816656655,0.17306376168603,-1.04365099202122,0.296646891643548,0.921603082140073
"K22391",84.6855743362691,1.46039223177399,0.472812917762981,3.08873166723858,0.00201012903675374,0.144785916074936
"K22396",102.552306803817,-0.731189715299827,0.365331554957723,-2.00144144511262,0.0453448380660573,0.610284468809643
"K22397",2.20861900492146,-0.645431183185982,2.83404082116968,-0.227742373491853,0.819846528635766,0.997370795218308
"K22399",9.17047065768731,-0.45863805312448,1.17193246109787,-0.391351949322086,0.695537104555016,0.997370795218308
"K22408",1.33679494106729,3.03622454917784,3.4157664777879,0.888885282094619,0.374064736094416,NA
"K22419",115.016980965442,-0.0496680397026355,0.428823272900299,-0.115824030180804,0.90779200535593,0.997370795218308
"K22438",32.7725793374466,0.574865167647058,0.634464218539033,0.906063968383887,0.364901995275867,0.950060596598327
"K22441",44.9274170933091,-0.0562910378084446,0.595705900487312,-0.0944946789387116,0.924716209125379,0.997370795218308
"K22443",16.8503990796757,0.53932157582198,1.01192845584043,0.532964136653379,0.594058406257393,0.992927693570313
"K22447",1357.28754272752,0.248464542618443,0.523330536323408,0.474775548860571,0.634946962670565,0.992927693570313
"K22450",5.33040132563885,1.56438729869713,1.84277930693833,0.848928188420058,0.395921252495644,0.966076934033148
"K22451",75.0370956602642,-0.529246563315012,0.425300200210019,-1.24440704014168,0.213349793157185,0.883645858380624
"K22452",1042.74773522699,-0.34701554856001,0.153274830361081,-2.26400869433371,0.0235735800395358,0.503532460105718
"K22463",98.9969713268386,0.318829842750409,0.504769926171717,0.63163399049639,0.527626070421854,0.983795932676364
"K22468",1395.42410985229,-0.296094367224563,0.188132301654161,-1.57386246073184,0.115519250140174,0.770657279263456
"K22476",41.7437549238072,-0.350458414318281,0.634344093875269,-0.552473677459968,0.580623863989143,0.992186816903
"K22477",4.59318643513633,-3.00712876650361,2.24149127027141,-1.34157505156801,NA,NA
"K22478",2.7021223258774,-0.975751720851613,3.06324905841524,-0.318534896198227,0.750079228678308,0.997370795218308
"K22479",238.896487210378,-0.2843087807412,0.264359032530012,-1.07546459835422,0.282166773752823,0.913930207303918
"K22486",40.9467882332591,-0.558756181903417,0.63020268973415,-0.886629319432336,0.375278503247693,0.956808410366297
"K22489",13.0406393355168,-2.14208148751016,1.34587821262989,-1.59158642097672,0.111477663172238,0.761785500084045
"K22491",149.050236542318,-0.286527209907602,0.338100200031331,-0.847462408720996,0.396737431409121,0.966076934033148
"K22515",318.256002217409,-0.0118972030102624,0.295732794897028,-0.0402295694476663,0.967910103695686,0.997942587160163
"K22522",290.883849544509,-0.262447394731325,0.246337170299215,-1.06539908050637,0.286695372705209,0.919823007337143
"K22539",21.7766552457802,-0.524439615696349,0.952575736183757,-0.550548996552629,0.581942880450858,0.992186816903
"K22549",8.6705460863942,-1.16266249746703,1.21659923857165,-0.95566597496153,0.339241017890727,0.945600916012535
"K22550",3.11307441980225,2.1166183573737,2.32967669001246,0.908545965389895,0.363589840135181,0.950060596598327
"K22551",11.2596540665036,0.861672860460774,1.15208357729084,0.747925651789103,0.454505003975976,0.9731410869362
"K22552",4.64409293517806,0.106464239088061,1.39027784152517,0.0765776709576746,0.93895952277661,0.997774305289909
"K22553",107.553402619955,0.114435177815385,0.473300638319822,0.241781160958541,0.80894973726324,0.997370795218308
"K22579",364.611725525967,0.125623517416436,0.233144317363419,0.538822986710918,0.590009000995035,0.992927693570313
"K22580",11.3422837847941,-0.0779999214806466,1.25062847173111,-0.0623685796731301,0.950269316019393,0.997942587160163
"K22585",8.19227489258257,0.185531410452594,1.21496688286131,0.152704911606855,0.878630987294801,0.997370795218308
"K22589",81.9108043573196,-0.211137179220921,0.413411931792102,-0.510718639168591,0.609548087160123,0.992927693570313
"K22602",9.3591800594467,0.356523177604145,1.23094914807681,0.289632742474507,0.772097215267756,0.997370795218308
"K22616",34.698945310427,-0.844966452495945,0.515702056533577,-1.63847795794262,0.101322028447015,0.755548259580255
"K22617",2.28295976230259,-0.917415332738329,2.31502179818965,-0.396287988932004,0.69189258693379,0.997370795218308
"K22622",91.5182209081214,-0.499006726064038,0.405692077373892,-1.23001348533643,0.218692055028053,0.883664559728345
"K22684",105.289344295287,-0.14623169164737,0.386743837436203,-0.378109946409921,0.705348919712957,0.997370795218308
"K22686",14.7229441188563,0.321582980304018,0.844262350806905,0.380904087451803,0.70327441938104,0.997370795218308
"K22694",1.17483791659795,0.165922432687708,3.36055748637573,0.0493734844175069,0.96062165875243,NA
"K22699",220.92667641025,0.464558265376549,0.459087157013375,1.0119173631403,0.311577566604475,0.92871793789011
"K22704",30.1562526623325,0.445711865497473,0.807375753101817,0.552050100322081,0.580914028397143,0.992186816903
"K22705",313.562068529543,0.0648277213905748,0.229387907357565,0.282611765098509,0.777474460611851,0.997370795218308
"K22708",99.2027171779682,0.171479321353317,0.340886526373067,0.503039305125393,0.614936638095227,0.992927693570313
"K22712",0.795530248703533,3.1588026112006,3.43230076044224,0.920316380081331,0.357407451728188,NA
"K22719",542.135215199686,-0.107426640617429,0.182881371897513,-0.587411607332161,0.556927300070796,0.988149645670342
"K22721",8.49281113694304,0.0911580491393295,1.83556009951874,0.0496622524989674,0.960391537463317,0.997942587160163
"K22723",9.31862384725967,0.100857758894373,1.26732505694194,0.0795831806069885,0.936568772712963,0.997370795218308
"K22736",313.26876344768,-0.00277181373470374,0.268412840883864,-0.0103266808159265,0.991760647254118,0.998573809130236
"K22737",157.895281142993,0.157780728843401,0.314243832906143,0.502096500619398,0.615599641629964,0.992927693570313
"K22745",6.33350702418759,-0.123963708671196,2.0289536826633,-0.0610973575840707,0.951281673563783,0.997942587160163
"K22747",100.73857991942,-0.244197887481207,0.534578111613662,-0.456804875051989,0.647811301435108,0.992927693570313
"K22757",135.995385355007,-0.27770529586326,0.316057615471247,-0.878654024675841,0.379588893773426,0.961900349701933
"K22769",763.219808747931,0.20475677456748,0.226569655466125,0.903725497336485,0.366140975553518,0.950060596598327
"K22770",316.162942603002,0.148243757761582,0.218513983286715,0.678417717401041,0.497506878566645,0.978899117871614
"K22797",3.19914847785936,2.54360033412102,2.63884350853614,0.963907229016414,0.335092439217858,0.943225460941997
"K22818",130.504095227003,-0.650601220988002,0.34189798627222,-1.90291036247868,0.0570522425960176,0.663242882944981
"K22819",23.299773576486,0.948434410730177,0.738950337907141,1.28348870293007,0.199320914942394,0.860658226092284
"K22820",9.16339174328862,1.3709258833634,1.26315677515115,1.08531728628804,0.277781152316997,0.912317125798179
"K22822",12.8255959605079,0.857595276520463,0.788186781641309,1.08806097297727,0.276568191174909,0.912317125798179
"K22843",35.1209924671147,-1.48703135852941,0.645658428450462,-2.30312390112863,0.0212718728837413,0.479911506804299
"K22844",556.572424141682,0.00832141439873097,0.208184365766672,0.0399713704152857,0.968115951143855,0.997942587160163
"K22847",4.32309265061605,0.649330641636611,1.52421875700407,0.426008824949054,0.670101415514042,0.994853093087159
"K22879",128.263387296912,-0.518588322701027,0.334716655414333,-1.54933527899616,0.121301143218431,0.780314228501808
"K22881",217.252347312504,-0.479845613802488,0.350147095074317,-1.37041152290766,0.170558477112674,0.831694303422829
"K22893",40.1283376863941,-0.0412414696443597,0.510760165173,-0.0807452743116542,0.935644530645805,0.997370795218308
"K22894",1134.68560832736,-0.56512006292044,0.157395460989166,-3.59044701396656,0.000330111334320902,0.0470723043154257
"K22895",2.83340507850294,2.43368767465756,3.01340184109602,0.807621353869086,0.41930859012436,0.971841774866404
"K22900",56.1018303737435,0.489697087255877,0.516791339292639,0.947572163121295,0.34334730303813,0.947770244518839
"K22901",8.53527487991825,-0.0912839516643697,1.02130854760517,-0.0893794063296717,0.928780389327636,0.997370795218308
"K22905",143.554042459748,-0.40390051059687,0.339728544557891,-1.18889188755831,0.234482212861963,0.888188252939584
"K22907",62.8507772173005,0.522441855242851,0.527804462955731,0.989839783311324,0.322252436057805,0.931476967602338
"K22908",16.7613448460978,0.574156102569032,0.859240541796819,0.668213468336088,0.503997339435935,0.979329538491088
"K22922",1.39854495311173,0.163160046697394,3.33844452026705,0.0488730741837646,0.961020446900302,NA
"K22927",73.5247555925316,1.60873487565866,0.455884627859849,3.52882018244587,0.000417416656420587,0.0581374036116952
"K22928",0.351016630132281,1.99788206038668,3.4917447470562,0.572172998060938,0.567204778676008,NA
"K22934",2535.11222608696,-0.23431443414278,0.1420300762332,-1.64975222401528,0.0989936240122306,0.755548259580255
"K22935",10.6914491416638,-1.0915513818939,1.16570063510976,-0.936390827127864,0.349071999057272,0.947770244518839
"K22958",62.4185084957167,-0.0239277310567104,0.495914246025082,-0.0482497352082525,0.961517213351704,0.997942587160163
"K22969",190.487938032782,-0.178870494970148,0.414480096999611,-0.431553882236994,0.666065682983533,0.992927693570313
"K23007",72.3205016819827,0.400978193053989,0.587869588380126,0.68208698150024,0.495183952003084,0.978899117871614
"K23010",134.046561833885,0.416047980513297,0.348764722187454,1.19291876169081,0.232901190647024,0.888188252939584
"K23016",11.8466995605074,1.54613868986017,1.29014990654008,1.19841785983351,0.230754382967009,0.888188252939584
"K23054",115.533885841277,-0.055350053190732,0.37722687430634,-0.14672881748553,0.883346071714728,0.997370795218308
"K23055",2.64370113438398,1.13093058798687,2.72290815071369,0.415339234887687,0.677893583061025,0.997370795218308
"K23060",4.72645477528945,-0.382210687659182,1.56998965375502,-0.243447902185235,0.807658439162917,0.997370795218308
"K23077",6.52620913606932,0.597504626451342,2.2049203545486,0.270986943006232,0.786401074635975,0.997370795218308
"K23086",40.4503015231782,-0.190299362020449,0.647992998495359,-0.293675028067162,0.769006238018533,0.997370795218308
"K23107",1464.20780933879,0.0382414684282669,0.123210435960642,0.310375238348176,0.756275621940004,0.997370795218308
"K23124",27.5940919154703,-0.78489245972477,1.01835871451158,-0.770742616074353,0.44085950658208,0.9731410869362
"K23127",46.0532187300743,-0.027025343789059,0.612951598235226,-0.0440905021976756,0.964832263572146,0.997942587160163
"K23139",40.2333054650197,0.625082432887914,0.538863600568578,1.1600012178005,0.246048310284359,0.89579533756415
"K23149",17.7574282026187,0.34342689651512,0.742089664069747,0.462783559916073,0.643519516423476,0.992927693570313
"K23155",8.05740112914843,0.548046494724943,1.6647499586434,0.329206492470224,0.741999615927424,0.997370795218308
"K23163",279.935237184532,0.250725149736643,0.241142028846395,1.0397405667361,0.298460448062634,0.921603082140073
"K23167",93.5265644873581,-0.0667016306141351,0.486116916200172,-0.137213144392344,0.890862321458797,0.997370795218308
"K23169",4.4639071278525,-2.10969375357129,2.3297694853933,-0.90553755073118,0.365180675800159,0.950060596598327
"K23170",34.6877444924739,-0.489378080734731,0.626456000098845,-0.781185080288982,0.434693647450471,0.9731410869362
"K23176",16.0068858614837,0.660410885729175,0.846527222354085,0.780141344885113,0.435307682736522,0.9731410869362
"K23186",2.15023051429194,2.20660851202215,2.28260534961787,0.966706098534097,0.333690977551325,0.942486736234371
"K23187",5.40355426656361,2.0701467530826,1.75678466911615,1.17837250601925,0.238648133630423,0.890239289508822
"K23188",9.04349757292188,0.0180575159331427,1.19351760251972,0.0151296603376609,0.987928738140108,0.998573809130236
"K23205",3.64311345732443,5.35975269317294,2.29951474475932,2.33081901535445,0.0197629050049209,0.47534151837137
"K23227",0.37618594465615,0.77131084060658,3.52859035441962,0.21858894434728,0.826970265679965,NA
"K23237",1.04430241633619,-1.64030649047807,3.42152282750092,-0.479408314126652,0.631648179908008,NA
"K23238",6.81415181037422,0.58212176353732,1.76471112095532,0.329868020110957,0.741499688472835,0.997370795218308
"K23242",114.412162330698,-0.675704050758749,0.465745050856596,-1.45080242831566,0.146834883301915,0.814133364640594
"K23243",47.9094896590589,0.145584712029365,0.911060165498397,0.159797033766395,0.873040960767915,0.997370795218308
"K23244",24.6923243044055,0.752717366439596,0.923321073065759,0.815228189193499,0.414941704987044,0.969222258645634
"K23245",85.1235464817955,-0.298900169263245,0.459580735068262,-0.65037575872028,0.515449531895191,0.979746666549689
"K23246",49.5296969032004,-0.302402608331885,0.587642264443147,-0.514603231642031,0.606830306407843,0.992927693570313
"K23247",12.5681542517939,-1.04120482567605,1.06435229237867,-0.97825206290401,0.327949672557659,0.937066120681212
"K23248",61.2943693951337,-1.17165717726937,0.544172067601601,-2.15310054856981,0.0313107771624152,0.548304808262294
"K23253",29.4369817551339,1.68722027654879,0.887422735291209,1.90125879071052,0.0572681239083815,0.663242882944981
"K23256",80.2048560501103,0.00997349349451454,0.421776285510047,0.0236464064888185,0.98113465546137,0.998573809130236
"K23257",73.9645272109518,0.618376109110206,0.518205785948039,1.19330220904213,0.232751037663956,0.888188252939584
"K23258",89.6427964600109,-0.287506076083653,0.441774798136136,-0.650797821190008,0.515177006884279,0.979746666549689
"K23259",6.89003375756531,1.37018517639344,1.21564150574197,1.12712931396427,0.259687811015238,0.902235629679475
"K23262",627.161274791493,-0.111839082616681,0.164202474107013,-0.681104735022413,0.49580522117766,0.978899117871614
"K23264",386.516094136148,-0.193490747254981,0.207321599770102,-0.933287932707165,0.350671323990741,0.947770244518839
"K23265",985.179515002932,-0.0454778320605665,0.154589308312257,-0.294184847303315,0.768616658711379,0.997370795218308
"K23269",1413.73610845189,0.0782358358459731,0.141584161206098,0.552574773756569,0.580554619702977,0.992186816903
"K23270",10.4395914235734,-0.369675181023217,1.06075914875584,-0.348500582301653,0.727464276585593,0.997370795218308
"K23271",101.570486249587,0.134960511365907,0.38403376063005,0.351428767992921,0.725266703276684,0.997370795218308
"K23293",7.8330906596984,2.24769688482297,1.37950733138653,1.62934754581103,0.103239466294706,0.757863187685676
"K23300",134.544441243703,-0.193812657380091,0.397050517335281,-0.488130978095239,0.625457070007184,0.992927693570313
"K23349",90.4882850569334,0.15623863474729,0.389413350822013,0.401215403677058,0.688261540803418,0.997370795218308
"K23356",203.120410595656,-0.510819115986117,0.238691235898462,-2.14008325049445,0.0323480394459253,0.551495800429007
"K23359",173.862091669087,0.10765869728429,0.350330704633937,0.307305913698839,0.758610534855268,0.997370795218308
"K23371",4.62814264958904,-2.40011841502127,2.07860804299613,-1.15467580485338,0.248223211163937,0.896664516291802
"K23385",7.71282620034257,-1.07053495398896,1.26110441683399,-0.848886848462988,0.395944257601285,0.966076934033148
"K23393",156.683131684385,-0.307888175611517,0.266341436673703,-1.15599051899954,0.247685035050183,0.896664516291802
"K23398",11.1798817044096,-0.0777144243148864,1.23583976897346,-0.0628838998921676,0.949858955493256,0.997942587160163
"K23414",2.33043416851387,0.138358972004672,2.84036585312295,0.0487116727771345,0.961149073389176,0.997942587160163
"K23424",93.4861163385324,-0.0712134903231118,0.400337493925313,-0.177883639188682,0.858814359959453,0.997370795218308
"K23446",5.22529498957328,-1.36081468604134,2.01734551519622,-0.674557073040101,0.4999572137262,0.979189496323257
"K23448",16.9129707112188,0.0766876259488939,0.915936447568913,0.0837259246014708,0.933274344658932,0.997370795218308
"K23462",0.922263545867294,3.38449632401378,3.42526236619702,0.988098417632019,0.323104450656466,NA
"K23463",92.7296504644023,-0.164829033632704,0.354788409661665,-0.464584042612579,0.642229361894343,0.992927693570313
"K23464",249.974223229845,0.290328740392152,0.246152288949281,1.1794679693268,0.238211883894522,0.890239289508822
"K23465",3.18892797973788,-0.227951533739415,2.34492590943791,-0.0972105484535569,0.922559191267347,0.997370795218308
"K23466",6.80746814350977,-0.255967621273873,1.24707985818028,-0.205253592698847,0.83737399974159,0.997370795218308
"K23499",97.831093116591,1.076521459527,0.552986266710974,1.94674176255747,0.0515657020700489,0.638739517649588
"K23504",4.52617668425361,0.0542962034692742,2.44112204792225,0.0222423141503671,0.982254664118646,0.998573809130236
"K23508",3052.3574444288,-0.175929101241477,0.165599748966775,-1.06237541022345,0.288065292345101,0.921101460680626
"K23509",195.706135053905,-0.222224580209759,0.259076091760666,-0.857757960989505,0.391026127453545,0.96389527995257
"K23514",95.5263430775785,-0.306943561073472,0.459595204025124,-0.667856318745861,0.504225312629321,0.979329538491088
"K23518",69.4909641947985,-0.499615342560457,0.46110599763369,-1.08351516814873,0.278579821954545,0.912317125798179
"K23526",5.31329391873583,-3.28500469512743,2.03437395106002,-1.61474968425336,0.10636491332861,0.759017135201614
"K23535",904.054427917973,-0.213039621452882,0.145360326826888,-1.46559674227064,0.142758179303115,0.80901139713996
"K23536",924.622691841538,-0.118505466833957,0.159116234640304,-0.744772946028099,0.456408992448097,0.9731410869362
"K23537",818.38115009496,-0.135536436408866,0.206089194145037,-0.657659111974017,0.51075720148811,0.979329538491088
"K23541",90.4102990566754,-0.3779560751295,0.358787926110313,-1.05342473261849,0.292146373752,0.921603082140073
"K23548",12.807366549926,-0.530832868621104,2.99869181909263,-0.177021481581167,0.859491516183139,0.997370795218308
"K23549",21.6380671550281,-0.891977821273087,0.86983589667337,-1.02545528953725,0.305148411510802,0.923868889060477
"K23555",46.4392117040035,0.100724318843167,0.496831414079927,0.202733394042114,0.839343420467033,0.997370795218308
"K23556",1.00790665157259,-0.773271158978797,3.39359470133486,-0.227861965565491,0.819753551993984,NA
"K23617",5.80948438044241,-1.05553184128335,1.82759222115868,-0.577553257812706,0.56356577224496,0.988149645670342
"K23675",5.43232996590088,0.665181206019559,1.74644376502973,0.380877540599331,0.703294118638269,0.997370795218308
"K23677",138.705110704548,0.139989375983289,0.36596847244004,0.382517584233227,0.702077488464213,0.997370795218308
"K23683",1.72058894953849,-2.52047764501772,3.06213743339768,-0.82311055589071,0.410445126522592,0.968959956833116
"K23684",19.1459694168735,-0.213670799311565,0.673818702916916,-0.317104286934451,0.751164472124744,0.997370795218308
"K23734",19.5268284462347,1.55769396921809,1.00267885995677,1.55353227381821,0.120296025116149,0.778883207834244
"K23743",206.117780102364,-0.586264186788806,0.48803050326372,-1.20128595009563,0.229640298573853,0.888188252939584
"K23753",53.4061213043651,-0.264364318977062,0.467706005348032,-0.565236101213501,0.571913184539125,0.990848007156586
"K23773",7.73450507647938,-0.562148329884356,1.21352022314276,-0.463237710557893,0.643193988524337,0.992927693570313
"K23774",160.965333755536,0.705857396409077,0.256680907371852,2.74994117652275,0.00596059638657733,0.254985798280083
"K23775",230.16704507363,-0.0354849250712989,0.316483213184115,-0.112122613753468,0.910726187298116,0.997370795218308
"K23776",30.1152572408374,-0.40051596159678,0.739198825191367,-0.541824402241295,0.58793947921795,0.99260501002599
"K23777",59.32567853598,0.0299709219651627,0.448509199968402,0.0668234274063366,0.946722272718205,0.997942587160163
"K23778",20.11593705163,-0.874198170178424,0.78471269419971,-1.11403597347176,0.265263754203277,0.906750653765962
"K23779",344.000410875904,-0.177884369457662,0.239172319120248,-0.743749820681495,0.457027842754075,0.9731410869362
"K23786",105.156706351012,0.203328695980023,0.446959246006986,0.454915515892125,0.649170019931341,0.992927693570313
"K23812",43.3085189839046,-0.26880737555693,0.5887238284195,-0.456593333887259,0.647963371477772,0.992927693570313
"K23825",11.6014102031317,-0.889145663032965,1.10298591623615,-0.80612603474313,0.420170181366191,0.971957982310591
"K23842",234.51299230079,-0.438542695914787,0.305900079340774,-1.43361419473922,0.151682390483316,0.815874091147702
"K23876",5.91519271927053,1.80673715894752,1.71520871626137,1.05336286005219,0.292174719195381,0.921603082140073
"K23911",49.4988228738479,-0.465222807799372,0.569471940927393,-0.816937191043602,0.413964322669032,0.968959956833116
"K23948",138.218699882486,0.104990261511595,0.33764792424944,0.310945970554916,0.755841696058656,0.997370795218308
"K23976",2.61774757898829,-1.07749929187178,2.49333653265673,-0.432151567892711,0.665631257164219,0.992927693570313
"K23980",789.950843612077,0.243299862531628,0.15247333902901,1.59568790242954,0.110558490917119,0.759768797625471
"K23987",17.4325979174148,0.283876428273886,0.886526346155413,0.320212060820267,0.748807580960253,0.997370795218308
"K23988",73.6280404628558,-0.473622918914541,0.552993901541482,-0.856470419645329,0.391737627871821,0.96389527995257
"K23989",25.1865623555287,-1.0468632915166,0.948778532038042,-1.10338003671718,0.269862162357586,0.909608702338379
"K23992",112.492772460564,0.296112402834702,0.441186575735708,0.671172739879755,0.50211049248275,0.979329538491088
"K23993",54.5925171145922,-0.510831968654499,0.435421897219924,-1.17318851421128,0.240720216980423,0.89029641349834
"K23995",7262.64467277449,0.00429313360803191,0.179667776225362,0.0238948446862665,0.980936486454701,0.998573809130236
"K23997",275.784814870582,-0.519199477362223,0.209312318807806,-2.48050129261126,0.0131197788096936,0.387065789612092
"K24012",269.630241771068,0.141842288963277,0.225797389572021,0.628183918477211,0.529883463875685,0.984070334914601
"K24017",80.01828945994,-0.524408000585241,0.472817111405594,-1.10911383690467,0.267381076447807,0.908595789052828
"K24018",2.21868339422643,-2.9382699721666,2.86272484813074,-1.02638923684377,0.30470814932607,0.923868889060477
"K24033",160.620991546259,-0.464110914296836,0.391439449562777,-1.18565186726895,0.235759810108853,0.888188252939584
"K24040",2.59361671816603,-0.834272184085095,2.4253378749597,-0.343981839684484,0.730859943505662,0.997370795218308
"K24042",568.393433711357,0.285931943465357,0.189541105499893,1.50854846346519,0.131414212878282,0.800641307192464
"K24085",2.54753601240965,-3.98540204862032,2.70184891396156,-1.47506473364448,0.140195140650868,0.80901139713996
"K24104",21.5273751917351,0.614032118969798,0.966090077649425,0.635584748436489,0.525047112823537,0.982800269557903
"K24105",930.33346117404,0.0724125740705677,0.178648422334541,0.405335648220652,0.685230806310744,0.997370795218308
"K24116",112.648498365996,-0.349730012814296,0.402150743162351,-0.869649052651651,0.384492222302249,0.963622578411872
"K24119",943.762347453809,0.17610346621982,0.266606474606189,0.660537094907193,0.508909221811727,0.979329538491088
"K24120",326.946443242009,0.0321670799833445,0.200502889112004,0.160432002380651,0.872540781848702,0.997370795218308
"K24126",926.232747649896,0.210152686901803,0.221082721267839,0.950561336031345,0.341827103664308,0.947770244518839
"K24129",68.4499033583896,0.349892359865951,0.573980521028292,0.609589257905678,0.542133929270171,0.984845345729267
"K24131",600.696726094763,-0.0552140332367351,0.165351112110303,-0.333919938802121,0.738439973542315,0.997370795218308
"K24136",91.8051569173437,0.603284757735048,0.435320388278918,1.3858408059411,0.165795519112164,0.831694303422829
"K24138",446.287267204355,-0.0940434624760181,0.214498102738997,-0.438434938468668,0.661071023983645,0.992927693570313
"K24158",4363.18643469029,-0.133681126632516,0.145856268662887,-0.916526439747944,0.359390846457562,0.950060596598327
"K24160",229.945680177328,-0.128088352219256,0.277424269222529,-0.461705648818032,0.6442924196517,0.992927693570313
"K24163",425.094392699307,-0.0512799988042519,0.252745856688305,-0.20289155073071,0.839219798477448,0.997370795218308
"K24180",59.6112710414878,1.47954582563118,0.388045030524839,3.8128199287337,0.000137390213148946,0.0316473071749629
"K24192",3.66879770357866,1.21009447675053,2.50319839474688,0.483419324369172,0.628798029863523,0.992927693570313
"K24200",57.8277146615443,0.400528863283455,0.588868955771317,0.680166375486429,0.496399120268573,0.978899117871614
"K24206",318.45527526701,0.005273344559155,0.187165579438132,0.0281747561436536,0.977522770908588,0.998573809130236
"K24217",43.3809499670204,0.015439873030186,0.543671813890217,0.0283992523351667,0.977343720512128,0.998573809130236
"K24241",127.626374107168,-0.00860564371037306,0.388234755191036,-0.0221660827509854,0.98231547298321,0.998573809130236
"K24256",10.5135506533079,0.428515625870497,1.19513582589013,0.358549728480729,0.719931960155352,0.997370795218308
"K24268",4.71622079928621,-0.297758045973515,2.0838142441744,-0.142890877536681,0.886376363311683,0.997370795218308
"K24288",74.0265568667799,-0.517603260091097,0.369738521928674,-1.39991704783995,0.161538160343352,0.828697110513083
"K24300",24.8859560272313,0.414903416070809,0.588086910423632,0.705513774778511,0.480490562715515,0.974469580961331
"K24310",6.92774850894731,-4.16352992004275,1.59282925404107,-2.61392105241645,0.00895097168562055,0.310581021665973
"K24389",6.11896939196538,-0.82268553053012,1.82401240572493,-0.451030666210384,0.651967447104544,0.992927693570313
"K24408",1.66268150654922,-0.364764298110548,2.7491723654224,-0.132681494510259,0.894445278695974,0.997370795218308
"K24409",23.5328113986193,-0.273241825093462,0.850110767765372,-0.321419084964321,0.747892822089559,0.997370795218308
"K24410",7.67687010360967,1.22008657391805,1.21213957588388,1.00655617405147,0.31414810414673,0.92871793789011
"K24411",51.5956736339106,0.812749937360525,0.593166230959152,1.37018915599141,0.170627862475327,0.831694303422829
"K24419",9.32904865297698,-2.1315639013925,1.63659841536275,-1.30243551587458,0.192767548215846,0.852018336726716
"K24443",0.961593761027776,0.815437669831795,2.99568314527244,0.272204245338382,0.785464977739464,NA
"K24450",67.0548140287887,-0.854619144008978,0.727044148096213,-1.17547076920545,0.239806425010402,0.89029641349834
"K24451",24.9124795799896,-0.184415580039788,0.708766566913127,-0.260192267311603,0.794715468695218,0.997370795218308
"K24473",1.40406652052912,3.98785106050481,3.41100814803075,1.16911214733013,0.242358450398907,NA
"K24510",3.63706543229727,0.687708280160116,2.59222815435462,0.265296200492558,0.790781291247656,0.997370795218308
"K24511",3.2633970556607,0.769167402608629,2.64379988573251,0.290932534931825,0.771102917765207,0.997370795218308
"K24530",3.49250646287056,1.80972789992684,2.86917484931243,0.63074855837403,0.528204943482703,0.984070334914601
"K24619",142.910031408604,0.203633862639817,0.413245710368231,0.492767033100876,0.622177207037527,0.992927693570313
"K24620",9.83993326403086,0.631809005187276,1.63432723524055,0.386586597569785,0.69906228156591,0.997370795218308
"K24648",10.2584291616707,0.757591059334551,1.53118878464358,0.494773124602593,0.620760277294928,0.992927693570313
"K24667",2.23355408135022,-1.07604296260764,2.85364989391747,-0.377076026355304,0.706117106651388,0.997370795218308
"K24693",155.564960426012,-0.0495874649905733,0.296328772690361,-0.167339352639874,0.867103041732685,0.997370795218308
"K24694",64.6952561450489,-0.103236449358963,0.478314189817666,-0.215833967623491,0.829117169953127,0.997370795218308
"K24695",152.591662473635,-0.113491753214046,0.338661025140775,-0.3351190269588,0.737535300472662,0.997370795218308
"K24696",449.839015582321,-0.253485750367322,0.212238280202797,-1.1943451017654,0.232343001910236,0.888188252939584
"K24697",14.1265238923877,0.0174427596847877,0.851865141680168,0.0204759636606149,0.983663686276612,0.998573809130236
"K24698",14.6315686807295,-0.368492635665432,1.20994898344715,-0.30455220898289,0.760707223449278,0.997370795218308
"K24699",160.943434185748,0.0848566742133422,0.286329546040285,0.296360174445299,0.76695503609802,0.997370795218308
"K24700",218.160437687764,0.216833228476071,0.297899923281646,0.727872723455079,0.466691501816349,0.9731410869362
"K24702",32.1555759113212,0.057235341944187,0.960778465798838,0.0595718409410839,0.952496646198631,0.997942587160163
"K24703",16.3170908086324,-0.994689146495301,1.06508447080503,-0.933906346173164,0.350352204979721,0.947770244518839
"K24708",236.901462732501,0.841549579169323,0.458838887887991,1.83408512526679,0.0666413590781424,0.673390891931288
"K24716",103.173535730123,-0.70733046158196,0.302988773606742,-2.33451046110383,0.0195690089451964,0.472575784567666
"K24725",3.71899461273765,-4.54672140976721,1.97372908309163,-2.30361980715473,0.0212439949857689,0.479911506804299
"K24819",22.132024275536,-1.21365580290096,0.842314537762113,-1.44085819309902,0.149624749130603,0.815874091147702
"K24821",96.4981451985704,-0.158468309869712,0.366825090678144,-0.431999647507084,0.665741669358816,0.992927693570313
"K24835",2.393411712056,0.985263678660792,2.80033213101243,0.351838150821267,0.724959645377888,0.997370795218308
"K24843",16.5194000544092,1.87640153035872,1.39825259536315,1.34196177184379,0.179608391047706,0.848812037439173
"K24844",29.9097406858562,0.262309550515513,1.05628476298242,0.248332229819242,0.803877364058771,0.997370795218308
"K24845",21.7726390714611,0.414112095619197,1.30013532840724,0.318514608880379,0.750094614948913,0.997370795218308
"K24846",3.72103359055151,-0.0721512897090988,1.95099782136549,-0.036981737713372,0.970499566972644,0.998142329325159
"K24847",11.0814270521873,-0.193534540696814,1.17620981097786,-0.164540831823122,0.869305405604655,0.997370795218308
"K24866",306.635458879074,-0.198833151216492,0.239828569314286,-0.829063659033585,0.407068386194913,0.967424176194844
"K24867",1.87182927339183,1.85503012205173,2.99196666718548,0.620003605787742,0.535255413005638,0.984070334914601
"K24868",8.85795106091877,-1.99497042844421,1.27395084703429,-1.56597127203803,0.117355342775001,0.775828076343312
"K24872",48.3760017301738,0.153426857517004,0.520596502326008,0.294713577274334,0.768212690448687,0.997370795218308
"K24873",21.0725117303115,1.16617162335544,1.0017580072193,1.16412508305526,0.2443733249577,0.894045108840358
"K24910",6.75729850236941,-2.15397187247381,1.921341568542,-1.12107701604996,0.262255081091927,0.903690153582261
"K24911",4.52893725836837,1.5657218408361,1.76377834545699,0.887708960068011,0.374697324935315,0.955733508959795
"K24913",9.18105626289548,-0.572360413691593,1.4539961277799,-0.393646449778053,0.693842082411893,0.997370795218308
"K24914",5.37146253549627,-0.631204620608751,1.7920262818134,-0.352229555456082,0.724666113389887,0.997370795218308
"K24915",532.440527216381,-0.116521485928787,0.198205748974066,-0.587881464245689,0.556611858766354,0.988149645670342
"K24942",7.8831601275958,-0.323611635956285,1.35499597918766,-0.238828484310555,0.811238581976975,0.997370795218308
"K24948",5.10442863524334,0.660380374841225,1.85613453969302,0.355782601271157,0.722003379835293,0.997370795218308
"K24949",7.14789125833616,1.98429818384142,1.9233086991359,1.03171071015949,0.302207658615154,0.923868889060477
"K24950",6.05633630473901,0.489238279953978,1.68105631676805,0.291030273688019,0.771028166082417,0.997370795218308
"K24951",7.84341482207544,-0.648008116339786,1.46346732418713,-0.442789603587299,0.657917923858922,0.992927693570313
"K24954",3.20931049441846,-0.485902702259297,2.27326745618534,-0.213746385598933,0.830744836681525,0.997370795218308
"K24955",3.56678578261854,-0.526816400400183,2.28712106650994,-0.230340408347549,0.817827263328447,0.997370795218308
"K24956",23.2040638675403,0.354684095616516,0.645840754850738,0.549181966223993,0.582880579066389,0.992186816903
"K24967",307.613593566475,0.00917867936363391,0.22563497284804,0.040679329306878,0.967551540776358,0.997942587160163
"K24969",33.9143566990765,0.140346717722889,0.694288967693854,0.202144530956705,0.839803735712385,0.997370795218308
"K24985",12.5742365431442,2.38234276270781,1.06474516132408,2.23747695621853,0.0252551837733408,0.523367804908437
"K24986",7.41575887939882,1.43851380151236,1.57690299316617,0.91223988269821,0.361642453263507,0.950060596598327
"K24987",14.3667324924436,1.49379561435532,0.991831334686797,1.50609842834521,0.132041908028071,0.800641307192464
"K24995",1131.15746183543,-0.028140773622323,0.141974259159721,-0.198210392425184,0.842880456816932,0.997370795218308
"K24998",15.1422372648551,-0.0477762718888313,0.799343014752402,-0.0597694243986483,0.952339277819856,0.997942587160163
"K25010",250.114881858822,-0.306814207808671,0.271871832153855,-1.12852517812526,0.259098189699156,0.902235629679475
"K25026",995.93532435302,-0.256928438086649,0.178605302468274,-1.43852637371887,0.150284759830358,0.815874091147702
"K25027",36.3400199770529,0.939671056315219,0.636242276052279,1.47690760530035,0.139700406007692,0.80901139713996
"K25028",8.05836975064862,1.76109410575806,1.44559604723583,1.21824773187884,0.223129845945949,0.886760339895229
"K25031",154.057332494015,0.287349503742499,0.366719706191162,0.783567119222961,0.433294155622378,0.9731410869362
"K25034",149.363575735994,0.0574903409428091,0.305993545391233,0.187880894249922,0.850970020200003,0.997370795218308
"K25035",1.57891291003654,0.890142010407719,3.16769513147488,0.281006212233962,0.778705635068469,0.997370795218308
"K25044",33.0062647765157,-0.0839914471033097,0.577572691140182,-0.145421430742341,0.88437814522874,0.997370795218308
"K25064",54.6680498573821,0.77818202380917,0.710260322821712,1.0956293049253,0.273241031814552,0.912243138973363
"K25086",177.906135920974,0.313979269597888,0.327103285568342,0.959878067419436,0.337116585813135,0.944778302496427
"K25087",36.972746736445,-0.493054310790524,0.725342630525523,-0.679753664048807,0.496660450400102,0.978899117871614
"K25088",51.0195870358799,0.406126356635419,0.860472418636986,0.471980679263068,0.636940579368343,0.992927693570313
"K25089",1.29262222083822,-2.06088346693211,3.38136096105643,-0.60948342713705,0.542204054501775,NA
"K25096",36.2206780882666,-0.910481004385799,0.663516974745345,-1.37220453890458,0.16999977284058,0.831694303422829
"K25097",4.39786918540712,2.83024377680327,2.02626315474848,1.39677996422661,0.162479749112729,0.828697110513083
"K25098",14.872997006848,-0.486610472101352,0.829250071787099,-0.586807874556669,0.557332747568128,0.988149645670342
"K25099",1.53600856643796,0.728053908804188,3.21991514902542,0.226109656654943,0.821116134148407,0.997370795218308
"K25110",50.6687118572957,0.480751846603227,0.576502666198083,0.833910881581323,0.40433120487592,0.967424176194844
"K25111",131.127682159968,0.351594566760089,0.470139229458998,0.747852007935349,0.454549428003508,0.9731410869362
"K25130",178.539026542079,0.40820553218443,0.456067580693449,0.895054920509271,0.370757730172245,0.951971446688251
"K25132",13.1224547249977,0.285322656140549,1.15208516451216,0.247657608073936,0.804399334022837,0.997370795218308
"K25133",2.27994985658268,-1.08510805058725,2.50351881820015,-0.433433151250434,0.664700120956505,0.992927693570313
"K25135",222.141505129227,-0.196067385900155,0.269670753689875,-0.727062105242733,0.467187911418477,0.9731410869362
"K25137",48.4528539324021,0.476562994168412,0.698954039999626,0.681823076905982,0.495350830330299,0.978899117871614
"K25140",80.1344319863002,-0.0658824712832767,0.38262004841119,-0.172187713521156,0.863289956809029,0.997370795218308
"K25141",46.6283468900461,0.407413620788163,0.522393823735229,0.779897468685728,0.435451228547694,0.9731410869362
"K25143",33.7056205620727,0.693614233992295,0.664976563272477,1.04306568426846,0.296917872484214,0.921603082140073
"K25144",25.6726255034049,1.33895035692138,0.721585232034792,1.85556784906155,0.0635151799116704,0.673260907063706
"K25147",68.3388861046217,0.56569824197856,0.579719735192374,0.97581332433135,0.329156980598009,0.938043549855045
"K25148",112.261147231212,0.539135379176658,0.598573496898394,0.900700385116073,0.367747643874775,0.950146953911141
"K25149",150.528977041958,0.278566666040567,0.525319334007533,0.530280627433699,0.595917376314987,0.992927693570313
"K25150",269.74193493125,0.0531147425977397,0.351067978705884,0.151294751499503,0.8797432093227,0.997370795218308
"K25151",557.123291408679,0.230693127198065,0.201401167788589,1.14544086179393,0.252026579798051,0.897595428587345
"K25152",1235.43981858319,-0.119853066090085,0.205913237787381,-0.582056148395087,0.560528861240527,0.988149645670342
"K25153",660.819858815646,0.00915745811500524,0.245484249993226,0.0373036482595438,0.970242896628669,0.998142329325159
"K25154",110.206812654888,0.202627702914417,0.457558718847784,0.442845244922161,0.657877674608949,0.992927693570313
"K25155",115.246929443689,0.239386501674962,0.359630003088742,0.665646635761621,0.505636990289953,0.979329538491088
"K25156",303.790556058751,0.176854931967337,0.19109520323418,0.925480749773753,0.354715892504442,0.948813523987988
"K25157",113.502222032699,0.317229804704636,0.586293186103247,0.541077079222222,0.588454455936033,0.992709695586957
"K25158",45.3612755547258,0.671311292621112,0.643780090503817,1.04276491696994,0.297057183555649,0.921603082140073
"K25159",58.2638634549961,1.37328614620687,0.80623883680535,1.70332423038363,0.0885074085323067,0.738462067391699
"K25180",8.5312669830242,-2.55437897797481,1.47615557676886,-1.73042666923093,0.0835540723935357,0.729453847762223
"K25181",59.118996829016,-0.576261028164727,0.577244869851219,-0.998295625066802,0.318136028436735,0.92871793789011
"K25182",66.7983034606599,0.284481513818325,0.520242696565861,0.546824618002707,0.584499228362282,0.992186816903
"K25183",15.7454266504444,1.65476743836588,1.20610235296259,1.37199586278994,0.170064725749398,0.831694303422829
"K25188",26.3915054622522,0.842417743350925,0.869014627028678,0.969394204826341,0.332348542663596,0.940659462198618
"K25189",1.50400465222368,-0.171649120400075,2.85942715765007,-0.0600291984850347,0.95213237958867,0.997942587160163
"K25190",28.4096294834408,-0.308946243645297,0.972292046307076,-0.317750458639177,0.750674232731977,0.997370795218308
"K25227",238.685464361369,-0.47514619807799,0.27896080094263,-1.70327227507389,0.0885171265348688,0.738462067391699
"K25232",622.741338933955,-0.00694121464079841,0.212778952626558,-0.0326217163639335,0.973976251891172,0.998142329325159
"K25260",1.47461566189996,-3.9940374023319,3.40858063190318,-1.17175969520834,0.241293548676862,0.89029641349834
"K25282",37.5692708450636,-0.979806831510927,0.592433882625716,-1.653866971903,0.0981545446970652,0.755548259580255
"K25283",28.1904936407455,-0.00359366315961464,0.725555514803825,-0.00495298166203905,0.996048108559911,0.998573809130236
"K25284",57.2037667274319,0.712545554372834,0.457572177638618,1.55723094452563,0.11941566394322,0.778883207834244
"K25285",22.1176157265983,-0.351546703863699,0.718461864550931,-0.489304611989992,0.624626056399746,0.992927693570313
"K25286",44.3082676070923,-1.13807732349951,0.456977036747419,-2.49044751044798,0.0127582339490864,0.383318112473796
"K25288",20.9310467282913,0.0873598010807973,0.809483722700709,0.107920392505653,0.914058840716128,0.997370795218308
"K25290",6.48467272564194,0.500672169607171,1.45457030211399,0.344206236631892,0.730691192403315,0.997370795218308
"K25305",10.7878946935153,0.452335386360017,1.23613881155048,0.365926044982485,0.714420261125736,0.997370795218308
"K25307",116.03383042779,-0.138712195325724,0.360865547377841,-0.384387471549028,0.700691284884852,0.997370795218308
"K25308",91.5167979550983,0.648437607796835,0.392746011249411,1.65103550188584,0.0987313258883841,0.755548259580255
"K25316",18.1894024819013,0.731933500248569,0.769685675780231,0.950951178228187,0.341629160102187,0.947770244518839
"K25365",42.0817346419175,-0.0400512784687376,0.802768074139477,-0.0498914689795934,0.960208875606892,0.997942587160163
"K25422",19.3768898851843,-0.558817147927448,0.757953003911864,-0.7372714997412,0.460957260274489,0.9731410869362
"K25510",16.3885524576934,0.806831600954091,1.01073645288545,0.798261108175877,0.424718982291478,0.972723098477607
"K25517",10.0212572363392,-1.1934557049608,1.51485947174521,-0.787832618946408,0.430794618515106,0.9731410869362
"K25518",121.939891245797,0.802176615810658,0.335667068156628,2.38979838032949,0.0168576242708317,0.435173757577635
"K25524",5.36122514477687,-0.748766723606307,1.6056982710443,-0.466318446690069,0.640987576719038,0.992927693570313
"K25528",469.540392973237,1.8173382191004,0.995930008906234,1.82476499638389,0.0680365001987222,0.681388962692554
"K25557",11.1884951712125,-0.919747706234586,0.940872149635589,-0.97754801924025,0.328297917043251,0.937613841283753
"K25562",11.196642811097,-0.844699460577753,0.836873462129622,-1.0093514716409,0.312806103163688,0.92871793789011
"K25575",9.70518485896893,-0.76266001606134,1.23664903501861,-0.616715005199403,0.537422722155307,0.984070334914601
"K25578",2.58222869433823,-0.206112654597738,2.20583684345355,-0.0934396645016767,0.925554280623601,0.997370795218308
"K25587",22.6073093783278,-0.800323801338737,1.07376588023714,-0.745342924438969,0.456064438229212,0.9731410869362
"K25588",588.208660691483,-0.104410085128983,0.196558569271199,-0.531190705732729,0.59528663293792,0.992927693570313
"K25589",8.88528727715212,0.839575668464852,0.949154960108634,0.884550683240132,0.37639901531651,0.95884887398153
"K25590",316.354400784622,-0.0518323208009087,0.22463006291291,-0.230745253457033,0.817512714855688,0.997370795218308
"K25596",4.76685760957152,0.106836415519649,1.9003794874124,0.0562184638527752,0.955167772395776,0.997942587160163
"K25597",2.65168452329942,0.482402065273547,2.47211936613722,0.195137043899024,0.845285663131673,0.997370795218308
"K25603",32.5631212773271,0.609865215669853,0.67312725066935,0.906017718140827,0.364926474392257,0.950060596598327
"K25621",18.9431414211676,0.500358238517182,0.944344586779418,0.529847097682423,0.596217947681035,0.992927693570313
"K25622",14.4591463608373,0.0347603630259644,1.10395856187331,0.0314870179248208,0.97488114520795,0.998573809130236
"K25623",22.0970452809371,-0.749145961634487,0.863784136159485,-0.867283769490493,0.385786547376543,0.96389527995257
"K25649",3.26725189605627,0.98321752406399,2.10556701064589,0.466960927433215,0.640527833010118,0.992927693570313
"K25670",3.05576710852754,2.70923335856758,2.37503469749874,1.14071316996792,0.253989304178551,0.898584748911732
"K25671",41.260368943375,0.836964827942498,0.6922540028761,1.2090429588925,0.226646341657183,0.888188252939584
"K25672",54.8982076246126,0.00803596182417483,0.65187563437888,0.0123274462188354,0.990164370101936,0.998573809130236
"K25675",13.1177518967829,-0.796083933539434,1.29508441154397,-0.61469656065921,0.538755131607693,0.984415998762777
"K25676",565.116080101418,-0.144939722450349,0.26526764125922,-0.54639051247383,0.584797530359043,0.992186816903
"K25677",286.661897927067,0.0766705432720761,0.283298228193166,0.270635449296911,0.786671428336875,0.997370795218308
"K25678",269.252635143066,0.252145796042824,0.269344673483983,0.936145470342178,0.349198294386007,0.947770244518839
"K25706",408.762163508048,0.208364760777262,0.169240870973231,1.23117282237468,0.218258233804052,0.883664559728345
"K25759",2.17418182633628,-0.50140936643056,2.89135506379934,-0.173416738991472,0.862323868627404,0.997370795218308
"K25766",2.54866380677958,-1.15203660315529,2.42809189892972,-0.474461697130615,0.635170705632658,0.992927693570313
"K25775",109.823433472221,-0.256295239998261,0.401170215628485,-0.638869063588733,0.522908114880416,0.981529085845934
"K25776",3.95642034499941,0.867039287628482,1.93645114772031,0.44774653295499,0.654336134594234,0.992927693570313
"K25814",4.74350874495172,-1.21090749411311,2.06316718641696,-0.586916805426739,0.557259582477336,0.988149645670342
"K25820",118.25997979206,0.0341952150798637,0.356770417581304,0.095846553959511,0.923642442817599,0.997370795218308
"K25821",147.77870976459,-0.245086148525937,0.350792074795415,-0.698665010231126,0.484761405481141,0.975222054896389
"K25823",2.49430104451792,0.877007070728144,2.74601872315456,0.319374031696572,0.749442900242082,0.997370795218308
"K25873",11.8720066180782,-5.55148810243894,3.38191692096826,-1.64152113495725,NA,NA
"K25885",105.394529882817,0.0513989895803156,0.435456860550139,0.118034630377347,0.90604021859521,0.997370795218308
"K25895",36.1281886335317,0.854174546681216,0.606583950216035,1.40817202033948,0.159080139171718,0.828461698695148
"K25901",113.81724972906,-0.71230708960946,0.455597038415943,-1.56345855997236,0.117944775503486,0.775828076343312
"K25903",9.8931415080174,-1.5634644847479,1.46214159324454,-1.06929759195107,0.284935595347877,0.917896368893027
"K25904",2.31284126857199,0.114938632374962,3.2147048532068,0.035754023346904,0.971478493659834,0.998142329325159
"K25906",9.13053185665744,-0.494501394374493,1.66266159008869,-0.297415539832201,0.766149281095321,0.997370795218308
"K25911",3.74491312613395,0.695844031719843,2.47952108840217,0.280636464426383,0.778989244911694,0.997370795218308
"K25912",0.339078762970086,-0.637293121376668,3.52468967411159,-0.180808292445576,0.856518053962074,NA
"K25939",55.9713056126038,0.589507986679791,0.494964829966971,1.1910098475464,0.233649719018884,0.888188252939584
"K25952",40.7998650930482,0.979674987117465,0.638985228523406,1.53317313669573,0.125233201259309,0.790776399829564
"K25961",25.646728957863,2.200931094542,0.721347493905908,3.05113847782923,0.00227975404788928,0.153409516773134
"K25986",0.861111790485489,0.732274235771514,3.41728179979638,0.214285586812053,0.830324357056504,NA
"K25995",2.02557288843874,0.218415080772056,2.58687892982959,0.0844318913627873,0.932713052163743,0.997370795218308
"K25996",1.39367853761635,0.389968042524946,3.28550987085139,0.118693310278776,0.905518336705427,NA
"K26005",4.46823402007918,-0.521010331872785,2.11629841823177,-0.246189444449004,0.805535586258644,0.997370795218308
"K26057",2.26489947519961,4.67022053393148,2.66688362196749,1.75119022647341,0.0799131484214627,0.713098553777597
"K26059",418.720160223595,0.009456702073075,0.23143822827863,0.0408605879132899,0.96740703747884,0.997942587160163
"K26060",129.843383124902,-0.0345774957662019,0.432608897077426,-0.0799278424456752,0.936294645595746,0.997370795218308
"K26061",232.169895829866,0.018087972949622,0.273189303527231,0.0662103995876947,0.94721031727077,0.997942587160163
"K26063",8.83653805154741,0.0443875472989574,1.53843729275714,0.0288523604490941,0.976982340641058,0.998573809130236
"K26064",36.348617594667,-0.283517801132067,0.478102328522589,-0.593006526465121,0.553176784506692,0.988149645670342
"K26065",6.8107855264254,-0.70646618832862,1.80664174810171,-0.391038338990518,0.695768897166638,0.997370795218308
"K26081",12.5843715706143,0.317090011154646,0.934862427381023,0.33918360805553,0.734471417005509,0.997370795218308
"K26110",248.893826030923,0.0828815230212855,0.262882374656816,0.315279878042355,0.752549161512679,0.997370795218308
"K26138",17.3740868505181,0.963529369216388,0.95792537118697,1.00585014052031,0.314487663576201,0.92871793789011
"K26139",139.118474528017,0.808960605664312,0.557526921799975,1.45098034558149,0.146785333196709,0.814133364640594
"K26141",74.8342501808792,0.388914578571816,0.446840444149744,0.870365661084798,0.384100606283886,0.963622578411872
"K26171",6.73717161171865,-3.39953058492025,1.87858191504988,-1.80962595119521,0.0703538127186293,0.688718930590573
"K26172",96.6936007885125,-2.28510924958349,1.72720959797709,-1.32300634055057,0.185833269270626,0.848827148219077
"K26173",35.4673477832098,-1.84490513986067,1.00028350728368,-1.84438224406059,0.0651274531352151,0.673390891931288
"K26174",65.3963031169699,-2.53927297273471,1.82205336642365,-1.39363260128809,0.163428578471828,0.83035830786042
"K26181",3.29933682549834,-0.311580964369206,2.27055777651992,-0.137226617878346,0.89085167190756,0.997370795218308
"K26182",40.7487146679647,-0.362673344207025,0.633524249434153,-0.572469553503208,0.567003906851909,0.989160034411909
"K26184",9.80936742898121,-0.204806391551748,1.33955445348659,-0.152891426711828,0.878483896913989,0.997370795218308
"K26185",7.52136311407057,-1.84610049874033,1.89973843307825,-0.971765621306611,0.331167162485351,0.939535829523811
"K26216",14.6478847645091,-0.128504060236655,1.02133579546616,-0.125819599006615,0.899874727298902,0.997370795218308
"K26249",1216.76954971666,-0.197599807886424,0.217529891624265,-0.908380022676307,0.363677476739774,0.950060596598327
"K26252",460.121825057298,0.268992445938236,0.231598958565636,1.16145792539047,0.245455724170853,0.894796715040773
"K26272",105.050310350445,0.0538741944138275,0.36723564574603,0.14670197470723,0.883367259879572,0.997370795218308
"K26273",7.6835506978763,-0.909894245235161,1.39504379587665,-0.652233462436482,0.514250576252002,0.979746666549689
"K26288",235.325717401596,-0.111409909012549,0.379891790971471,-0.293267482110229,0.769317706969166,0.997370795218308
"K26364",22.4510031304544,0.121701046255831,0.672829026625535,0.180879601562677,0.856462080338655,0.997370795218308
"K26365",5.93755588142981,1.03353452206737,1.39199717832223,0.742483201950944,0.457794625688046,0.9731410869362
"K26392",685.394335723197,-0.121231017236292,0.151012259730576,-0.802789240109264,0.422096562329702,0.972723098477607
"K26399",488.524312697932,-0.0640059315914923,0.166654063864006,-0.384064631293496,0.70093054503405,0.997370795218308
"K26400",114.174960091992,-0.164320201854123,0.40417217924033,-0.406559902670624,0.684331252277017,0.997370795218308
"K26441",8.56685873878026,0.696900439910535,1.10769533700228,0.629144509894333,0.529254453072781,0.984070334914601
"K26580",89.2675604371057,-0.272190957294052,0.338903533111756,-0.803151725196962,0.421887044009361,0.972723098477607
"K26592",39.9610678009612,0.799125246248877,0.581578491320552,1.37406258686485,0.169422253105067,0.831694303422829
"K26605",151.788888871695,0.314970401991504,0.364133647378762,0.864985711314615,0.387046631386235,0.96389527995257
"K26606",41.0978995214978,-0.0935672264273313,0.622874606936503,-0.150218399313989,0.880592310052745,0.997370795218308
"K26609",72.662056218397,0.757732169308339,0.529628831773532,1.43068527211967,0.152520436089217,0.815874091147702
"K26730",25.0481334532191,-0.814556776018533,0.654847323508491,-1.24388807402367,0.213540759210214,0.883664559728345
"K26731",243.35822398452,-0.159395722737214,0.324710747415247,-0.490885269446828,0.623507596202807,0.992927693570313
"K26732",23.9290710967659,-1.30856199349736,0.725243913446014,-1.80430606756793,0.0711833391276615,0.688718930590573
"K26735",59.1200001024447,-0.416079264582529,0.417666716983065,-0.996199236530019,0.319153350297013,0.92877036682644
"K26740",9.18807801893016,0.53767220509702,1.42016521102664,0.378598349630276,0.70498614789205,0.997370795218308
"K26744",28.0364862206457,-0.149614978602961,0.591981836677233,-0.252735758655608,0.800472413304505,0.997370795218308
"K26815",231.850537892219,0.398678973677722,0.280980891669266,1.41888286889984,0.155933167514474,0.822716813232894
"K26858",17.7742643259162,-0.8003490943446,1.13056217176393,-0.707921345975936,0.478994103029917,0.974469580961331
"K26913",2.13408711433653,-0.918591938169366,3.27468422836873,-0.28051313473573,0.779083849759399,0.997370795218308
"K26933",182.856654015234,-0.476095047334418,0.298735574088029,-1.59370054533287,0.111003122044129,0.759768797625471
"K26937",779.749041510744,0.744098346648372,0.253560366964655,2.93460036974981,0.00333977519159267,0.186933772172416
"K26939",164.533359858548,0.19990334121824,0.319852947990764,0.62498514543631,0.531980807518674,0.984070334914601
"K26948",5.47071531466169,-3.33214327871079,2.5590398376187,-1.30210684090463,NA,NA
"K26951",22.5597376383655,-0.116734548303614,1.1535998900361,-0.10119153903522,0.919398413114572,0.997370795218308
"K26958",494.440391860943,0.460802984535951,0.220772316982034,2.08723172739746,0.0368671928125245,0.562734659777585
"K26959",117.603987353883,0.909828174797745,0.459253637109751,1.98110172958808,0.0475798663775089,0.623535710579652
"K26960",146.736816606339,0.471455953409687,0.309234389438169,1.52459095596143,0.127361154594284,0.794547869651213
"K26993",5.50861891768733,0.669540285595445,1.67821536916942,0.398959691286116,0.689922905358256,0.997370795218308
"K26996",6.46532567356625,0.609155061781606,1.30960202552197,0.465145173808672,0.641827497853564,0.992927693570313
"K27000",1132.4053030872,0.0708188190299543,0.186674163829184,0.379371293687737,0.704412164447419,0.997370795218308
