"","baseMean","log2FoldChange","lfcSE","stat","pvalue","padj"
"K00001",4.18108908534331,1.85736551700614,1.43185898154607,1.29717069972954,0.194572459803891,0.999431561618104
"K00003",992.282102363007,-0.239351906808706,0.264845818656704,-0.90374055374065,0.366132989909889,0.999431561618104
"K00004",71.1383533089829,-0.384984804106972,0.629389941359067,-0.611679308499368,0.540749954409895,0.999431561618104
"K00005",3.13097682804108,-0.767930883059216,1.88648319152619,-0.40707009026566,0.683956510232075,0.999431561618104
"K00007",0.804681605367595,-2.58174776390948,3.55555850425968,-0.726115956414851,0.46776768792744,0.999431561618104
"K00008",107.954702124817,-1.69142185577005,0.70492526368212,-2.39943429880077,0.0164204262808728,0.999431561618104
"K00009",17.1055682448568,1.15544185153133,0.756610046376574,1.52712993577705,0.126728704328761,0.999431561618104
"K00010",1483.37505486904,-0.0503364756968066,0.390353656170397,-0.128950952299608,0.897396459087764,0.999431561618104
"K00012",1775.12185143768,-0.0522581641345337,0.214700432003233,-0.243400367884434,0.807695258845871,0.999431561618104
"K00013",414.896908458467,-0.123418222508863,0.252923770351342,-0.487966086925794,0.625573862481794,0.999431561618104
"K00014",221.946374483285,0.24520459318069,0.323777735520643,0.757323825204952,0.448855880443116,0.999431561618104
"K00015",186.936867447172,-0.212978373341602,0.307844103760747,-0.691838403723745,0.489038816289538,0.999431561618104
"K00016",69.8577060358223,0.0609967956697454,0.60268538085592,0.101208354486912,0.919385064853228,0.999431561618104
"K00018",15.865342583837,0.347389128465008,0.793434598409193,0.43782956926949,0.661509834290808,0.999431561618104
"K00019",575.178343912334,-0.0486736594603129,0.216193982012811,-0.225138826747863,0.821871276850567,0.999431561618104
"K00020",201.066661513153,-0.175140315217186,0.257134713644086,-0.68112279643272,0.495793793614006,0.999431561618104
"K00021",115.352599363514,-0.075882585354664,0.439905089504407,-0.172497629977759,0.863046324438354,0.999431561618104
"K00023",482.670032209338,-0.0348072730068264,0.194254603927083,-0.179183773785315,0.857793404175156,0.999431561618104
"K00024",1367.31982018765,-0.0444808193791434,0.224768385119313,-0.197896244863493,0.843126242242646,0.999431561618104
"K00027",1169.51358172813,0.126138362429607,0.389109757924438,0.324171676142088,0.745808064363007,0.999431561618104
"K00029",474.374077040317,0.0917316324464094,0.20588678821559,0.44554404506206,0.655926637183724,0.999431561618104
"K00030",137.381516198242,0.0855372648958955,0.33256060278406,0.257208052246155,0.797018168280558,0.999431561618104
"K00031",4244.20256029357,-0.261669593563679,0.264050356207836,-0.990983679483156,0.32169354958854,0.999431561618104
"K00032",2.5407481925955,0.219235474290108,2.01880879554745,0.108596452905119,0.913522574287523,0.999431561618104
"K00033",1708.67581031314,0.0934793599263947,0.28646989141322,0.326314781163354,0.744186206016478,0.999431561618104
"K00034",121.307057944649,0.0249036691176261,0.40812358569978,0.0610199213920105,0.95134334364077,0.999431561618104
"K00035",5.5094388024446,-1.37417950590243,1.39455826685826,-0.985386941915495,0.324434041306283,0.999431561618104
"K00036",2356.77572105441,-0.046374436267442,0.262127673534018,-0.176915453611668,0.859574799866349,0.999431561618104
"K00038",83.3755442556077,0.0944252066352071,0.327418652724253,0.28839287514487,0.773046020978816,0.999431561618104
"K00039",7.00962890839552,0.188638182608129,1.44054556554745,0.130949125886512,0.895815552401907,0.999431561618104
"K00040",162.803932121863,0.282831934859289,0.291859919727159,0.969067404403079,0.332511559604761,0.999431561618104
"K00041",136.998410355612,-0.0638633292757295,0.59959291782838,-0.106511146774434,0.915176811871043,0.999431561618104
"K00042",261.372892398787,-0.143738368532597,0.364898499641388,-0.393913290062467,0.693645057998765,0.999431561618104
"K00043",22.9755270531911,0.372793723576533,0.650113634976626,0.573428556978253,0.566354559353462,0.999431561618104
"K00045",88.0993774501207,0.00860171128863597,0.423190146408308,0.0203258780045808,0.983783412386797,0.999431561618104
"K00046",184.378085964345,-0.320254367149253,0.403733443784845,-0.79323219832123,0.427642551275392,0.999431561618104
"K00052",2330.5248560553,-0.522864345234721,0.465054001132796,-1.12430888447601,0.260882010608949,0.999431561618104
"K00053",6729.56912494039,-0.342233220743478,0.302236537683858,-1.1323356976166,0.257493327561562,0.999431561618104
"K00054",20.3569634967092,0.838347411343015,0.773908823703702,1.08326379757622,0.278691349376435,0.999431561618104
"K00055",34.4442057126268,0.543357167925438,0.477443648578338,1.13805507632862,0.255097485069524,0.999431561618104
"K00057",824.776934111263,0.245617686770058,0.263501635716163,0.93212964732648,0.3512695280112,0.999431561618104
"K00058",2677.16525018684,0.02040921386252,0.209221788627387,0.0975482238079312,0.922291039741918,0.999431561618104
"K00059",5505.11017648309,-0.0289832977228857,0.355658830947307,-0.0814918545553554,0.935050802458221,0.999431561618104
"K00060",83.327273643486,0.0994154990556114,0.333640568879197,0.297971854530698,0.765724645233668,0.999431561618104
"K00064",129.912791609641,0.360950079208213,0.248640151890844,1.45169666469104,0.146585967124395,0.999431561618104
"K00065",143.981263329584,-0.0358232178472578,0.628389608507509,-0.0570079730190665,0.954538843921342,0.999431561618104
"K00066",45.8274096207177,0.395506220095973,0.491592124071784,0.804541408881928,0.421084364592307,0.999431561618104
"K00067",139.76036442594,-0.371380600845159,0.277936545706294,-1.33620643482276,0.181481808403377,0.999431561618104
"K00074",875.201011550226,-0.041130202470423,0.19196366992012,-0.214260346697572,0.830344038707271,0.999431561618104
"K00075",443.674199420827,0.132148123567899,0.241374789975028,0.547481050450921,0.58404828564698,0.999431561618104
"K00076",4.79396383768018,-2.59883333838612,1.26545680048938,-2.05367211064107,0.0400074376113122,0.999431561618104
"K00077",400.920814223957,0.320989675992664,0.375704633600132,0.854367093950453,0.392901622494314,0.999431561618104
"K00078",61.1502516629469,-0.0955563335969105,0.410331781970912,-0.232875779540968,0.815857866548077,0.999431561618104
"K00088",3635.66880535885,0.0745105808503885,0.230027458018721,0.323920376689658,0.745998316646067,0.999431561618104
"K00090",94.5707509723048,-0.0443092703778873,0.417912303139602,-0.106025283402786,0.915562291992839,0.999431561618104
"K00091",32.2632483458401,0.3819431638255,0.491508216926832,0.777083984909978,0.43710922199555,0.999431561618104
"K00096",128.078139688017,0.0659613013943108,0.305377393914285,0.215999293689778,0.828988298124519,0.999431561618104
"K00097",46.766518050691,-0.374950790195712,0.480366022840467,-0.780552271325477,0.435065872736139,0.999431561618104
"K00098",126.07490446638,-0.0460439554583714,0.401116468210707,-0.114789491600192,0.908611978484152,0.999431561618104
"K00099",911.131436775357,-0.025361705182616,0.178124623867389,-0.142381803436101,0.886778434701968,0.999431561618104
"K00101",92.32299048974,-0.123387116164708,0.310453148653108,-0.39744198665731,0.691041558817398,0.999431561618104
"K00102",233.997664087156,-0.203363325598351,0.342512241297028,-0.593740313713323,0.552685815128817,0.999431561618104
"K00104",404.346473210455,0.0969905766530573,0.220533847984067,0.43979904916938,0.660082656365552,0.999431561618104
"K00108",563.183805559538,-0.0215265255290938,0.202189879655338,-0.106466879379862,0.915211932444046,0.999431561618104
"K00109",8.39527335597186,-1.06258588727068,0.960965696009322,-1.10574799046767,0.268835611958258,0.999431561618104
"K00111",1095.07330173657,-0.12875503373167,0.244826681513289,-0.525902785332985,0.598955753579215,0.999431561618104
"K00112",5.62814630052057,0.270526819230255,1.17484121626099,0.230266707948181,0.817884528751285,0.999431561618104
"K00113",449.657680349806,0.156382389255946,0.280168819253486,0.558171996700523,0.576726941071573,0.999431561618104
"K00114",131.916133541306,0.485735577188984,0.439851556023466,1.10431706001074,0.269455624933817,0.999431561618104
"K00116",1246.40091507648,-0.135989888438925,0.38027382335846,-0.357610437757469,0.72063486602381,0.999431561618104
"K00117",6.87577114936157,1.22268285261597,0.887227622709344,1.37809376232251,0.168174341184018,0.999431561618104
"K00118",3.9392971937359,-0.0190518607920036,1.35931091796853,-0.0140158226790942,0.988817357604434,0.999431561618104
"K00119",159.587833440002,-0.439214911926203,0.488476973277389,-0.899151722504612,0.368571851263292,0.999431561618104
"K00121",91.5428537598105,0.171010307794527,0.363106857731285,0.470964136736526,0.637666345598942,0.999431561618104
"K00122",27.6889461808937,-0.114569339945299,0.448876158241942,-0.255235966182786,0.798540853754054,0.999431561618104
"K00123",425.804853437648,-0.0886651003987532,0.312408597108857,-0.283811333040423,0.77655496899771,0.999431561618104
"K00124",236.171296771504,0.158239409833556,0.30459329892005,0.519510476411008,0.603404809120575,0.999431561618104
"K00126",2.879934417492,-0.730358346042915,1.33982118308334,-0.545116285116596,0.585673542975588,0.999431561618104
"K00127",163.8084795276,0.476096037189016,0.256441717345639,1.85654675111742,0.0633756657676696,0.999431561618104
"K00128",284.545942430417,-0.0382933307448538,0.312718919736867,-0.122452874859875,0.902540365457295,0.999431561618104
"K00130",235.261744814822,-0.0112876707349107,0.305675547077077,-0.0369269666574423,0.970543238123172,0.999431561618104
"K00131",92.5350668753008,-0.320684685520932,0.711451037903888,-0.450747371830041,0.652171635844337,0.999431561618104
"K00132",15.4561409957301,-1.23497086275197,0.864195140051385,-1.42904166607387,0.15299225814318,0.999431561618104
"K00133",2681.94269183341,-0.057679545771482,0.20744304460966,-0.278050034793965,0.780973950270353,0.999431561618104
"K00134",10693.7500959199,0.387987822257009,0.44411873098097,0.873612831865976,0.382329135757664,0.999431561618104
"K00135",1444.83893980162,-0.519481311835803,0.336064074177046,-1.54578055719853,0.12215757418014,0.999431561618104
"K00137",92.2264216097811,0.45062507932968,0.387388937941674,1.16323682788673,0.244733428291862,0.999431561618104
"K00138",1463.98394568802,0.277464780067086,0.898135112269439,0.308934342145892,0.75737147247635,0.999431561618104
"K00139",8.04693340058141,-1.7848973146736,0.877060206651111,-2.03509097908899,0.0418417195083933,0.999431561618104
"K00140",2640.11443215178,-0.221455122019404,0.291692986438324,-0.759206193893965,0.447729221464605,0.999431561618104
"K00141",54.2630759478941,-0.159753335769226,0.385429766015713,-0.414481054280361,0.678521839222223,0.999431561618104
"K00145",901.84457464271,-0.137119780774875,0.226426817332572,-0.60558101019225,0.544793015507885,0.999431561618104
"K00146",28.4473034462976,-0.256429356448753,0.665478100628211,-0.385331021722103,0.699992180659912,0.999431561618104
"K00147",605.993037456268,0.0772930301660494,0.225160514307325,0.343279683846124,0.73138806319923,0.999431561618104
"K00148",990.829270757203,-0.0282543848733588,0.213658384319663,-0.132240936686511,0.894793722636449,0.999431561618104
"K00151",29.7592975766802,-0.0578745113836513,0.540227203039036,-0.10712994654486,0.914685889964817,0.999431561618104
"K00153",299.58545411093,-0.412542265046765,0.266405859739651,-1.54854801410873,0.121490411093833,0.999431561618104
"K00154",26.4507778739868,-0.0284132661222186,0.493855945310185,-0.0575335103121469,0.954120212938941,0.999431561618104
"K00156",469.92402230338,-0.147852747396551,0.348836426822202,-0.423845493268711,0.671678497697222,0.999431561618104
"K00158",6.98093161744191,0.0359765506680809,1.19197421428094,0.0301823229370644,0.97592164636165,0.999431561618104
"K00161",396.963418151177,-0.112214086544287,0.211032552136424,-0.531738281171642,0.594907274454468,0.999431561618104
"K00162",513.429514405942,-0.00770721164749395,0.222800851485172,-0.0345923796795134,0.972404777999662,0.999431561618104
"K00163",5216.93118072185,-0.071487691772035,0.197593345053781,-0.361792001408638,0.717507469786819,0.999431561618104
"K00164",430.545693507859,-0.202463845597684,0.263726553063004,-0.767703681128066,0.442663248718438,0.999431561618104
"K00166",700.288623030912,-0.199594208137326,0.331553880325692,-0.601996296774634,0.54717660244521,0.999431561618104
"K00167",266.964051928267,-0.120376497161469,0.305290765092242,-0.39430114148752,0.693358720627774,0.999431561618104
"K00169",1689.51339784683,0.296223735089879,0.53978268929947,0.548783317735361,0.583154160061181,0.999431561618104
"K00170",129.243299467793,0.300313143940469,0.317300764774851,0.946462086700497,0.343912951087632,0.999431561618104
"K00172",532.146481428232,0.5161625120476,0.599149139987388,0.861492535996071,0.388966830299734,0.999431561618104
"K00174",16243.8234399813,-0.0175084748262682,0.314705496794462,-0.0556344741499804,0.955633000624061,0.999431561618104
"K00175",6497.81138379383,0.00677723052322732,0.258704819299301,0.0261967695135459,0.979100392554387,0.999431561618104
"K00176",4.44646730885346,0.61868683713264,1.55015358385462,0.399113251471644,0.689809758549039,0.999431561618104
"K00177",5.80099688335818,-0.302598712150815,1.4462599583602,-0.209228438083779,0.834269913305637,0.999431561618104
"K00179",62.086289584182,0.143131629333978,0.645606651647637,0.221700983050121,0.824546664793766,0.999431561618104
"K00180",32.0414498764789,0.180367436750772,0.706213494885425,0.255400722383583,0.798413612906475,0.999431561618104
"K00184",2.61622009157985,-0.210308994555973,1.78423550894667,-0.117870647401323,0.906170151064884,0.999431561618104
"K00186",1.70852596468322,1.28720297094534,2.12341456758321,0.606194847956791,0.544385373559255,0.999431561618104
"K00196",0.967772760462964,0.599467879854514,2.89315456603564,0.207202161575466,0.835851979253063,0.999431561618104
"K00200",20.252548136533,0.316596996186149,0.639840495387422,0.494806125070983,0.620736980355058,0.999431561618104
"K00201",53.1415292531077,-0.292733555204948,0.508305965515839,-0.575900294437576,0.56468257659288,0.999431561618104
"K00202",2.63334277478876,-0.515091139721735,1.41309388424045,-0.364513034460269,0.715474942250211,0.999431561618104
"K00206",6.49294337800473,1.33821079052889,1.11924940989622,1.19563233958101,0.231840065556344,0.999431561618104
"K00208",581.980458790993,-0.0899145271306031,0.286019005915542,-0.314365567570548,0.753243404580527,0.999431561618104
"K00209",1.0404482502568,1.08900978121009,2.83478017177194,0.384160222388385,0.700859698422818,0.999431561618104
"K00214",1.34086721271522,4.40009530601845,2.8678258271412,1.53429656165859,0.124956711239566,0.999431561618104
"K00215",557.868361433539,0.0809383504359022,0.221878684767756,0.364786507188024,0.715270777795799,0.999431561618104
"K00217",99.9529298884573,0.843265544820102,0.349665451221066,2.41163529846983,0.0158811582776342,0.999431561618104
"K00219",20.4189903441075,0.446598916214566,0.706589556678535,0.632048566233973,0.527355142552485,0.999431561618104
"K00220",38.961253563388,0.0742885660765917,0.497891980371249,0.149206191313222,0.881390934720595,0.999431561618104
"K00221",2.82711646024007,0.387774790667505,2.78287346445579,0.139343306700916,0.88917886986465,0.999431561618104
"K00226",44.9525425363794,-0.0321015343685763,0.726806127724993,-0.0441679467797812,0.964770531872853,0.999431561618104
"K00227",0.300434506190667,-1.00252203301266,3.79535279319863,-0.264144623079363,0.791668480296891,0.999431561618104
"K00228",104.602580590911,-0.380922966547959,0.344902251429311,-1.10443746009014,0.269403418576584,0.999431561618104
"K00230",162.557147774068,0.283708793551996,0.4502000018138,0.630183901397086,0.528574270778786,0.999431561618104
"K00231",1309.51733312134,0.0976692741570074,0.167323460348769,0.583715361572285,0.559411830354814,0.999431561618104
"K00232",314.324152767549,-0.164183525288504,0.308321762625824,-0.532507092234535,0.594374831054806,0.999431561618104
"K00233",0.595921741907125,3.21268659319819,3.71860447081998,0.863949532252827,0.3876156150646,0.999431561618104
"K00239",3827.23619522725,-0.134000060531692,0.210720496340995,-0.635913747634918,0.524832641635926,0.999431561618104
"K00240",4103.77555803534,-0.0670142225992352,0.25602957663452,-0.261744066760292,0.793518764165273,0.999431561618104
"K00241",2452.48544316547,-0.220082717644237,0.293695731319876,-0.749356201587198,0.453642541954491,0.999431561618104
"K00242",459.91641277418,-0.195738971190379,0.301644666118353,-0.648905792730242,0.516399270287403,0.999431561618104
"K00243",99.1749154708457,0.718884532291257,0.774344433882116,0.928378252410474,0.353211395457404,0.999431561618104
"K00244",51.9045257458391,-0.43835518423382,0.517933907826556,-0.846353516558363,0.397355561432112,0.999431561618104
"K00245",33.1258730135339,0.460552115282469,0.559132232650382,0.823690870224695,0.410115228300962,0.999431561618104
"K00246",8.13518415770266,0.691236238931065,1.52747814739599,0.452534290005699,0.650884124367148,0.999431561618104
"K00247",6.16586919871609,-0.141588809875889,1.07452183259639,-0.13176913263248,0.895166902209648,0.999431561618104
"K00248",245.062064647604,-0.264763254798523,0.40467762641878,-0.65425720997121,0.51294610886783,0.999431561618104
"K00249",2673.998373155,-0.0573317758157405,0.197616226760089,-0.29011674170534,0.771726928307651,0.999431561618104
"K00252",508.039462176741,-0.0457346734507424,0.233733672385753,-0.195670024707703,0.844868447670154,0.999431561618104
"K00253",231.787943767643,-0.282388382509172,0.251739366744754,-1.12174899842143,0.261969176776601,0.999431561618104
"K00254",171.522742797122,0.145136757168777,0.297098144538045,0.488514518979741,0.625185444226333,0.999431561618104
"K00255",153.990660880019,0.0729217748657211,0.266260848124226,0.273873441699919,0.784181881973775,0.999431561618104
"K00259",2112.01836939314,-0.0954403045877233,0.250140603394684,-0.381546631344504,0.702797676469892,0.999431561618104
"K00260",368.346510800089,0.0408341127316007,0.494263675676924,0.0826160503817642,0.934156838546143,0.999431561618104
"K00261",200.168999988786,0.0809314788387107,0.267977273716527,0.302008740205045,0.762645400156279,0.999431561618104
"K00262",52.7304198863998,0.289329679372565,0.402226510852563,0.719320262504078,0.471943614045976,0.999431561618104
"K00263",392.303587631243,-0.554737847640036,0.454528089743116,-1.22046988988855,0.222286797123173,0.999431561618104
"K00265",753.888263357123,-0.0551165775471409,0.188591004374582,-0.292254541672982,0.770092012708282,0.999431561618104
"K00266",1727.91316798764,-0.0358798410236633,0.187917045365159,-0.190934467673978,0.848576935610003,0.999431561618104
"K00271",169.011618524432,0.123904561029871,0.318068916527155,0.389552561069868,0.69686743690534,0.999431561618104
"K00273",33.3564949556003,-0.421720742221491,0.430657167166062,-0.979249329569092,0.327456800124345,0.999431561618104
"K00274",87.2457092122672,-0.0556919695764881,0.45957117011647,-0.121182470089179,0.903546508624842,0.999431561618104
"K00275",207.336288301064,-0.435202721919291,0.264520156109281,-1.6452535350066,0.0999175375799456,0.999431561618104
"K00276",314.786364854705,-0.163039451737177,0.478788027267913,-0.340525331570052,0.733460949558041,0.999431561618104
"K00278",328.35327288557,0.314823536791249,0.258558497549759,1.21761048186267,0.223372029292454,0.999431561618104
"K00279",21.0683593227312,-0.195582891961242,0.815029581306317,-0.239970298559918,0.81035328222981,0.999431561618104
"K00281",2892.87306246475,0.0492798681947702,0.236040987723745,0.208776741149913,0.834622529096362,0.999431561618104
"K00282",1213.38803373946,-0.153631873592258,0.320855723637181,-0.478819177201223,0.632067272665306,0.999431561618104
"K00283",818.468938181383,-0.0864461346211772,0.212461740421204,-0.406878595881773,0.684097157212973,0.999431561618104
"K00285",1011.20362131249,0.101066771898026,0.395544876785351,0.255512782062581,0.798327072524528,0.999431561618104
"K00286",338.805908766589,0.110779912327495,0.238586562790834,0.464317483062171,0.64242029995044,0.999431561618104
"K00287",73.4893614642251,-0.253338723007781,0.433639070940531,-0.584215629966894,0.5590752470995,0.999431561618104
"K00290",1351.87968252612,0.275190956084749,0.606038163172382,0.454081892539948,0.649769885616788,0.999431561618104
"K00294",1939.78213852959,-0.151882979320897,0.221538397070506,-0.685583092273433,0.492976046477047,0.999431561618104
"K00297",935.456396936162,-0.254409475682544,0.208877628545283,-1.21798335922504,0.22323029649758,0.999431561618104
"K00298",6.26411978340637,0.594488236446595,1.1724050286668,0.50706728639898,0.612107607650907,0.999431561618104
"K00299",208.982498673894,0.189410437154767,0.42000264358177,0.450974392778769,0.652008004961555,0.999431561618104
"K00300",4.92132334775674,-3.33115093216173,1.5638970837111,-2.13003206339957,0.0331689663334448,0.999431561618104
"K00301",90.4923885373227,0.250622034420767,0.336112598475249,0.745649034156101,0.455879454086108,0.999431561618104
"K00302",195.161340540201,0.353859013884917,0.401748917640686,0.880796433660588,0.378428010388038,0.999431561618104
"K00303",288.793588106906,0.0157084776519993,0.390400992495654,0.0402367769394801,0.967904357601753,0.999431561618104
"K00304",76.9307470128865,0.386944577932724,0.510940741189767,0.757317917204432,0.448859419104973,0.999431561618104
"K00305",76.3317384388558,-0.411177525833682,0.533166142000611,-0.771199619485986,0.440588619715358,0.999431561618104
"K00309",261.784409240711,-0.433243386508543,0.470781347369856,-0.920264553659509,0.357434527558747,0.999431561618104
"K00311",956.623917702108,0.0847947202018823,0.196360900585319,0.431830980348549,0.66586426120625,0.999431561618104
"K00313",85.4713667983808,0.217172221742693,0.421400729664346,0.515357963228196,0.60630290165112,0.999431561618104
"K00314",0.62652136991981,3.31200695895109,3.71282221378867,0.892045664521982,0.372368456764256,0.999431561618104
"K00315",28.9448823797785,-1.18467758591304,0.723781192110738,-1.6367896801217,0.101674422786769,0.999431561618104
"K00316",4.07591939036366,0.0771895183844592,1.5232899815295,0.0506728983453006,0.959586172883255,0.999431561618104
"K00317",7.43543279110028,0.984028067994132,0.934148219365969,1.05339607526311,0.292159502207507,0.999431561618104
"K00318",803.765385575745,0.0592535325280758,0.268042294894623,0.221060383591218,0.825045416465539,0.999431561618104
"K00320",249.238144296062,0.141484268001508,0.215984934381742,0.655065448923591,0.512425616277847,0.999431561618104
"K00322",106.265988072735,0.0892654863869115,0.363101932211659,0.245841397326624,0.805805009822671,0.999431561618104
"K00324",995.932350339635,0.00869446356288763,0.237342635070746,0.0366325399576693,0.970777997801043,0.999431561618104
"K00325",368.400053703945,-0.195631549071728,0.341502764272953,-0.572854950349292,0.566742909258072,0.999431561618104
"K00330",2292.16564447646,0.0183731587745439,0.198900752997838,0.0923735003393558,0.926401293058089,0.999431561618104
"K00331",3019.41741764368,0.0817157116956705,0.201779160509422,0.404975972193396,0.685495172898403,0.999431561618104
"K00332",1896.25663014611,0.0864773737683755,0.256507905681608,0.337133366469087,0.736016365455724,0.999431561618104
"K00333",2450.09539179205,-0.0671959652423062,0.194124940220461,-0.346148027996785,0.729231470685064,0.999431561618104
"K00334",928.057633933504,0.0282522683388069,0.199622424181091,0.141528530447949,0.88745242284055,0.999431561618104
"K00335",1384.91155186277,-0.00930663304357081,0.18722309454767,-0.0497087876154147,0.960354453614172,0.999431561618104
"K00336",547.482998039285,0.0126080715915408,0.274501801677106,0.0459307425835098,0.963365450988677,0.999431561618104
"K00337",1597.34398218579,0.0688610569843607,0.181533676697963,0.37932937974331,0.704443285168886,0.999431561618104
"K00338",1699.74181648569,-0.0266316697304416,0.227188096373812,-0.117222997839738,0.906683342915162,0.999431561618104
"K00339",843.231816454413,-0.0656682316057045,0.220017856510906,-0.298467736424154,0.765346197151876,0.999431561618104
"K00340",995.881286291857,0.185506552602375,0.254633506459334,0.728523732724078,0.466293046170384,0.999431561618104
"K00341",2477.83371492282,-0.0741369141081654,0.195420799885454,-0.379370640953372,0.704412649092939,0.999431561618104
"K00342",894.610201127888,0.0332875935520107,0.233205583487665,0.142739264876011,0.886496105327165,0.999431561618104
"K00343",2457.42604374281,0.100230890391012,0.321935568449222,0.311338355292111,0.755543411850787,0.999431561618104
"K00344",1326.41161534131,0.0113751517735425,0.178841755446877,0.0636045634036588,0.94928509803164,0.999431561618104
"K00355",9.46628700675219,0.328103776705342,1.00135899694447,0.327658489818848,0.74316989248585,0.999431561618104
"K00360",12.8831546541506,-0.352605206402844,0.831864059522434,-0.42387359132365,0.671658004754976,0.999431561618104
"K00362",9.13061394697817,-0.648899122917351,0.740778350048257,-0.875969340728005,0.381046701419092,0.999431561618104
"K00363",8.43965988946663,-0.673720992307532,1.05710744267442,-0.637324991869379,0.523913175221862,0.999431561618104
"K00364",182.909110279317,1.07070816478731,1.14110574546821,0.938307574946078,0.34808636805196,0.999431561618104
"K00365",494.77849029809,0.432173472617345,0.609845876854635,0.708660153359305,NA,NA
"K00366",93.4730934867522,-0.10220970494648,0.379934324126795,-0.269019402712269,0.78791475168426,0.999431561618104
"K00368",2935.64831520296,0.354806194387244,0.331417738843529,1.07057092244165,0.284362403668261,0.999431561618104
"K00370",802.60220461124,0.443798377748413,0.443662753850297,1.00030569142201,0.317162593724687,0.999431561618104
"K00371",384.239747831108,0.529186720897049,0.409765607849064,1.29143761887399,0.196551973093265,0.999431561618104
"K00372",5.11645010926638,-1.6832628055486,1.31006213595499,-1.28487249524356,0.198836843813706,0.999431561618104
"K00373",111.486003245485,0.305598814659386,0.63348427281031,0.482409473724843,0.629515092487438,0.999431561618104
"K00374",150.651834872772,0.698782197062229,0.393150959793437,1.77738901471682,0.0755042569427068,0.999431561618104
"K00375",101.184504997784,-0.0644198452085748,0.300157291333615,-0.214620290989281,0.830063372639636,0.999431561618104
"K00376",1113.10476914139,0.291335956916545,0.468635514253493,0.621668542087819,0.534159840869565,0.999431561618104
"K00380",568.493050232673,0.116939423630694,0.448928533711733,0.260485611515582,0.794489212686644,0.999431561618104
"K00381",886.918748262422,-0.0282428101496305,0.426825058627896,-0.0661695220998083,0.947242861419336,0.999431561618104
"K00382",5203.93911617921,0.216120151102111,0.352288859040421,0.613474271343089,0.539562789870877,0.999431561618104
"K00383",44.989535609738,-0.351777867469678,0.465543542142995,-0.755628283125506,0.449872093558546,0.999431561618104
"K00384",8002.86569937957,-0.0502891457851608,0.220093784219075,-0.228489623019542,0.819265622411348,0.999431561618104
"K00386",2.05174621379419,-2.84983782276389,1.89981138105265,-1.50006355956498,0.133597939158469,0.999431561618104
"K00387",9.3332268633358,2.06111989918872,0.76125300159233,2.70753598984493,0.00677847207497794,0.999431561618104
"K00389",42.6494404021386,0.435472302694429,0.466314486634271,0.933859691637606,0.350376273626949,0.999431561618104
"K00390",1598.80819703981,0.0808709237450571,0.205343544342372,0.393832316492112,0.693704843523122,0.999431561618104
"K00392",1613.77230135865,0.0685100683762513,0.211409389988205,0.324063507207857,0.745889954352189,0.999431561618104
"K00394",9.4240904910458,1.03319151047523,1.04561326695443,0.98812012349903,0.323093821389029,0.999431561618104
"K00395",3.93354732292953,2.52824276844599,1.32876090553135,1.90270706936172,0.0570787789863389,0.999431561618104
"K00404",399.074506390489,-0.0278221615883912,0.328550987911632,-0.0846814120549055,0.932514673910693,0.999431561618104
"K00405",244.577544204704,-0.0360412607196397,0.314377540972823,-0.114643242669664,0.908727902958689,0.999431561618104
"K00406",412.659681129107,0.239059188526414,0.271961215957927,0.879019413427672,0.379390749876871,0.999431561618104
"K00407",49.7282406904035,-0.140278150300022,0.460040839769086,-0.30492542873027,0.760422948145115,0.999431561618104
"K00410",452.499107841623,-0.265353328865233,0.19225281676433,-1.38023116296138,0.167515481898192,0.999431561618104
"K00411",675.158103570522,-0.00147027061940957,0.225191286760071,-0.00652898538199689,0.994790660376341,0.999431561618104
"K00412",1161.44645002792,-0.30533084925178,0.199854311245228,-1.527767138719,0.126570363896773,0.999431561618104
"K00413",619.80177488592,-0.176041425841196,0.234685400349804,-0.750116647984076,0.453184453678151,0.999431561618104
"K00425",1482.94867409594,0.225993513524654,0.370285039237729,0.610323101332653,0.54164779685118,0.999431561618104
"K00426",443.510664606666,0.0606034663316427,0.37304673081052,0.162455428037043,0.870947225223799,0.999431561618104
"K00427",4.09830269236485,1.29088044179147,1.75083749154891,0.737293122875425,0.460944113455669,0.999431561618104
"K00428",374.094955880614,0.528967890792446,0.514428292512924,1.02826360542593,0.303825845921298,0.999431561618104
"K00432",372.337081888273,-0.2006469733456,0.194475130923721,-1.03173589544619,0.302195856932449,0.999431561618104
"K00433",506.397515182455,-0.0175476010030892,0.222930584916831,-0.0787132954844922,0.9372606700267,0.999431561618104
"K00435",1142.89482992973,0.148842896232926,0.454473756884366,0.327506030828523,0.743285182316211,0.999431561618104
"K00436",5.38631923474341,0.708362827764004,0.964816353187315,0.734194466567544,0.462830225454122,0.999431561618104
"K00441",53.5739600330011,0.549144442078973,0.393947451085874,1.39395353508524,0.163331636365785,0.999431561618104
"K00446",238.498662227299,-0.410425608728092,0.237543500402214,-1.72779136466858,0.0840256361269871,0.999431561618104
"K00448",116.415472805895,-0.0900934552154117,0.291820010074663,-0.308729532263264,0.757527277006556,0.999431561618104
"K00449",335.214096652185,-0.174250440209325,0.291378201853513,-0.598021537304038,0.549825562448906,0.999431561618104
"K00450",298.464323964651,0.0379077602832156,0.240675250009821,0.157505851896565,0.87484619631229,0.999431561618104
"K00451",1349.68116702927,0.0290816987469519,0.28244411662771,0.102964434501868,0.91799119803984,0.999431561618104
"K00452",28.7747270679595,-0.520236118948299,0.626391697719926,-0.830528439061318,0.4062400755687,0.999431561618104
"K00453",195.753131581082,0.124713670240177,0.318537107860051,0.391520068346227,0.695412857771502,0.999431561618104
"K00455",29.82216697689,-0.760553649532197,0.824384846046412,-0.92257111854938,0.356230752433203,0.999431561618104
"K00456",25.9310852015084,0.167761918817881,0.530372170900154,0.316309806627209,0.751767368387242,0.999431561618104
"K00457",1860.45274327956,-0.245406615332058,0.247465120549663,-0.991681634918761,0.321352852532649,0.999431561618104
"K00459",1202.86439779314,-0.00353461153035741,0.353250190824888,-0.0100059720338823,0.992016522615492,0.999431561618104
"K00463",2.30266414453233,1.47762753719527,1.89964771896863,0.777842924475236,0.436661619265274,0.999431561618104
"K00464",8.84794681938541,0.81035480664069,1.10531439932728,0.733144168875289,0.463470503297004,0.999431561618104
"K00467",42.8618497632066,-0.498667740111582,0.419433960294792,-1.18890644849335,0.234476482318957,0.999431561618104
"K00468",95.3048467180205,-0.352808149077569,0.305005599475534,-1.15672679348915,0.247383999314448,0.999431561618104
"K00469",49.0844081354561,-0.36283918246365,0.45567633957623,-0.796265135910027,0.425877945276572,0.999431561618104
"K00472",26.5534590800132,-0.110361247505661,0.605010735565809,-0.182412048279524,0.855259371270276,0.999431561618104
"K00474",0.313260684959905,2.32639373729202,3.79152128977883,0.613577917540251,0.539494279532316,0.999431561618104
"K00476",6.5317910034907,0.254399466852117,1.05653909668641,0.240785662972608,0.80972124204235,0.999431561618104
"K00477",225.079774751081,-0.07847517266967,0.292090629077827,-0.26866720413944,0.78818579141704,0.999431561618104
"K00479",212.414688062861,-0.362790924742551,0.384712778186543,-0.943017610313526,0.345671895396001,0.999431561618104
"K00480",0.313260684959905,2.32639373729202,3.79152128977883,0.613577917540251,0.539494279532316,0.999431561618104
"K00481",188.921659060517,0.0169277570919184,0.236202599509423,0.0716662607739131,0.942867507096742,0.999431561618104
"K00483",214.325525612355,-0.024414770736372,0.329054261526245,-0.0741967924169393,0.940853798098468,0.999431561618104
"K00485",148.211390172137,-0.191139720801757,0.376527095255763,-0.507638688450619,0.611706753282348,0.999431561618104
"K00486",6.12710868906364,1.00819726785817,1.13438291359618,0.888762741199988,0.374130603874024,0.999431561618104
"K00491",3.90827277476336,0.979330822733733,1.51990435524635,0.644337138289863,0.519356837994148,0.999431561618104
"K00496",311.308668586975,-0.122576947596305,0.355218190808272,-0.345075085590044,0.730037923183341,0.999431561618104
"K00499",156.584843487378,0.0872322653263553,0.29068196805851,0.300095206830293,0.764104535209258,0.999431561618104
"K00500",691.66961046821,-0.17390688305366,0.264668654000217,-0.657073969377264,0.5111333555609,0.999431561618104
"K00505",12.3741596684626,-1.36175654558932,0.843654314612941,-1.61411673241317,0.106502108664465,0.999431561618104
"K00507",7136.11232598936,-0.0156049642392793,0.210264365308107,-0.0742159243979021,0.940838574957743,0.999431561618104
"K00508",164.395672728074,0.0629635724782788,0.264128232304296,0.238382591398786,0.811584368345806,0.999431561618104
"K00518",1445.26841855623,-0.191126523206471,0.200993348363984,-0.950909693092708,0.341650220817728,0.999431561618104
"K00520",1.27660978494295,1.16374235391245,3.20191644589712,0.363451818177096,0.716267399031468,0.999431561618104
"K00523",37.0905797981861,-0.374986856617166,0.410303866770661,-0.913924744527853,0.36075639047881,0.999431561618104
"K00525",8095.49475418927,-0.16298883305687,0.17374229852026,-0.938106807870189,0.348189523565506,0.999431561618104
"K00526",469.124758057084,-0.208959169309949,0.203708841056535,-1.02577368869305,0.304998270952599,0.999431561618104
"K00528",1194.70752415841,-0.000826699447834241,0.174037616560317,-0.00475011933726253,0.99620996737165,0.999431561618104
"K00529",521.605131536343,-0.2003665866646,0.405109157157762,-0.494599006525471,0.620883203616943,0.999431561618104
"K00537",257.717123775426,-0.110783528413059,0.465679548053849,-0.237896486706452,0.811961380503354,0.999431561618104
"K00540",456.609794029931,0.105011218224131,0.19716816732506,0.532597222202734,0.594312425426609,0.999431561618104
"K00542",0.177151084382785,-0.640874455684684,3.81152694885504,-0.168141131962139,0.866472251331796,0.999431561618104
"K00545",0.87704786875899,-2.72438856945117,2.86974212462123,-0.949349610920443,0.342442829181533,0.999431561618104
"K00547",37.8805199747079,-0.140297687982467,0.57476688067721,-0.244094941269342,0.807157290354985,0.999431561618104
"K00548",9170.97893871945,-0.0408631161744103,0.173730983501824,-0.235209145488901,0.814046408026576,0.999431561618104
"K00549",971.2797762243,0.0452247570054836,0.216461889779298,0.208927109763267,0.834505140615366,0.999431561618104
"K00554",1353.37974341502,0.0288021923686844,0.178521464459186,0.161337419317828,0.871827652933604,0.999431561618104
"K00555",3.95926404104009,4.55570608766,2.05228345603624,2.21982303383123,0.0264307827081005,0.999431561618104
"K00556",7.11777171636978,0.974679374452105,0.922155189557456,1.05695807548386,0.290530721628264,0.999431561618104
"K00557",0.797179879722534,-2.58603704146993,3.71901711194744,-0.695354972463618,0.486832871437393,0.999431561618104
"K00558",9.0877405278016,-1.09044688385591,0.778087389846674,-1.40144525934392,0.16108096613101,0.999431561618104
"K00560",526.008398092273,-0.0847911695977118,0.225816107295801,-0.375487694890791,0.707297796174752,0.999431561618104
"K00561",0.118609867317982,-0.060392878424755,3.81694647031143,-0.0158223016472713,0.987376156521306,0.999431561618104
"K00563",20.1919434441355,0.760876467393454,0.602171737146674,1.26355393396373,0.206390176738493,0.999431561618104
"K00564",777.335526970634,0.698964915850321,0.619895012669444,1.12755370113462,0.259508449144696,0.999431561618104
"K00566",794.225170967427,0.147218205190263,0.186627991446149,0.78883239351982,0.430209973770622,0.999431561618104
"K00567",164.013966479302,-0.218408420604985,0.299442296887912,-0.729384001107701,0.465766801542103,0.999431561618104
"K00568",96.9525624013759,-0.397720646844038,0.406524472323619,-0.978343676509166,0.327904374911274,0.999431561618104
"K00569",1.20630614834646,1.35477376379103,2.68340958237309,0.504870286180066,0.613649945245965,0.999431561618104
"K00570",369.679997781821,-0.143756167887596,0.265769072825944,-0.540906307716791,0.588572163005712,0.999431561618104
"K00571",56.6463668960892,0.0358940342444531,0.496469184547888,0.0722986146202411,0.942364267186052,0.999431561618104
"K00573",293.117172070318,-0.150222590526511,0.281642060349558,-0.533381236950414,0.59376970316486,0.999431561618104
"K00574",366.624726487416,-0.0757964792109088,0.26948858865652,-0.281260440706512,0.778510649795556,0.999431561618104
"K00575",273.83282278861,-0.00945197377891222,0.257074642736128,-0.0367674294061516,0.970670444048636,0.999431561618104
"K00577",0.885313579000582,-1.38030891163806,2.53655176876158,-0.544167451513109,0.586326247595033,0.999431561618104
"K00587",0.62652136991981,3.31200695895109,3.71282221378867,0.892045664521982,0.372368456764256,0.999431561618104
"K00588",270.312960394176,0.478862765888432,0.33147160708052,1.44465696505978,0.148554263476381,0.999431561618104
"K00594",50.0473195710345,-0.262159234792766,0.364151427437376,-0.719918185238614,0.471575370596979,0.999431561618104
"K00595",48.071950236115,0.546166270433705,0.472005825714181,1.15711764702758,0.247224297719,0.999431561618104
"K00596",45.4206299038318,-0.23505762795466,0.570312287844166,-0.412155994118941,0.680225089364066,0.999431561618104
"K00598",139.534288204297,0.0640796656334592,0.2739571959093,0.233903933133679,0.815059559706103,0.999431561618104
"K00600",4537.94392530721,0.0433305812667939,0.236413522723982,0.183283006689018,0.854575967242722,0.999431561618104
"K00602",978.333608476081,-0.051683038335704,0.234356745433212,-0.220531473246767,0.825457263560434,0.999431561618104
"K00603",6.62205743261886,-0.109016345034344,1.11916112723588,-0.0974089810495775,0.922401612802079,0.999431561618104
"K00604",350.703148329377,0.320204932772916,0.252780175247134,1.26673277467215,0.205250856708005,0.999431561618104
"K00605",1050.8223299406,-0.126133944929753,0.225646130706534,-0.558990063489269,0.576168501605127,0.999431561618104
"K00606",872.041038650607,-0.00954593983156633,0.205279338177077,-0.0465021950885863,0.962909984553173,0.999431561618104
"K00609",750.450008868668,0.306513912349771,0.211359842328433,1.45019938022795,0.147002927859577,0.999431561618104
"K00610",2.62473297086259,2.43731664777367,1.57336023402895,1.54911545052359,0.121353969382886,0.999431561618104
"K00611",529.337208698049,-0.00336926531982907,0.194850084966564,-0.0172915773704037,0.986204004884967,0.999431561618104
"K00612",376.068372261071,0.0113480108030058,0.271580397194452,0.0417850880263665,0.966670022661834,0.999431561618104
"K00613",14.4525467899813,-1.14892008749864,0.763783314090171,-1.50424873953584,0.132517332372368,0.999431561618104
"K00615",7883.69266539897,-0.0383737554939141,0.398805192407339,-0.0962218050930471,0.923344413205513,0.999431561618104
"K00616",4487.73970835673,-0.0737373427268418,0.229563869962658,-0.321206219161736,0.748054119457597,0.999431561618104
"K00619",24.2204993034352,0.170618155828238,0.556517107668187,0.306582050178348,0.759161517984682,0.999431561618104
"K00620",800.945307099113,-0.0253508308622052,0.202862365872745,-0.124965667008477,0.900550730981994,0.999431561618104
"K00621",0.828589286257528,1.932845522773,2.98339729723962,0.647867290273862,0.517070788458691,0.999431561618104
"K00625",284.282968893441,0.51763854285233,0.68991805207011,0.750289895008759,0.453080127258234,0.999431561618104
"K00626",7746.09717253787,-0.0724761317115663,0.177766753366484,-0.407703523516287,0.68349135031396,0.999431561618104
"K00627",2948.50116862181,0.503503461548421,0.48458893518904,1.03903210532862,0.298789805059119,0.999431561618104
"K00631",13.8994531729654,0.465871359899552,0.802887403488169,0.580244948264924,0.561749446247606,0.999431561618104
"K00632",1307.30519461648,-0.17529352077738,0.248325398480903,-0.705902504736583,0.480248769818499,0.999431561618104
"K00633",0.0885755421913926,-0.0603928784247551,3.81694647031143,-0.0158223016472713,0.987376156521306,0.999431561618104
"K00634",223.585883108987,-0.30223064184083,0.499958695685078,-0.604511221525396,0.545503810901933,0.999431561618104
"K00635",1023.52366727907,0.0354307530998987,0.235075001091322,0.150721058961665,0.880195760359223,0.999431561618104
"K00639",589.402970942867,0.211479330331215,0.479938313122439,0.440638566559415,0.659474677868082,0.999431561618104
"K00640",867.463067935994,-0.010130112848935,0.193837256224896,-0.0522609174635743,0.958320794084233,0.999431561618104
"K00641",403.091023243387,-0.19389204438245,0.217940561764665,-0.889655614413882,0.373650833907545,0.999431561618104
"K00643",440.297088000578,0.0220586236975247,0.227866810899698,0.0968048993639288,0.922881333081728,0.999431561618104
"K00645",1727.33418822725,-0.11255977206823,0.211874347818768,-0.531257196668805,0.595240562345277,0.999431561618104
"K00647",208.045059031041,-0.39066382996563,0.260980411126911,-1.49690863110663,0.134417034078004,0.999431561618104
"K00648",3966.73620063981,0.0420522298186736,0.193033835297801,0.217849009495137,0.82754675741858,0.999431561618104
"K00651",311.394160741592,-0.246750455670166,0.349252273754867,-0.706510663530725,0.479870623656689,0.999431561618104
"K00652",142.616655948792,0.159064140331724,0.297193077950622,0.535221551688202,0.592496665168931,0.999431561618104
"K00655",3097.16242946128,-0.0975024426402851,0.178185769308353,-0.547195452357116,0.584244460157,0.999431561618104
"K00656",1893.56304412429,0.352754659601046,0.558397367408064,0.63172693889737,0.527565321881586,0.999431561618104
"K00657",69.30921371172,-0.674058315330314,0.407173695959913,-1.65545643546845,0.0978319463597866,0.999431561618104
"K00658",851.838483778138,-0.0234366861174629,0.325903725069941,-0.0719129126628828,0.942671213838094,0.999431561618104
"K00661",68.6905570335568,0.130577542424037,0.45386636325253,0.287700418000318,0.773576070026336,0.999431561618104
"K00662",19.6127176300216,0.47562594826554,0.65577245763161,0.725291132206607,0.468273444817566,0.999431561618104
"K00663",51.4943293572727,-0.196250035312785,0.369800518304175,-0.530691617774754,0.595632495587594,0.999431561618104
"K00666",372.696813372619,-0.169995889125116,0.265944732765138,-0.63921510066245,0.522683009832736,0.999431561618104
"K00672",9.85179026955007,-0.394435278124887,0.805626429984466,-0.489600717459694,0.624416468672714,0.999431561618104
"K00673",15.2996815321542,0.433985346488078,0.662781113191283,0.654794377586355,0.512600151064678,0.999431561618104
"K00674",617.263562403139,-0.174082982938447,0.185362313746371,-0.939149816486658,0.347653830261143,0.999431561618104
"K00675",29.7711629893111,-0.532953123463304,0.490828534060535,-1.08582343217555,0.277557117361769,0.999431561618104
"K00677",375.568509160109,-0.220230685026454,0.259673929335272,-0.848104719600514,0.396379653446021,0.999431561618104
"K00681",317.169185831776,-0.172755586758093,0.239812316259148,-0.72037829187809,0.471292112017769,0.999431561618104
"K00682",60.9691622050285,-0.00648566063660317,0.374444191732937,-0.0173207670990632,0.9861807183386,0.999431561618104
"K00683",24.2437388397655,0.701992287803405,0.667675380044349,1.0513975934784,0.29307602064135,0.999431561618104
"K00684",62.1305461622785,0.239190038229849,0.455337217825822,0.525303069606196,0.599372523854785,0.999431561618104
"K00686",45.5849029813771,0.206075934939081,0.924489561015747,0.222907800832995,0.823607264946441,0.999431561618104
"K00688",4630.33944638907,-0.0260428337957545,0.195696531307073,-0.13307764640391,0.894131973476231,0.999431561618104
"K00690",0.300434506190667,-1.00252203301266,3.79535279319863,-0.264144623079363,0.791668480296891,0.999431561618104
"K00692",22.4119010490361,-0.905269312103586,2.15227592841369,-0.420610248041386,0.674039709188579,0.999431561618104
"K00693",5.83617589755032,0.565110164418427,0.957601057828971,0.590131098747551,0.555102760845013,0.999431561618104
"K00694",43.2602953041223,0.0101555064121509,0.509168199868702,0.019945288049744,0.984087017680563,0.999431561618104
"K00696",4.64290405896688,0.999041055048136,1.20127500848485,0.831650577920717,0.405606204492069,0.999431561618104
"K00697",298.275020531283,0.131351686247879,0.259183072845681,0.506791144983786,0.612301370142428,0.999431561618104
"K00700",1834.75259854515,-0.297209112426757,0.318500063456558,-0.933152443366139,0.350741264964953,0.999431561618104
"K00701",2.68270415947466,-0.0814843120837196,1.88955854919116,-0.0431234650646839,0.965603114278832,0.999431561618104
"K00702",19.4103145975067,0.306655986717653,0.558798308219337,0.548777586129136,0.583158093934293,0.999431561618104
"K00703",1670.10013829802,-0.0468533213480057,0.529570245919256,-0.088474233039047,0.929499763069524,0.999431561618104
"K00705",284.570762982393,-0.147372336937402,0.280891631628827,-0.524659051189326,0.599820228347934,0.999431561618104
"K00712",62.3519091552942,0.27739707800289,0.341233149315678,0.812925351945413,0.416260858202701,0.999431561618104
"K00718",6.08583559655612,0.452010654867246,1.21338508786322,0.372520364217792,0.709505452817056,0.999431561618104
"K00720",19.0057417166906,-0.470179099029503,0.675110042726465,-0.696448088863648,0.486148256099573,0.999431561618104
"K00721",668.611146005979,0.00613240227842936,0.239801611742708,0.0255728151027152,0.979598069382103,0.999431561618104
"K00728",302.492776007872,-0.0885441346482115,0.23835062435539,-0.371486900391705,0.710274911020222,0.999431561618104
"K00729",8.86917312273033,0.28363636403521,0.840006442312051,0.337659748483028,0.735619610984088,0.999431561618104
"K00748",166.759303816038,-0.23550998186427,0.321850502427668,-0.731737188812369,0.464328993116855,0.999431561618104
"K00752",50.5444557805373,0.373193050606757,0.41615329181863,0.896768229264432,0.369842604344345,0.999431561618104
"K00754",231.781593245392,0.340794940113006,0.548593305915006,0.621216001796795,0.53445751226957,0.999431561618104
"K00756",179.118502109421,0.465876472371256,0.483314004463831,0.963920904564064,0.335085582335454,0.999431561618104
"K00757",29.3447049369542,0.0428472093057947,0.586304672830378,0.0730801088433261,0.941742370171149,0.999431561618104
"K00758",81.0866826941895,-0.346902029218027,0.364428245051134,-0.951907635944499,0.341143826610371,0.999431561618104
"K00759",750.716169864343,0.403209377668333,0.362453401887312,1.1124447323954,0.265946980527714,0.999431561618104
"K00760",1091.67871697169,-0.0544338055321148,0.229328275308727,-0.237361945267476,0.812376009472435,0.999431561618104
"K00761",491.80899577042,0.198614122699952,0.363683128526964,0.54611860468866,0.584984411836872,0.999431561618104
"K00762",317.260907207033,0.0966360828031164,0.214927846246609,0.449621044879571,0.652983710945964,0.999431561618104
"K00763",615.330569209019,0.121686987687789,0.281236534399724,0.432685561097245,0.66524322088301,0.999431561618104
"K00764",5324.51309500621,-0.0746560609143364,0.153086243855066,-0.487673216314698,0.625781326008541,0.999431561618104
"K00765",674.14937402711,-0.0472348478862054,0.205195461148525,-0.230194408891022,0.817940706271491,0.999431561618104
"K00766",388.686901618868,0.334098560334632,0.225870429503005,1.47916024718139,0.139097491306092,0.999431561618104
"K00767",253.053387515385,-0.248049564399512,0.233841704915676,-1.06075844977678,0.288799689441865,0.999431561618104
"K00768",115.80725359891,0.114211738462437,0.279436904763593,0.408721026161745,0.682744401621477,0.999431561618104
"K00769",41.7043751859896,-0.0677618661202579,0.440336642110911,-0.153886503279439,0.877699226161398,0.999431561618104
"K00772",163.266205608009,-0.160114728288779,0.383676542287036,-0.417316960099672,0.6764465847627,0.999431561618104
"K00773",803.835491383745,0.366358986460989,0.431464519166392,0.849105709013593,0.395822473955169,0.999431561618104
"K00782",148.41911879215,-0.19965439973891,0.316592283404951,-0.630635710989624,0.528278743479488,0.999431561618104
"K00783",192.728812256247,0.0191247374341982,0.275293139315237,0.0694704469634406,0.944615155711055,0.999431561618104
"K00784",443.168211437128,0.122571086077803,0.232844119984131,0.52640833741542,0.598604524075354,0.999431561618104
"K00788",148.669397404329,0.225722123736421,0.271608747990229,0.831056162243129,0.405941902945969,0.999431561618104
"K00789",9258.39464517014,0.00187505947980333,0.162257250219082,0.0115560905738979,0.990779778964653,0.999431561618104
"K00790",6258.89155239423,0.266190764225341,0.38382543101505,0.693520394209896,0.487983031764271,0.999431561618104
"K00791",213.084501006358,0.0797839261816905,0.296169862956146,0.26938570111539,0.78763288845646,0.999431561618104
"K00793",700.202588996298,-0.0283189260464702,0.19985571701985,-0.1416968524531,0.887319461234369,0.999431561618104
"K00794",511.302917405948,-0.161593902996117,0.199370254150083,-0.810521628138527,0.417640439677698,0.999431561618104
"K00795",71.7716989027926,-0.189241098878052,0.307597481981575,-0.615223173021251,0.538407346235392,0.999431561618104
"K00796",346.951846846401,0.185762351938194,0.197667712968709,0.939770836361122,0.347335121128035,0.999431561618104
"K00797",697.06911570151,0.40494494056203,0.373528177761384,1.08410814677739,0.278316851113764,0.999431561618104
"K00798",317.007339095137,-0.0141209099334749,0.253598184400054,-0.0556822201502793,0.955594963789473,0.999431561618104
"K00799",1209.40745212234,0.00602620379787718,0.216603748847205,0.0278213273313573,0.977804655794721,0.999431561618104
"K00800",957.544056010344,-0.120661737146569,0.335453735119173,-0.359697104292796,0.719073657745197,0.999431561618104
"K00801",6.95705201304168,0.61790478770785,1.00987473414374,0.611862805174309,0.540628532264275,0.999431561618104
"K00803",205.201960521836,0.0237249841855142,0.264035284398853,0.089855354898988,0.928402159204677,0.999431561618104
"K00805",295.611533581756,0.040961402028922,0.644621812566513,0.0635433074562545,0.949333874537994,0.999431561618104
"K00806",350.095891603584,-0.123495163631516,0.226339694267097,-0.545618672992389,0.585328085940873,0.999431561618104
"K00808",377.067355123969,-0.133759094985773,0.300657022353996,-0.444889309215216,0.656399748903799,0.999431561618104
"K00809",596.674604409043,0.0912230463753101,0.181668561719436,0.502139971340736,0.615569065032591,0.999431561618104
"K00812",1050.54798760292,0.0465569704394405,0.218415477358202,0.213157835710914,0.831203854682178,0.999431561618104
"K00814",0.156630342479952,1.62272230958218,3.81694647031143,0.425136250194722,0.670737353439905,0.999431561618104
"K00817",1158.19209919435,-0.0996825422999002,0.183263709011257,-0.543929525587509,0.586489970215127,0.999431561618104
"K00819",1013.17387199489,-0.589383742233539,0.38929035633379,-1.51399522912451,0.130027049518968,0.999431561618104
"K00820",5350.11186649457,0.158101344861445,0.263150995557828,0.600800861597736,0.547972630194907,0.999431561618104
"K00821",610.081714989311,-0.0830155309143499,0.222945751161319,-0.372357537571019,0.709626664610977,0.999431561618104
"K00822",387.331479682366,-0.203159942415867,0.303669819868761,-0.669015915060866,0.503485325780337,0.999431561618104
"K00823",116.232501467901,0.112566772031501,0.285983153770445,0.39361329696314,0.693866562597416,0.999431561618104
"K00824",129.395089048848,-0.435965619346804,0.427819250163752,-1.0190416143732,0.308183210619727,0.999431561618104
"K00826",2182.88487459774,-0.0697543982952131,0.178818716038379,-0.390084437695223,0.696474110049147,0.999431561618104
"K00827",0.916595777109336,-1.54859790600987,2.46799260502547,-0.627472668620044,0.530349446448539,0.999431561618104
"K00830",350.617784888444,-0.023263161266737,0.252441690324825,-0.0921526124975774,0.926576787518707,0.999431561618104
"K00831",2083.23470571379,-0.0824302074880571,0.223840974545412,-0.368253433740005,0.712684270965959,0.999431561618104
"K00832",128.042873552222,-0.0303576949883693,0.314655543020694,-0.0964791361910721,0.923140043525068,0.999431561618104
"K00833",52.459627379562,0.807278610918457,0.366280563026139,2.20398976197066,0.0275250641049909,0.999431561618104
"K00836",100.898586630857,-0.0269594618950459,0.441528356847131,-0.0610594121010896,0.951311893257872,0.999431561618104
"K00837",1.28762937174767,3.46773763875321,3.09549981319581,1.12025128348275,0.262606695639015,0.999431561618104
"K00839",23.317147003601,-0.125574363341891,0.508546366295315,-0.246928051529856,0.804963906422799,0.999431561618104
"K00840",2.08003627980614,-0.287754196726509,2.09351141481869,-0.137450502867896,0.890674714302276,0.999431561618104
"K00841",83.7209853970115,0.169386788781399,0.558726351501764,0.303165920716134,0.761763418919828,0.999431561618104
"K00845",50.8395770404919,0.124865188364421,0.396533451433637,0.314891941431372,0.752843700396867,0.999431561618104
"K00847",280.79028047264,-0.401571267712172,0.342498457441382,-1.17247613525646,0.241005947987647,0.999431561618104
"K00848",253.549507657989,0.355432248491153,0.433907604356915,0.819142704396555,0.41270499976697,0.999431561618104
"K00849",191.804549838916,0.0151175208326466,0.314038197282054,0.0481391148066893,0.961605373218125,0.999431561618104
"K00850",376.081471525526,0.351215255299115,0.584225961898729,0.601163382328421,0.547731170986593,0.999431561618104
"K00851",97.2788019852205,0.0393339516295455,0.325088043524804,0.120994765611994,0.903695181171697,0.999431561618104
"K00852",203.365558483539,-0.438552470083641,0.331507866576843,-1.32290215195236,0.185867919605151,0.999431561618104
"K00853",249.835644183107,0.094321600244572,0.301289302658023,0.313059904259632,0.75423515077066,0.999431561618104
"K00854",277.677709070336,-0.200847110243574,0.265574221544598,-0.756274871391634,0.449484410958238,0.999431561618104
"K00855",34.1879514617493,0.137200778525226,0.505736204539411,0.27128921618372,0.786168599823794,0.999431561618104
"K00856",183.144711566827,-0.163081317106526,0.301247436176725,-0.541353377729182,0.588264035678451,0.999431561618104
"K00857",129.995249728831,0.0763142598221685,0.287091238173113,0.265818839710294,0.790378733067931,0.999431561618104
"K00858",654.86255884528,0.0369198993308361,0.262771250641153,0.140502049751458,0.888263333088335,0.999431561618104
"K00859",273.979400429257,-0.0223260846271033,0.203326885137358,-0.109803898348321,0.912564899307569,0.999431561618104
"K00860",138.698448013817,-0.155040171513044,0.544526944156166,-0.284724517633014,0.775855205420359,0.999431561618104
"K00862",2.71524101024736,3.0747513722932,2.32945753362935,1.31994308885411,0.186854019857335,0.999431561618104
"K00863",1.91975009707755,-1.84178328191649,1.8521484789224,-0.994403690026003,0.320026372386376,0.999431561618104
"K00864",470.920200216835,-0.0129089560162475,0.233569753734652,-0.0552680979015495,0.955924877491292,0.999431561618104
"K00865",183.484929497585,-0.138337604479544,0.43138078597039,-0.320685596064169,0.74844866392732,0.999431561618104
"K00867",183.93733380607,-0.313881077776403,0.327294224597905,-0.959018076661815,0.337549638753943,0.999431561618104
"K00868",127.449677449768,0.142698968204146,0.291742757310677,0.489126001000211,0.624752494522179,0.999431561618104
"K00869",6.61581179459134,0.352973138091828,0.791433170523712,0.44599234810724,0.65560277325906,0.999431561618104
"K00872",451.190801471774,-0.211609834638847,0.332425051299171,-0.636564042968007,0.524408852805712,0.999431561618104
"K00873",2806.06779855583,0.0741356817915411,0.268287338290611,0.276329409594562,0.782295069363469,0.999431561618104
"K00874",218.433332256158,0.144538505572629,0.309371403594927,0.467200600614915,0.640356363978296,0.999431561618104
"K00875",6.21184307230638,-2.8551280224917,1.73878308682825,-1.6420265668099,0.100584498473465,0.999431561618104
"K00876",234.343736219537,0.402816022878816,0.582688689870835,0.691305717583275,0.489373439475166,0.999431561618104
"K00878",70.626226071176,-0.431919043003182,0.388908842262239,-1.11059198472001,0.266744014415032,0.999431561618104
"K00880",0.909146916448896,-1.45903761856764,3.54342667079988,-0.411758942435876,0.680516117695212,0.999431561618104
"K00882",116.096951746682,-0.665562181836181,1.18655285868959,-0.560920802610698,0.574851527986286,0.999431561618104
"K00883",30.444086411133,-0.0391962837817851,0.530986622130641,-0.0738178367366505,0.941155334082718,0.999431561618104
"K00884",7.13692517346247,0.162531274796023,0.903095714773564,0.179971261226475,0.857175130003341,0.999431561618104
"K00886",245.127775337425,-0.175211557888295,0.259928277926312,-0.674076554063758,0.500262644691465,0.999431561618104
"K00887",19.3166726839403,0.0627397270673073,0.648037845239607,0.0968149121662946,0.922873381371098,0.999431561618104
"K00891",149.27994861615,0.0834217208509756,0.242940626189062,0.343383163860188,0.7313102237076,0.999431561618104
"K00895",69.4709255105227,0.339727037750574,0.311540408074936,1.09047503612712,0.275503944094973,0.999431561618104
"K00899",140.030783791817,-0.488406115820278,0.479628652775465,-1.01830053937358,0.308535152166334,0.999431561618104
"K00903",70.1810526769507,-0.0210219780009126,0.387605216582317,-0.0542355394137169,0.956747505983759,0.999431561618104
"K00906",54.9867841137675,0.0401080647106335,0.418817478126363,0.0957650212929565,0.923707198601883,0.999431561618104
"K00912",49.2714661099058,-0.129909466162953,0.477338000896744,-0.272154041620195,0.785503577921623,0.999431561618104
"K00917",4.35833433803654,0.508355107613191,1.27575718804099,0.398473245832777,0.690281375726815,0.999431561618104
"K00919",523.871895051392,0.0252663438118782,0.25107004805998,0.100634639643842,0.919840497820676,0.999431561618104
"K00925",254.766610849565,0.549114527461261,0.224805667959899,2.44261869571373,0.0145811338958975,0.999431561618104
"K00926",241.08608952467,-0.142794052531675,0.39012606289924,-0.366020284495977,0.714349939454037,0.999431561618104
"K00927",2257.5731221759,0.223263839248205,0.255746770282029,0.872987913012535,0.382669665911794,0.999431561618104
"K00928",2571.64400106084,-0.00136187670285257,0.253933679633261,-0.00536311963351783,0.99572087016016,0.999431561618104
"K00929",4.34749009126502,-1.03563974377327,1.28770933123237,-0.804249622686306,0.42125282553023,0.999431561618104
"K00930",728.47083765495,-0.109927082299118,0.205660154795366,-0.534508409801093,0.592989832612834,0.999431561618104
"K00931",642.941517116358,0.00561458598882739,0.239817144662429,0.0234119457836535,0.981321676261116,0.999431561618104
"K00936",1717.55500006491,-0.08594008216481,0.277330752670332,-0.309882987506144,0.756649940437645,0.999431561618104
"K00937",1251.52378583862,0.0378310362983234,0.200955472224988,0.188255815477212,0.850676120153398,0.999431561618104
"K00938",0.751844989848599,2.50325995882616,3.61248647553294,0.692946527490285,0.488343109340645,0.999431561618104
"K00939",4247.18783452079,0.31621499221837,0.332090556352448,0.952195075016738,0.340998058267279,0.999431561618104
"K00940",1566.9156810709,-0.107526878136249,0.272373409217504,-0.394777443382454,0.693007143223264,0.999431561618104
"K00941",177.56172636599,0.0135111564881667,0.274013164091013,0.0493084211227129,0.96067350859739,0.999431561618104
"K00942",468.658188878852,-0.008555288851623,0.22664669120529,-0.0377472479572794,0.96988920439675,0.999431561618104
"K00943",436.263604330911,-0.0793480964729716,0.233078346241584,-0.340435298913301,0.733528739760759,0.999431561618104
"K00945",936.809173735123,-0.125132714160198,0.192746293189048,-0.649209445690692,0.516203007164947,0.999431561618104
"K00946",328.490546071397,-0.0317626239473931,0.196650751684039,-0.161517938148675,0.871685484245541,0.999431561618104
"K00947",16.1734872417035,0.311070242936357,0.770390245762914,0.403782686303752,0.686372529310857,0.999431561618104
"K00948",3869.14909798995,-0.0243858670537344,0.1969059257674,-0.12384526752405,0.901437789381003,0.999431561618104
"K00949",20.5331658664976,0.929876304912117,0.630617709319074,1.47454835341712,0.140334008792122,0.999431561618104
"K00950",314.794747152389,0.261723922454227,0.244388903526965,1.07093210320554,0.284199959752076,0.999431561618104
"K00951",37.5637626645117,-0.423255385932858,0.608855313413204,-0.695165791623161,0.486951407653207,0.999431561618104
"K00952",9.41336845095757,0.42467232014457,1.02556654878174,0.414085580939663,0.678811432279487,0.999431561618104
"K00953",5.33877404252189,0.547176039202829,1.62715078693899,0.336278631086293,0.736660762511778,0.999431561618104
"K00954",530.658030977178,0.0945120123987287,0.178280888652777,0.530129803104144,0.596021936792967,0.999431561618104
"K00955",267.840823280809,0.209615360951658,0.304834722396513,0.687636104259151,0.491681966292626,0.999431561618104
"K00956",1569.5665458353,0.0600113045546287,0.224167343315546,0.267707613727458,0.788924388762078,0.999431561618104
"K00957",2717.24634279896,-0.0569304978961169,0.179908450118965,-0.316441489315656,0.751667429684584,0.999431561618104
"K00958",726.713678903471,0.194441477805912,0.251926963517618,0.77181685950148,0.440222904799513,0.999431561618104
"K00962",35907.8214278338,0.10259705859538,0.182669335252463,0.561654524299787,0.574351423775664,0.999431561618104
"K00963",598.184984277368,-0.139350707619462,0.193131796130765,-0.721531671176044,0.470582461932891,0.999431561618104
"K00965",384.11232537117,0.0499206103308417,0.219222409226215,0.227716730725867,0.819866464887644,0.999431561618104
"K00966",247.339807384639,0.159406261186893,0.332219458212663,0.479822169491508,0.631353847489352,0.999431561618104
"K00969",1085.92535996194,0.095298706686422,0.224441136543176,0.424604456002162,0.671125044113101,0.999431561618104
"K00970",356.895059505234,0.115730057159821,0.243537643311697,0.475203979089595,0.634641591221258,0.999431561618104
"K00971",376.549357037677,-0.3829195885891,0.253086976062768,-1.5129960243159,0.130280668728298,0.999431561618104
"K00972",4.72757491273088,-4.12464200371517,1.66658531628339,-2.47490600296025,0.0133271246358275,0.999431561618104
"K00973",504.536460229332,-0.0392692118340842,0.199779754161688,-0.196562519554922,0.844169903397219,0.999431561618104
"K00974",59.4340886192991,-0.0553998169369197,0.62568367746374,-0.0885428514956429,0.929445227490693,0.999431561618104
"K00975",2544.00680557101,-0.094463727298993,0.430636557416377,-0.219358356071143,0.826370907056846,0.999431561618104
"K00978",264.498000659126,0.0113142600029941,0.27829584837603,0.0406555112805936,0.967570529103486,0.999431561618104
"K00979",94.1447359425139,-0.063939286709605,0.348561784496896,-0.183437455146993,0.854454789478343,0.999431561618104
"K00980",219.166109092309,0.114720115408584,0.304777941439754,0.376405572091775,0.7066154041594,0.999431561618104
"K00981",432.265114172858,-0.0592528864853834,0.226671247127116,-0.261404510878058,0.793780578766304,0.999431561618104
"K00982",289.222714995244,-0.20157229692719,0.266732135642594,-0.755710579985329,0.449822739329654,0.999431561618104
"K00984",11.5137011953613,-0.313359344421614,1.145140115073,-0.273642797328464,0.784359141320879,0.999431561618104
"K00986",3013.16294394623,0.113092351103091,0.20691296652264,0.546569666482054,0.584674413470264,0.999431561618104
"K00989",492.492161617856,0.0216443601922224,0.206422967262667,0.104854418475056,0.916491328298979,0.999431561618104
"K00990",442.076154201163,-0.144874050671189,0.204324079248912,-0.709040516437125,0.478299334293639,0.999431561618104
"K00991",115.402187409245,-0.0659257891535395,0.452090945056421,-0.145824175145361,0.88406019089578,0.999431561618104
"K00992",20.6892983871729,0.293239218455957,0.550023725313465,0.533139217383463,0.593937213321943,0.999431561618104
"K00995",368.427339197768,-0.130849444055911,0.249346222283734,-0.524770108235354,0.599743013640524,0.999431561618104
"K00997",127.075984768341,-0.0720875733202646,0.261453421049589,-0.275718608044497,0.782764202272946,0.999431561618104
"K01000",885.544276056324,-0.0103895135708883,0.280522777565139,-0.0370362565958686,0.970456096977913,0.999431561618104
"K01002",0.8914969271782,2.17524176190285,2.85976621508408,0.760636219292806,0.446874380046561,0.999431561618104
"K01003",3.386272584798,0.595673199786724,1.4314337147322,0.416137466692383,0.677309415141705,0.999431561618104
"K01004",105.329244856825,0.156847953560848,0.38492350663272,0.407478241412018,0.68365677183603,0.999431561618104
"K01005",3274.35688347814,0.005060324384033,0.182390462317885,0.0277444572469664,0.977865965581484,0.999431561618104
"K01006",2542.15948881962,-0.0218626526792684,0.229493966879653,-0.0952646075037484,0.924104653884703,0.999431561618104
"K01007",289.555470172756,-0.122827411789025,0.301688372928455,-0.407133395950109,0.683910016483727,0.999431561618104
"K01008",843.044947977073,0.195797128779789,0.306934354305816,0.63791206827472,0.523530921371492,0.999431561618104
"K01009",0.613695191150572,0.662908793525938,3.7697792808552,0.175848171507684,0.86041322386348,0.999431561618104
"K01011",3280.1263608044,0.0167698448755756,0.186464581283378,0.0899358192325533,0.928338216843962,0.999431561618104
"K01012",178.638061989728,0.115602969450294,0.312776769927603,0.369602159000017,0.7116789422014,0.999431561618104
"K01021",25.3903014251791,0.479175265770256,0.559737413214025,0.85607153364793,0.39195821313652,0.999431561618104
"K01023",96.194511494708,0.157767007953936,0.28040494448862,0.562639892965009,0.573680121360851,0.999431561618104
"K01026",160.048964565929,0.0126916880915618,0.427197249992384,0.0297091989515102,0.976298975458947,0.999431561618104
"K01027",2.24947668164001,1.59819702833404,1.7937904168924,0.890960846531219,0.372950175530504,0.999431561618104
"K01028",462.389039505501,-0.20329505852926,0.19868505893103,-1.02320254790688,0.306212088504773,0.999431561618104
"K01029",495.633447131592,-0.19696938167779,0.197111491803564,-0.999279036831012,0.317659537597059,0.999431561618104
"K01031",75.1588784496531,-0.144747803239612,0.371856904379182,-0.389256731648615,0.69708624031713,0.999431561618104
"K01032",51.8980791760697,0.130045263149508,0.430491454343946,0.302085585758474,0.76258682035139,0.999431561618104
"K01034",22.5072270562548,-0.995888426900595,0.751053717795434,-1.32598827927225,0.184843579718193,0.999431561618104
"K01035",14.0814210117262,-0.872852803617679,1.09011496134564,-0.800697939729429,0.423306535582305,0.999431561618104
"K01039",81.7826658390114,0.318884429071548,0.34706762747629,0.918796234008695,0.358202162660371,0.999431561618104
"K01040",74.781996197129,0.325827385845766,0.368936675633675,0.883152604132225,0.377153825475957,0.999431561618104
"K01041",59.3894159632165,0.219079684502865,0.396506243425275,0.552525182479635,0.580588585969062,0.999431561618104
"K01042",160.373435201184,0.10640383168946,0.242114390907099,0.43947751841933,0.660315568416429,0.999431561618104
"K01045",3.32065780364595,-0.946787902563275,1.66582398415625,-0.568360109812459,0.569790470855314,0.999431561618104
"K01046",273.610046824097,-0.0810934155810784,0.285587343298114,-0.283953114464278,0.776446311502288,0.999431561618104
"K01047",13.9808971473643,-0.177290995913868,0.788648178001732,-0.224803658791282,0.822132019624791,0.999431561618104
"K01048",42.7423587986805,0.818954100376178,0.517736806282596,1.58179617604619,0.11369610827072,0.999431561618104
"K01051",1683.31327016933,0.218211057442613,0.41158398809799,0.530173825398331,0.595991417032259,0.999431561618104
"K01052",0.313260684959905,2.32639373729202,3.79152128977883,0.613577917540251,0.539494279532316,0.999431561618104
"K01053",240.874796396484,0.196911009161094,0.204297313259427,0.96384531944895,0.335123481637426,0.999431561618104
"K01054",84.3228679558354,0.294735348885741,0.443651833825221,0.664339300357436,0.506473172953232,0.999431561618104
"K01055",418.941249307979,0.157583412478052,0.309524516154954,0.509114478024618,0.610671984134956,0.999431561618104
"K01056",1515.62304726893,-0.0168630972870289,0.217826541271262,-0.0774152552237843,0.938293205288702,0.999431561618104
"K01057",262.916113721514,0.0394292680935391,0.221957031907341,0.177643698668666,0.859002803745169,0.999431561618104
"K01058",1.55422031174905,0.430604910237061,2.58188563023557,0.166779234987947,0.867543757912562,0.999431561618104
"K01060",62.7858639939764,-0.485571757507681,0.320490311642219,-1.51509028469401,0.129749541669236,0.999431561618104
"K01061",498.068127754146,-0.0157981137088607,0.228643794892751,-0.0690948718563346,0.944914102940656,0.999431561618104
"K01062",1.17088936335725,0.518267497173613,2.79416571157283,0.185482018846292,0.852850982445369,0.999431561618104
"K01069",653.442222279218,0.0210812403298986,0.232050844030809,0.0908475055022841,0.927613762157602,0.999431561618104
"K01070",17.3696775677637,-1.05177174355105,0.664040980445998,-1.58389583553207,0.113217425240598,0.999431561618104
"K01073",41.0859637017294,-0.0597074354400377,0.547182655052446,-0.109117924131413,0.913108958377165,0.999431561618104
"K01075",22.2453648481408,-0.23970712157865,0.716472010605674,-0.334565925856632,0.737952552200582,0.999431561618104
"K01077",683.999682368142,0.5445415189439,0.375591963319918,1.4498220732164,0.147108142484455,0.999431561618104
"K01079",171.554580507044,-0.00887561681211801,0.252394886823082,-0.0351655967513298,0.971947695069608,0.999431561618104
"K01081",882.498499238982,0.0510937495106482,0.250703236989191,0.203801714426412,0.838508453041882,0.999431561618104
"K01082",114.223370554586,-0.441408442512697,0.351490101408375,-1.25582040786933,0.209181090739399,0.999431561618104
"K01083",27.4422572098172,0.126683363268762,0.597280549363658,0.21210026578587,0.832028812353852,0.999431561618104
"K01086",0.640911628629645,-2.24060912105875,3.72998241401464,-0.600702328418527,0.548038267928899,0.999431561618104
"K01087",131.361195915892,0.202437095140982,0.396228223224085,0.510910337213649,0.60941384244353,0.999431561618104
"K01089",5.30150327524274,0.508653086386015,1.50894052919231,0.337092865189513,0.736046895754375,0.999431561618104
"K01091",415.008715292909,-0.15231793498007,0.201413656721406,-0.756244325531286,0.449502721437431,0.999431561618104
"K01092",443.298812178344,0.0858722742263432,0.238274585737388,0.360392082775402,0.718553946447854,0.999431561618104
"K01095",15.2186378852913,-0.943861457187369,0.62880584054356,-1.50103799349488,0.133345734953112,0.999431561618104
"K01104",204.487909915545,-0.109708048366405,0.296377372331322,-0.37016337483336,0.711260764039401,0.999431561618104
"K01113",331.131984729601,0.169413350553881,0.27097606251239,0.625196738719806,0.531841942098872,0.999431561618104
"K01114",415.595090663539,0.031867316915262,0.366084230953952,0.0870491384789269,0.930632453456246,0.999431561618104
"K01115",69.4094482072702,0.139697511562612,0.438551676299137,0.318542874448674,0.750073177855393,0.999431561618104
"K01118",569.734043313639,0.134062900997836,0.478797101727907,0.27999939956617,0.779477965548835,0.999431561618104
"K01119",695.134606237443,-0.256897740687458,0.355076089372238,-0.723500535171614,0.469372425420227,0.999431561618104
"K01126",705.289076201207,-0.0487644166530476,0.244746379619747,-0.199244690478409,0.842071342225467,0.999431561618104
"K01129",398.190986846703,0.146607988762643,0.207089339389391,0.707945610309642,0.478979034156306,0.999431561618104
"K01130",0.237219734635964,-0.873927059337839,3.80302396467111,-0.229797936446455,0.818248788296786,0.999431561618104
"K01133",13.5712390515672,0.567796809016321,0.990776101971848,0.573082866942681,0.566588587200089,0.999431561618104
"K01134",3.66971649070447,-1.14437774682797,1.57410842581402,-0.727000585259036,0.467225597220486,0.999431561618104
"K01136",1.09119283216941,2.01913309244033,2.76430486347158,0.730430684083296,0.465126968267789,0.999431561618104
"K01138",0.610599839065257,-0.796735156494099,3.75030418516132,-0.212445475662083,0.831759510919585,0.999431561618104
"K01139",2496.97713952133,0.14229669019774,0.233113891935134,0.610417032706638,0.541585588000132,0.999431561618104
"K01141",7.45023711529689,-0.046871499068419,1.0631183212984,-0.0440886946724559,0.964833704367555,0.999431561618104
"K01142",475.816266873358,-0.0236444955613984,0.21598298869688,-0.109473878957116,0.912826638802216,0.999431561618104
"K01146",0.590215747060985,3.19999895345789,3.71937148794652,0.860360134455035,0.389590553992519,0.999431561618104
"K01147",57.7451887071312,-1.03515066229153,0.45379109567852,-2.28111717517009,0.0225415140732933,0.999431561618104
"K01150",0.952387568766354,2.91971412273585,3.36398100114109,0.867934189207804,0.385430361098862,0.999431561618104
"K01151",533.630080562593,0.331842524110682,0.244611507074882,1.35661043946349,0.174905022941762,0.999431561618104
"K01153",60.3468148365914,0.0971615803462282,0.318364119784152,0.305190108772631,0.760221365341554,0.999431561618104
"K01154",2.30570947061968,-0.715948734821219,1.52399596928334,-0.469783876894303,0.638509434699901,0.999431561618104
"K01155",7.79696344752396,-0.719624061745249,1.20764208096337,-0.595891840048491,0.551247484790391,0.999431561618104
"K01156",6.58644933851927,0.0279316708946427,0.859025491595561,0.0325155320394069,0.974060929802782,0.999431561618104
"K01159",242.135047751911,0.0832775197752831,0.296500752414867,0.280867819379966,0.77881178390761,0.999431561618104
"K01160",4.54145473127135,0.334741621331581,1.00221848530237,0.334000645807873,0.738379071342703,0.999431561618104
"K01163",3.0853343797101,-1.7196835331431,1.63979562815468,-1.04871820830399,0.294307831384959,0.999431561618104
"K01166",14.5226602923699,-0.682166075164008,0.828066941770499,-0.823805468801184,0.410050099718574,0.999431561618104
"K01167",132.580031551587,0.163113477796098,0.36215481163428,0.45039710244363,0.652424133889495,0.999431561618104
"K01170",9.13606848365723,-0.201573828178724,1.07874816012656,-0.186859023847675,0.851771167487224,0.999431561618104
"K01173",237.352930404956,0.0801581699027399,0.355486999597893,0.225488330075109,0.821599402878792,0.999431561618104
"K01174",136.200459708701,0.382670332240398,0.34987782147174,1.09372560578638,0.274075340532492,0.999431561618104
"K01175",10.7579592263336,0.571769591443602,1.02669119590015,0.556905127585419,0.577592251093109,0.999431561618104
"K01176",87.2391577036881,-0.280529854819055,0.500962598724857,-0.559981634423631,0.575491964767425,0.999431561618104
"K01178",148.38755016623,-0.148361684619972,0.350826282705916,-0.422892160403894,0.67237394285701,0.999431561618104
"K01179",146.968032637049,-0.367030472757334,0.300180873249573,-1.22269773148465,0.221443884125131,0.999431561618104
"K01180",826.683341165079,0.214283204432836,0.513158128216954,0.417577336594852,0.676256169700739,0.999431561618104
"K01181",967.91205535946,0.0701094209578285,0.342035221974292,0.204977196655782,0.837589941181103,0.999431561618104
"K01182",110.2537102162,-0.118174476638203,0.297945815601441,-0.396630764555808,0.691639762654381,0.999431561618104
"K01183",307.738326745186,0.0755552898444312,0.345356064398089,0.218775048806843,0.826825284221036,0.999431561618104
"K01185",31.3493613753922,0.80121476188939,0.648895476275656,1.23473624209553,0.216928682974804,0.999431561618104
"K01186",1.32263195387254,-0.795701999735617,2.10830178231054,-0.377413711078681,0.705866179042457,0.999431561618104
"K01187",1302.35425977886,-0.144259406436679,0.240356541401636,-0.600189225537327,0.548380133450488,0.999431561618104
"K01190",508.533336905794,0.204143593454389,0.232716136796922,0.877221477909514,0.380366352357754,0.999431561618104
"K01191",470.872348017472,-0.395817805058286,0.391982117286127,-1.00978536418629,0.31259813367822,0.999431561618104
"K01192",49.6945449065567,0.323506507216001,0.412628796375577,0.784013403954346,0.433032245286275,0.999431561618104
"K01193",398.198302593284,-0.527626263414346,0.484119608228125,-1.08986757496862,0.275771481703501,0.999431561618104
"K01194",6.25937728189518,-0.283854750465704,1.34601000059484,-0.210886063506408,0.832976179289098,0.999431561618104
"K01195",114.171646388898,-0.325838016523257,0.436569045685269,-0.746360787013196,0.455449500305901,0.999431561618104
"K01198",176.470593446888,-0.723628030492559,0.493637217283912,-1.46591060227205,0.142672643180855,0.999431561618104
"K01200",80.7909794882544,-0.0225643316249917,0.465730872140019,-0.0484492933038973,0.961358175027149,0.999431561618104
"K01201",51.2211912007049,-0.616094923277775,0.435994595470435,-1.41307926675791,0.157632418656435,0.999431561618104
"K01202",15.93566079962,0.282751432372766,0.65623725889345,0.430867690825026,0.6665645770967,0.999431561618104
"K01205",0.113492374146326,-0.060392878424755,3.81694647031143,-0.0158223016472713,0.987376156521306,0.999431561618104
"K01206",111.182742724678,0.067383861317042,0.380570104483572,0.177060311682866,0.859461016000537,0.999431561618104
"K01207",350.179261281675,-0.132062379687923,0.238412309048807,-0.553924334757765,0.57963063021558,0.999431561618104
"K01208",33.2374144112656,0.177286715387345,0.62139453994326,0.285304591513684,0.775410795463712,0.999431561618104
"K01209",876.546879680629,-0.0634204693262667,0.319947660241298,-0.198221388080901,0.842871854219903,0.999431561618104
"K01212",14.1125645793419,-1.52427627052787,1.09445217612602,-1.39272990065521,0.163701483172832,0.999431561618104
"K01214",1407.66373340677,-0.164102619040643,0.222946579489304,-0.736062510654108,0.461692656403754,0.999431561618104
"K01217",1.14417277552996,0.531981742469205,2.78119002293929,0.191278459249966,0.848307436531494,0.999431561618104
"K01218",45.750359819588,-0.0719942534705575,0.542802094090328,-0.132634443113583,0.894482491397037,0.999431561618104
"K01222",186.149001954131,-0.363881609904366,0.31704081013026,-1.14774375499123,0.251074362484446,0.999431561618104
"K01223",269.820539697743,-0.00251201063202567,0.62284288852205,-0.00403313689265433,0.996782031065766,0.999431561618104
"K01224",293.252278553427,-0.260103601166874,0.441190229775736,-0.589549776066185,0.555492531600426,0.999431561618104
"K01226",221.178270757776,0.466627709733189,0.711475646102817,0.655859005560052,0.511914846896589,0.999431561618104
"K01227",2.64020020428521,0.0788666574345328,1.98547767653193,0.0397217548032526,0.968314957537532,0.999431561618104
"K01233",78.0176455480219,-0.242912624432808,0.535349220231448,-0.45374610675213,0.650011577354844,0.999431561618104
"K01235",82.0729971864239,-0.535510939221931,0.477471268203281,-1.12155636345838,0.262051113992501,0.999431561618104
"K01236",578.711944455693,0.0429914571961523,0.251791203647044,0.170742490497869,0.864426250790485,0.999431561618104
"K01239",6.48440050593833,0.227435815207049,1.30960399072186,0.173667625341982,0.862126682074422,0.999431561618104
"K01241",124.563201284733,-0.280955135982885,0.28550786627903,-0.984053923433072,0.325089000323938,0.999431561618104
"K01243",80.1262550066534,0.12580888647,0.560726066076878,0.224367822509523,0.822471106361336,0.999431561618104
"K01246",140.292261346224,-0.123651658074424,0.251517726420232,-0.491622041254575,0.62298655882878,0.999431561618104
"K01247",80.848476284306,-0.250326437412794,0.350929578546873,-0.713323848190125,0.475645383553705,0.999431561618104
"K01251",22545.686368127,-0.0260558754349798,0.183436789500568,-0.142042801260971,0.887046197899031,0.999431561618104
"K01254",8.95922509971723,-0.133645808514561,1.11333278486285,-0.120041204509238,0.904450507458046,0.999431561618104
"K01255",928.587207161015,-0.0991721649466985,0.1644476650738,-0.60306216511005,0.546467334791191,0.999431561618104
"K01256",1307.29991395289,-0.287224883303,0.170127181365534,-1.68829508017224,0.0913545991786842,0.999431561618104
"K01258",949.439695906027,-0.121936080334247,0.359392897141644,-0.339283500881738,0.734396170699105,0.999431561618104
"K01259",115.766383562418,-0.0418681510192637,0.28785908265662,-0.145446690904686,0.884358202558723,0.999431561618104
"K01261",305.984626301575,-0.00972654367919744,0.578761383648399,-0.0168057924284499,0.986591548860807,0.999431561618104
"K01262",337.488406657103,-0.115440760619053,0.219795205848309,-0.525219647869498,0.599430507895171,0.999431561618104
"K01265",5464.16299268126,0.251913240364368,0.333654812588258,0.755011559432347,0.450242046439713,0.999431561618104
"K01266",183.491564308409,0.181524937309409,0.373008152369376,0.486651393961093,0.62650539594986,0.999431561618104
"K01269",95.6930502742801,0.087015328790591,0.580660783194431,0.149855701140841,0.88087846232604,0.999431561618104
"K01270",7.50459084665437,0.189552014077748,0.971238026193662,0.195165354903384,0.845263500286904,0.999431561618104
"K01271",286.760654871452,0.0341427426855952,0.272810973158124,0.125151647275587,0.900403496064507,0.999431561618104
"K01273",296.313715008561,0.266931688292744,0.276778040193975,0.964425097112726,0.33483284465999,0.999431561618104
"K01277",13.291182430889,0.713513045363149,0.808419360492996,0.882602619670105,0.377451012672878,0.999431561618104
"K01278",52.9668813294425,-0.311180749082348,0.490283617080154,-0.634695384960161,0.52562710417215,0.999431561618104
"K01280",27.4660128214429,0.48185071589449,0.509275414183943,0.946149573441714,0.344072301906762,0.999431561618104
"K01281",151.426850849302,-0.0457459266259514,0.47387594139605,-0.0965356597154581,0.923095153809319,0.999431561618104
"K01283",83.9539717356646,-0.140469300308095,0.435783002809939,-0.322337721761393,0.747196859024539,0.999431561618104
"K01284",417.424898108515,-0.154262633254631,0.211084905493558,-0.73080845309111,0.464896159600778,0.999431561618104
"K01286",353.775785463131,0.143576913763272,0.314757853510376,0.456150377701503,0.648281845805209,0.999431561618104
"K01295",183.799573194119,-0.0421989977653403,0.296190363164599,-0.142472554861244,0.886706756257066,0.999431561618104
"K01297",62.3404705180417,-0.105265523563289,0.429072191617987,-0.245332896467476,0.806198682194161,0.999431561618104
"K01299",423.274911360685,0.00866215849338795,0.28333588080017,0.0305720492191992,0.975610833218305,0.999431561618104
"K01301",61.7696876656237,0.305894080673453,0.464253894538962,0.658893946333456,0.509963873504132,0.999431561618104
"K01302",110.17090733724,0.00953923273978592,0.374021410651206,0.0255045098171713,0.97965255134475,0.999431561618104
"K01303",439.754427646369,-0.284469363983355,0.258162817219679,-1.10189905365532,0.270505560071081,0.999431561618104
"K01304",70.1945470860184,0.27405675870735,0.505178628268699,0.542494760015031,0.587477716256508,0.999431561618104
"K01305",6.47721749763232,0.247312425271183,1.36801686858444,0.180781707412051,0.85653892189434,0.999431561618104
"K01308",36.6620136101679,0.800798703255407,0.464534108821939,1.72387492769097,0.0847304244260952,0.999431561618104
"K01318",7.42951438293228,-2.48097208676323,1.47315638851711,-1.68411996587858,0.0921584864852981,0.999431561618104
"K01322",384.500828904398,-0.0220999951440645,0.321528437417395,-0.0687341851363998,0.945201206735702,0.999431561618104
"K01337",36.0616158874396,0.0284417943767702,0.68245160333937,0.0416759140686298,0.966757055063486,0.999431561618104
"K01338",17788.2506722082,0.00719989394625966,0.176327069250967,0.0408326071365255,0.967429344292014,0.999431561618104
"K01342",6.06483872121265,0.811822804993421,1.10756960942593,0.732976779142759,0.463572592261979,0.999431561618104
"K01354",296.00293004677,-0.221186853065234,0.267089584621002,-0.828137320963288,0.407592735725404,0.999431561618104
"K01356",1963.38068094144,-0.0153686901179352,0.231742001251162,-0.0663181039041717,0.947124570122136,0.999431561618104
"K01358",15232.9617461205,-0.126103739007106,0.178976619348154,-0.704582193285276,0.481070283146343,0.999431561618104
"K01372",38.5297204753888,0.279218603892106,0.488808835439844,0.571222497729317,0.567848829714552,0.999431561618104
"K01400",7.47715390244186,-0.0842111521021307,0.990916374677418,-0.0849831068030788,0.932274820936993,0.999431561618104
"K01406",1545.99823369007,-0.143144613675391,0.222005760749182,-0.64477882552387,0.519070525697095,0.999431561618104
"K01414",74.7539087118979,0.249456323836555,0.380720703532955,0.655221325033516,0.512325266311227,0.999431561618104
"K01416",2.2468109876233,-0.492123059744513,2.42501327578509,-0.202936233239874,0.839184873447778,0.999431561618104
"K01417",601.803250515693,0.0313260195360456,0.386498667850261,0.0810507826851864,0.935401566572607,0.999431561618104
"K01419",768.795268924422,0.118184921600277,0.264125748350841,0.44745702506554,0.654545110198031,0.999431561618104
"K01420",212.834852778426,-0.0673115431693259,0.227749498128471,-0.295550785940069,0.7675731624132,0.999431561618104
"K01421",761.613758207316,0.543059758395619,0.492841531417478,1.10189528231054,0.270507199833897,0.999431561618104
"K01423",647.968312180448,-0.00801905932888716,0.264800692966854,-0.0302833774301752,0.975841053382258,0.999431561618104
"K01424",288.182254879321,0.291695538427517,0.470581318692221,0.619862129755085,0.535348560163838,0.999431561618104
"K01425",41.488874859736,0.678541313506247,0.57515055229641,1.1797629521471,0.238094508247547,0.999431561618104
"K01426",662.511596774734,-0.0835833717405433,0.215538974593488,-0.387787739540766,0.698173119366642,0.999431561618104
"K01428",229.37919474747,0.296748568498451,0.301519784754476,0.984176108841712,0.325028930531178,0.999431561618104
"K01429",28.5114987206305,-0.361307041862503,0.500361142114726,-0.722092527680058,0.47023759198809,0.999431561618104
"K01430",28.9064185420737,-0.29158599333697,0.474168158286484,-0.614942163958632,0.538592916244956,0.999431561618104
"K01431",92.5688318018122,-0.114381005265539,0.327420032956351,-0.349340277785592,0.726833863563444,0.999431561618104
"K01432",65.9173204225358,0.025643694557167,0.341103670278247,0.0751785946373686,0.940072615155126,0.999431561618104
"K01433",997.360622191615,-0.144994894683122,0.223968064335603,-0.647390935458795,0.517378961021304,0.999431561618104
"K01434",192.280291197182,0.0112819760067899,0.2812547317001,0.0401130176142948,0.968003023599809,0.999431561618104
"K01436",4.55590175331382,-0.639182877648854,1.96256950099316,-0.325686747565064,0.7446613719368,0.999431561618104
"K01438",90.5903895245074,0.170173609882601,0.293859362486319,0.579098819390257,0.562522496620252,0.999431561618104
"K01439",255.326325531665,0.00831989867674215,0.243477977204634,0.0341710522334,0.97274075002611,0.999431561618104
"K01443",307.657798515504,-0.114549174662384,0.378277164473087,-0.302818106458906,0.762028483940341,0.999431561618104
"K01444",15.2936946662049,-0.166318389834232,0.564228152332141,-0.29477151954716,0.768168424342755,0.999431561618104
"K01447",56.4717258512558,0.314586934072845,0.495566483500836,0.634802684496548,0.525557112252107,0.999431561618104
"K01448",739.901634640213,0.101353822671395,0.206747541752757,0.490229880423928,0.623971238922064,0.999431561618104
"K01449",422.993359042884,0.050506309900821,0.325397336724137,0.15521426945064,0.876652399224098,0.999431561618104
"K01451",108.455855103311,-0.0681353149689498,0.360711979872949,-0.188891189566115,0.850178098981477,0.999431561618104
"K01455",149.344305301011,0.152532268319933,0.308012668994312,0.495214267705169,0.620448880309059,0.999431561618104
"K01456",4.54427619849047,1.09426690613836,1.32352264329154,0.826783668329974,0.408359688371411,0.999431561618104
"K01457",15.7781318339755,0.902493169445367,0.752563142726547,1.19922584326362,0.23044014099696,0.999431561618104
"K01458",17.6992679305036,-1.29827393364796,0.842755365775832,-1.54051102653352,0.123435837120917,0.999431561618104
"K01459",22.4264512783646,0.468036973121594,0.679025743201423,0.689277214903408,0.490648833701812,0.999431561618104
"K01462",1425.0531637479,0.0974653710950468,0.168595204601212,0.578102866719059,0.563194671732075,0.999431561618104
"K01463",184.41942521583,0.0182274167888946,0.281184864096448,0.0648236058063298,0.948314446260333,0.999431561618104
"K01464",225.090933770871,0.199295531997755,0.389880548497982,0.511170749003873,0.609231499063384,0.999431561618104
"K01465",538.1128227575,0.141917395792621,0.257417527505473,0.551312092722991,0.581419750207831,0.999431561618104
"K01466",154.296974151125,-0.00920546399845384,0.36296200515896,-0.0253620595754156,0.979766173438952,0.999431561618104
"K01467",31.6674930411915,-0.057659049458118,0.558011379653346,-0.103329522587761,0.917701445384058,0.999431561618104
"K01468",201.525596368052,-0.347303486911958,0.425809046444908,-0.815632006439516,0.414710637934966,0.999431561618104
"K01469",84.1538935749909,0.0233502419450447,0.363103506118358,0.0643073987212709,0.9487254623235,0.999431561618104
"K01470",177.074232128615,0.0855356556942973,0.39955447236798,0.214077582932224,0.830486556790635,0.999431561618104
"K01473",782.644706908173,-0.0655262174750757,0.345385897983416,-0.189718856090129,0.849529444137036,0.999431561618104
"K01474",253.448780037582,-0.507084501076182,0.318284805279311,-1.59317847621155,0.111120158318373,0.999431561618104
"K01475",71.0766425637969,-0.0858646762428062,0.422272513074727,-0.203339487142066,0.838869693877885,0.999431561618104
"K01476",449.992094978626,-0.19498448199279,0.471468091859342,-0.413568776677599,0.679189943747362,0.999431561618104
"K01477",79.4003569161203,0.580911976738292,0.397592589288292,1.46107345154031,0.143995285059596,0.999431561618104
"K01478",149.670655655076,0.151729936786585,0.29370083305445,0.516613913582109,0.60542570107447,0.999431561618104
"K01479",47.4853230720335,-0.518141112550389,0.717999067205645,-0.721645941083076,0.470512186189145,0.999431561618104
"K01480",256.069863115269,0.3323142735436,0.243440959546561,1.36507132638064,0.172230633151114,0.999431561618104
"K01482",48.9004900380978,0.143970387177957,0.407604161487496,0.353211278934338,0.723930052795867,0.999431561618104
"K01483",17.675623896019,0.369693364703042,0.750780917180674,0.492411775849753,0.622428276253198,0.999431561618104
"K01484",11.7833559842995,0.870297894142618,0.789403037544203,1.10247598850148,0.270254791790852,0.999431561618104
"K01485",329.026604779801,-0.382530905643986,0.432031911361506,-0.885422802307535,0.375928638630728,0.999431561618104
"K01486",226.757057840421,-0.0588629289794457,0.438465391731416,-0.134247605602365,0.893206782759403,0.999431561618104
"K01487",85.7592741362034,0.146320250168369,0.427390530492197,0.342357258126102,0.732082050190952,0.999431561618104
"K01488",212.875491661488,-0.198296005139416,0.222862151042434,-0.889769771187658,0.373589521206178,0.999431561618104
"K01489",350.421660787401,-0.0147799807580345,0.363921862427639,-0.0406130608901611,0.967604371663583,0.999431561618104
"K01491",312.089473272361,0.174474898942398,0.213583403908609,0.816893521451018,0.413989280442505,0.999431561618104
"K01493",73.6000830328402,-0.172967905347354,0.392742049970665,-0.440410965314953,0.659639484487149,0.999431561618104
"K01494",427.878897834287,0.0808948104177155,0.187924029302082,0.430465495648136,0.666857060893636,0.999431561618104
"K01495",1885.01202418014,0.0400362672644792,0.155063002500675,0.258193551129676,0.796257534694633,0.999431561618104
"K01496",166.741716796084,-0.0491738227578237,0.322765464214221,-0.152351562387687,0.878909658627406,0.999431561618104
"K01497",27.0810298776982,0.7105895892765,0.664246596445772,1.06976775354017,0.284723860447585,0.999431561618104
"K01499",4.97405727121445,0.698165785370186,1.40132845544272,0.498217090117975,0.618331038020086,0.999431561618104
"K01500",29.7680731440395,0.0330014776300341,0.488602924825377,0.0675425298402145,0.946149805390483,0.999431561618104
"K01501",62.7115385329146,0.529007878555197,0.408021314422139,1.29652020582407,0.194796323311277,0.999431561618104
"K01505",36.1695423138514,-0.293275109827695,0.416966940929379,-0.703353386179761,0.481835548342952,0.999431561618104
"K01506",19.4737763915672,-0.625943146316495,0.594559971353209,-1.0527838678609,0.292440060220231,0.999431561618104
"K01507",1557.01521306921,-0.280465746015015,0.187974737902373,-1.492039564171,0.135688773740274,0.999431561618104
"K01512",57.0522190199179,0.0996602168151061,0.475575276828833,0.209557186150733,0.83401329810947,0.999431561618104
"K01515",226.434130971824,0.221174406651328,0.352902484578649,0.626729525340125,0.530836546529164,0.999431561618104
"K01518",8.7509934498105,1.10054939192218,1.08130498081874,1.01779739430116,0.308774250604228,0.999431561618104
"K01519",227.608665354101,-0.0958115931164497,0.291582975637283,-0.328591176858128,0.742464717928244,0.999431561618104
"K01520",289.894091578434,0.152592000317734,0.256359791495708,0.595225949543218,0.551692446702339,0.999431561618104
"K01521",2.38071674543621,1.01849793233693,1.65130830254169,0.616782420804919,0.537378248558331,0.999431561618104
"K01523",76.1632238409835,-0.0964411315575159,0.332338976495086,-0.290189049068525,0.771671613521033,0.999431561618104
"K01524",357.54238565332,0.080229512402417,0.212062790213575,0.378329042646356,0.705186173058965,0.999431561618104
"K01525",20.5127713975745,0.57873359520909,0.521729871659235,1.10925907571397,0.267318434152209,0.999431561618104
"K01529",9.60864557002691,-0.506514895306065,1.05298035126843,-0.481029769165125,0.630495341229288,0.999431561618104
"K01531",8.94847684372622,0.0890559619167868,1.1193919782116,0.0795574415845531,0.93658924457077,0.999431561618104
"K01533",241.383201676076,0.00357297269225471,0.284784824365237,0.0125462187116838,0.989989828407035,0.999431561618104
"K01534",300.039359629596,-0.223608963196711,0.332928389950939,-0.671642821537878,0.501811110330465,0.999431561618104
"K01535",0.40108515783551,2.6353783060543,3.7610776917493,0.700697651589476,0.483491721943964,0.999431561618104
"K01537",16.2383121758986,0.256233531867468,0.646730393396565,0.396198376454452,0.691958688926007,0.999431561618104
"K01546",37.0499002297247,0.307261588196086,0.440243536086306,0.697935490268845,0.485217538168466,0.999431561618104
"K01547",66.7495508918215,0.564323316340599,0.473968334463839,1.19063505999609,0.233796881740528,0.999431561618104
"K01548",8.04356371494718,1.26682843581411,0.770275658177217,1.64464295653836,0.100043462785579,0.999431561618104
"K01551",814.224733666858,-0.0824912085892759,0.204676195206027,-0.40303274401911,0.686924136393032,0.999431561618104
"K01552",153.895132255965,-0.138308157017172,0.298078278776247,-0.463999448685065,0.64264814062397,0.999431561618104
"K01554",143.273467865004,-0.45171410013296,0.399257155978281,-1.13138635931558,0.257892510251133,0.999431561618104
"K01555",309.701795130456,-0.269123283000752,0.338045078232086,-0.796116554656609,0.425964292848534,0.999431561618104
"K01556",170.49780077843,-0.572524836603675,0.328060106151199,-1.74518274507844,0.0809530637930911,0.999431561618104
"K01559",33.4035372640857,0.322599476042535,0.51459149485199,0.626904018565878,0.530722152951991,0.999431561618104
"K01560",112.273874494758,-0.273905032061402,0.34284150733071,-0.798926110767531,0.424333257668841,0.999431561618104
"K01561",143.11876311229,0.178708247723314,0.291735352685602,0.612569735132187,0.540160874925739,0.999431561618104
"K01563",69.361960938494,0.0174654373919083,0.3363501306227,0.0519263582849627,0.958587371728615,0.999431561618104
"K01565",53.118553816495,-0.6023368303476,0.484781311980051,-1.24249185243425,0.214055144744876,0.999431561618104
"K01567",3.27337364842795,3.00727636928744,2.00929341657982,1.49668353286418,0.134475623041022,0.999431561618104
"K01569",29.2110891160294,-0.558473593433326,0.484231945108472,-1.15331836132419,0.24877973638511,0.999431561618104
"K01574",9.21952640092074,0.505225415090969,0.831801006349938,0.607387357353618,0.543593876636492,0.999431561618104
"K01575",5.74730820887791,0.0637119382690809,0.8997090069543,0.0708139384807971,0.943545838371839,0.999431561618104
"K01576",67.4034662982758,-0.142399292584748,0.32716286428115,-0.435255061413009,0.66337729989439,0.999431561618104
"K01577",666.285915017846,-0.0868752714531584,0.47761045060713,-0.181895666945152,0.855664605050355,0.999431561618104
"K01578",148.399857724878,-0.17381799916743,0.337960418927475,-0.51431466359003,0.60703201127608,0.999431561618104
"K01579",467.986590650103,0.0885566988404203,0.207223492402568,0.427348742238083,0.66912533569935,0.999431561618104
"K01580",38.3768608487849,0.851059304965099,0.433821062119214,1.96177497885344,0.0497886879836129,0.999431561618104
"K01581",1605.10332442194,0.0163255577112929,0.182208352738777,0.0895982948416094,0.928606439477429,0.999431561618104
"K01584",46.9984376232444,-0.194321515475657,0.358470361019075,-0.542085306364609,0.587759740521549,0.999431561618104
"K01585",1565.21954938253,0.0857820328547233,0.346932794872149,0.247258357015039,0.804708284610571,0.999431561618104
"K01586",1364.23550359215,0.169800350955693,0.308255065960814,0.550843667163862,0.581740846939734,0.999431561618104
"K01587",9.7857947010865,-0.058795841088084,0.983036229290183,-0.0598104518798238,0.952306601085285,0.999431561618104
"K01588",264.27897176208,0.183432597060984,0.212227875746448,0.864319055241044,0.387412645191441,0.999431561618104
"K01589",299.591858720175,0.0016807945722414,0.251778104351276,0.0066756979387548,0.994673603243875,0.999431561618104
"K01591",281.239313550166,-0.113045534126354,0.245803655020877,-0.459901762310054,0.645586735200097,0.999431561618104
"K01593",151.088803421124,-0.15912201451045,0.373942541270438,-0.425525306561394,0.670453777560022,0.999431561618104
"K01595",2191.11577436061,-0.0245483111923212,0.407449532424806,-0.0602487160709934,0.951957546341588,0.999431561618104
"K01596",3429.58852598486,-0.0499997607097749,0.234311312881093,-0.213390297271513,0.831022547884329,0.999431561618104
"K01597",8.56599322431427,-0.485184968583265,0.791696591592363,-0.612842058101321,0.539980778368534,0.999431561618104
"K01598",0.986223638048658,-0.6083946742977,2.15484703178663,-0.282337755452305,0.777684537996313,0.999431561618104
"K01599",862.215665407592,0.0753191009651439,0.333751391245774,0.225674268155122,0.821454772858141,0.999431561618104
"K01601",244.308717150576,-0.515373011904793,0.307704522928196,-1.67489579613705,0.0939546785888264,0.999431561618104
"K01602",31.3021769387619,-0.134491782832101,0.56776682978726,-0.236878549038334,0.812751011825167,0.999431561618104
"K01607",503.062354707086,-0.0453439578576691,0.1995783010122,-0.227198836886066,0.820269132079392,0.999431561618104
"K01608",457.947807161849,0.092097075698517,0.423742712920648,0.217341969290133,0.82794185194312,0.999431561618104
"K01609",455.793511587128,0.0792306895032196,0.258808203564014,0.306136700506955,0.75950056553313,0.999431561618104
"K01610",1076.23105409209,-0.114116447571803,0.221144072247014,-0.51602761228136,0.605835124092012,0.999431561618104
"K01611",350.040204203576,0.219195001012999,0.299344630070202,0.732249651385407,0.464016204023939,0.999431561618104
"K01613",412.970514755634,0.156638958593215,0.215304794503328,0.727521925159885,0.466906289140329,0.999431561618104
"K01616",2067.50892261446,-0.0236610132876549,0.223253307438718,-0.105982811896974,0.915595989491733,0.999431561618104
"K01617",51.1953482413267,-0.269781997868587,0.388036611486304,-0.695248824164389,0.486899379517649,0.999431561618104
"K01619",802.129265635902,-0.0637946744393782,0.196575550391267,-0.324530056318806,0.745536770860629,0.999431561618104
"K01620",664.080964990878,0.0097311309836707,0.19141771520452,0.0508371493896136,0.959455288203875,0.999431561618104
"K01621",1268.23463452161,0.281442847126938,0.28043235802958,1.00360332560928,0.315569850976516,0.999431561618104
"K01622",25.4567322405577,0.157717754749328,0.501167823046633,0.314700480550708,0.752989079353614,0.999431561618104
"K01623",289.472251719568,-0.153585933460868,0.280219034069132,-0.5480924376571,0.583628432935945,0.999431561618104
"K01624",3601.07936541711,0.132616585999105,0.308629013088381,0.429695784826062,0.667416950054575,0.999431561618104
"K01625",375.267134235736,0.0452238356430476,0.311874340327213,0.145006593346537,0.884705666076981,0.999431561618104
"K01626",2185.23263193635,-0.0472277262975047,0.191443770048191,-0.246692416711269,0.805146275809426,0.999431561618104
"K01627",299.578124078519,-0.289836306582004,0.267835861225038,-1.08214152226046,0.279189648011921,0.999431561618104
"K01628",112.809138360262,-0.185963939003587,0.300763161983642,-0.618306902271831,0.536373052893943,0.999431561618104
"K01629",21.4750183254638,0.0252766599772538,0.935160178572314,0.0270292304531648,0.97843642001386,0.999431561618104
"K01630",3.55558725185988,-2.00209613620365,1.76727571183264,-1.13287141491211,0.257268255678584,0.999431561618104
"K01631",47.0572438677599,-0.04001905014507,0.408441828804433,-0.0979798035431664,0.921948330629667,0.999431561618104
"K01633",398.05746078305,0.032672432437471,0.254458786107894,0.128399702510635,0.8978326665709,0.999431561618104
"K01634",20.0463804039916,0.587125554004873,0.673332451958735,0.87196978594588,0.383224860673881,0.999431561618104
"K01635",31.4637292856915,-0.369593035912616,0.527282961652901,-0.70093870424721,0.483341268906311,0.999431561618104
"K01637",972.00904322327,0.411737455378086,0.447998877517066,0.919059122781845,0.358064648673478,0.999431561618104
"K01638",1297.06048065739,0.131828796864204,0.279570611220304,0.471540253422137,0.637254981157563,0.999431561618104
"K01640",532.436466922092,-0.0695863423560523,0.253653754071408,-0.274335945118567,0.78382646349942,0.999431561618104
"K01641",19.2979636112662,0.713183461255432,0.837270837225797,0.851795416186338,0.394327650941699,0.999431561618104
"K01643",37.7994751762656,-0.480583680868321,0.585832244240781,-0.820343512315784,0.412020307753997,0.999431561618104
"K01644",690.013879934271,-0.148741522901985,0.213729016710273,-0.695935091974979,0.486469479571968,0.999431561618104
"K01646",1.97067195416452,-2.75857226060247,2.57369206439073,-1.07183462185306,0.283794319434479,0.999431561618104
"K01647",3891.23028049831,-0.16298585069913,0.260075668132246,-0.626686271228778,0.530864904823068,0.999431561618104
"K01649",4500.83604984402,-0.235276280469319,0.331830783866219,-0.709024876257935,0.478309039749209,0.999431561618104
"K01652",4666.89066890813,-0.241740575905494,0.304125261885075,-0.794871739384952,0.426688114899623,0.999431561618104
"K01653",2533.96288037283,-0.317817562654253,0.339594774382614,-0.935872948080687,0.349338606921574,0.999431561618104
"K01654",82.9088648320213,0.101521036892336,0.524009405856087,0.19373895918238,0.846380284740904,0.999431561618104
"K01655",5.4005683086547,3.29197740283009,1.35396516277756,2.43136049089833,0.0150422399412805,0.999431561618104
"K01657",510.594918437634,-0.0337097762870662,0.196190680766867,-0.17182149608382,0.86357786541747,0.999431561618104
"K01658",235.683394378247,-0.0735762695333618,0.284423860237152,-0.258685292689629,0.795878068139423,0.999431561618104
"K01659",56.110769255753,-0.284269135793475,0.508802677889137,-0.55870212195584,0.576365030922479,0.999431561618104
"K01661",356.815623694739,0.187459736017573,0.270065313377415,0.694127408193286,0.487602311586352,0.999431561618104
"K01662",3070.55276420721,-0.0376548944459118,0.158647592449454,-0.237349296415631,0.812385821473646,0.999431561618104
"K01664",98.5021103458385,0.256245025793321,0.347129122956095,0.738183600416986,0.46040288711306,0.999431561618104
"K01665",6.68553385768335,-0.823876312837223,1.06010046955276,-0.777168142548605,0.437059574999893,0.999431561618104
"K01666",705.150427284287,-0.251659830590603,0.444478526366924,-0.566191200838471,0.571263810872577,0.999431561618104
"K01667",5.2647219976654,1.15839826697087,1.21932619886549,0.950031474800333,0.342096259939916,0.999431561618104
"K01669",60.1604474044707,0.00397281428968652,0.349642703221068,0.0113624973525463,0.990934233865316,0.999431561618104
"K01671",11.0896464999067,0.347114157538567,0.814591947119041,0.426120290982746,0.670020195389384,0.999431561618104
"K01673",672.646508150442,-0.0361328232238565,0.221480188351786,-0.163142462053831,0.870406267740898,0.999431561618104
"K01674",5.29467493625946,-0.152456169852765,1.11504777786311,-0.136726132170708,0.891247273021527,0.999431561618104
"K01676",377.990064089747,0.0263659296980854,0.203159295951401,0.129779587857956,0.896740812847784,0.999431561618104
"K01677",152.360455103873,-0.00396894542309139,0.330857380199854,-0.0119959404281505,0.990428853892732,0.999431561618104
"K01678",33.5588484861421,-0.335167408026611,0.968592478020362,-0.346035526428654,0.72931601586356,0.999431561618104
"K01679",1003.09673864995,-0.163343658972587,0.229970580614376,-0.710280673885363,0.477530101873797,0.999431561618104
"K01681",3564.36375480375,0.0379681577622657,0.331576315627373,0.114508051307665,0.908835064360728,0.999431561618104
"K01682",430.050177185594,0.0969381179590702,0.224413050668562,0.431962925820384,0.665768358912207,0.999431561618104
"K01683",2.58456042588696,-4.25244779572066,1.83132565544896,-2.32205986033551,0.0202297126340575,0.999431561618104
"K01684",235.866552205103,0.220396181623753,0.37784242551171,0.583301838922062,0.559690124822445,0.999431561618104
"K01685",79.3083399331161,-0.570757702691113,0.733013776557694,-0.778645260081533,0.436188709932218,0.999431561618104
"K01686",447.944654533463,0.0805786237869117,0.346674115316659,0.232433343670062,0.816201453459382,0.999431561618104
"K01687",3107.578193767,-0.597503074141569,0.375915108459841,-1.58946278214141,0.111955950190433,0.999431561618104
"K01689",6822.4832841365,0.338224798592488,0.476731828855216,0.709465527830757,0.478035636244309,0.999431561618104
"K01690",1146.44616863259,-0.0631942682334554,0.356845962962529,-0.177091167597407,0.859436779514388,0.999431561618104
"K01692",176.297209144801,-0.177864221687565,0.297289278515286,-0.598286701006675,0.549648648782812,0.999431561618104
"K01693",714.500865065976,-0.0997195208866461,0.268936202610465,-0.370792477616273,0.710792104612302,0.999431561618104
"K01695",501.640420932841,0.0437342630626265,0.206196880536437,0.212099537824474,0.832029380264151,0.999431561618104
"K01696",1162.11903316278,-0.0228948077107248,0.169367336183605,-0.135178412949149,0.892470814391914,0.999431561618104
"K01697",1016.50688017189,-0.0741863850895063,0.202657979923466,-0.366066932659266,0.71431513141942,0.999431561618104
"K01698",2368.55495128354,0.108432924226978,0.265500850002903,0.408408953213491,0.682973461383161,0.999431561618104
"K01699",2.55936996845057,0.378646860921648,1.93543518336834,0.195639132829377,0.844892628534775,0.999431561618104
"K01703",3570.48356929987,-0.0989598068841589,0.28603790114317,-0.345967462663722,0.729367167532257,0.999431561618104
"K01704",1492.92310203449,-0.197024503785259,0.28873354862413,-0.68237482178333,0.495001972347626,0.999431561618104
"K01705",0.0885755421913926,-0.0603928784247551,3.81694647031143,-0.0158223016472713,0.987376156521306,0.999431561618104
"K01706",173.327928100168,-0.766052839921822,0.62855350350225,-1.21875518257942,0.222937126532181,0.999431561618104
"K01707",110.607544540027,-0.00590827747244784,0.590991871875015,-0.00999722289530464,0.99202350306894,0.999431561618104
"K01708",40.7451491174711,-0.190424893688509,0.543916618806148,-0.350099421684294,0.726264084892453,0.999431561618104
"K01709",30.1625174250946,-0.229405775588188,0.423788281800012,-0.541321658573952,0.588285894536834,0.999431561618104
"K01710",410.288737793487,-0.104573754757808,0.194690990180943,-0.537126831912556,0.591180007765611,0.999431561618104
"K01711",1405.12818160275,-0.187191330509471,0.177175511504627,-1.05653049295462,0.290725917149208,0.999431561618104
"K01712",761.544019709288,0.00166077244725716,0.419214054916852,0.00396163350865362,0.99683908205608,0.999431561618104
"K01713",10.1398550461077,-0.795876410733788,1.09717825581471,-0.725384782751465,0.468216005943778,0.999431561618104
"K01714",1501.85037313009,-0.0444790226318123,0.22325792460415,-0.199227072054335,0.842085123439407,0.999431561618104
"K01715",27.7908898968459,-0.408627834421744,0.567305368132022,-0.720296082808525,0.471342716059378,0.999431561618104
"K01716",79.7886828825324,0.320194660190402,0.370602647810346,0.863983735902123,0.387596825120886,0.999431561618104
"K01719",565.934994996442,0.112572442173448,0.260594230772868,0.431983631562299,0.665753309796392,0.999431561618104
"K01720",127.352073744147,-0.179436150176495,0.330095028882472,-0.543589374199217,0.586724073463985,0.999431561618104
"K01721",60.3696253881849,0.248990728890699,0.422263899348979,0.589656679802791,0.555420843739078,0.999431561618104
"K01724",319.084705585841,0.00163513797190739,0.238527289993794,0.00685514002171382,0.99453043245308,0.999431561618104
"K01725",20.7075860864988,0.703967855791318,0.592544513387655,1.18804214685348,0.234816805231674,0.999431561618104
"K01726",128.678111064251,-0.24669618333164,0.275831285015511,-0.8943734693393,0.371122102599346,0.999431561618104
"K01727",14.7214929327027,-0.706878490877438,0.780112715504785,-0.906123534238307,0.364870470045107,0.999431561618104
"K01728",82.8383163909168,1.10008476809112,0.723462897209833,1.52058215056197,0.128364728882422,0.999431561618104
"K01729",135.666396596443,0.418723423207035,0.460386325661411,0.909504474542069,0.363083896977532,0.999431561618104
"K01730",11.8734675669273,0.806731018262301,0.633060209109672,1.2743353738768,0.20254458509475,0.999431561618104
"K01733",2295.9508921088,-0.0238599101507208,0.180956693859622,-0.131854255522762,0.895099571431069,0.999431561618104
"K01734",39.5925577124788,-0.73075828712061,0.696629530180349,-1.04899125785182,0.294182141983645,0.999431561618104
"K01735",447.36303754974,0.0402084739565321,0.28392584509862,0.141616110863616,0.887383240565179,0.999431561618104
"K01736",1101.22333229535,-0.0335073744748107,0.285307036349599,-0.117443211017596,0.906508843535951,0.999431561618104
"K01737",279.947594155236,-0.263615236468912,0.286472724647454,-0.920210595243678,0.357462718585395,0.999431561618104
"K01738",1014.95691064343,0.148460535451307,0.26303408731004,0.564415574306596,0.572471342060015,0.999431561618104
"K01739",154.013296661062,-0.0556289664023112,0.263516111090727,-0.211102714638797,0.832807121990172,0.999431561618104
"K01740",778.231722499785,-0.118373929318622,0.226242872157938,-0.523216171141894,0.600823829238969,0.999431561618104
"K01743",0.644945627294682,-2.28100525043901,3.72856281111165,-0.611765274180521,0.540693068099218,0.999431561618104
"K01744",572.351258316139,0.517060097324926,0.452373470090307,1.14299385687164,0.253041141641365,0.999431561618104
"K01745",688.931847751981,-0.0441101116397004,0.34628350800781,-0.127381497009397,0.898638460183923,0.999431561618104
"K01749",1394.79734024476,-0.029152776053816,0.252035740715986,-0.115669214100343,0.907914706029443,0.999431561618104
"K01750",33.5023341657642,-0.409792314492246,0.507673941387839,-0.807195881222478,0.419553638334566,0.999431561618104
"K01751",23.6062071509569,-0.269839323395913,0.663426459503458,-0.40673584770477,0.684202008671378,0.999431561618104
"K01752",837.273990644816,-0.0373958455632893,0.26864883800318,-0.139199729435817,0.889292322301635,0.999431561618104
"K01753",112.536307712444,0.119927099168141,0.589223460081874,0.203534155193816,0.838717552351083,0.999431561618104
"K01754",688.266161352534,-0.265391798052036,0.187410532838327,-1.41609862600935,0.156746630338315,0.999431561618104
"K01755",782.569268764916,-0.0743958358858094,0.227074977539645,-0.327626745544081,0.743193897102965,0.999431561618104
"K01756",882.786458144298,-0.00700661527027614,0.227055583463345,-0.0308585904975434,0.97538231417845,0.999431561618104
"K01758",25.8151104226147,-0.0677085252664083,0.573977975416829,-0.117963629557802,0.906096476027934,0.999431561618104
"K01759",220.06625534814,-0.27668630084915,0.240459031176965,-1.15065880243659,0.249872631424415,0.999431561618104
"K01760",252.908548548485,-0.137375191756216,0.400667678920876,-0.342865668940929,0.731699520167931,0.999431561618104
"K01761",6.60768501478709,-2.72418966942672,1.26147055588966,-2.15953488308371,0.0308086940867256,0.999431561618104
"K01767",3.8702701461008,0.920947811968833,1.14134782119329,0.806894966519474,0.419726999023947,0.999431561618104
"K01768",482.491346167048,0.0191319290763567,0.256311477307437,0.0746432788626496,0.940498538597404,0.999431561618104
"K01770",82.7573683745967,-0.0988826693548377,0.553740693652387,-0.178572155682876,0.858273659573003,0.999431561618104
"K01772",736.075436754837,0.111261041834881,0.269831091354905,0.412335884927883,0.680093249855488,0.999431561618104
"K01775",577.758124830911,0.00457685145862258,0.367976628180553,0.0124378862898241,0.990076258429804,0.999431561618104
"K01776",447.59244363563,0.021660569245384,0.267710266381824,0.0809104915479426,0.935513136275074,0.999431561618104
"K01777",97.2436124677786,0.180559593242448,0.441655203717724,0.408824783954881,0.682668250464404,0.999431561618104
"K01778",660.548992645454,0.0369316078477739,0.256179360244144,0.144163088753822,0.885371687327022,0.999431561618104
"K01779",125.407499968511,-0.666255030513282,0.356550104911617,-1.86861543815402,0.0616763363456794,0.999431561618104
"K01781",21.6988075362173,0.073339618792399,0.59496551585008,0.123267007647682,0.901895665632693,0.999431561618104
"K01782",411.377422308317,0.136457534165697,0.241995952141879,0.563883540025882,0.572833392740218,0.999431561618104
"K01783",847.739827092873,0.0195809237607522,0.233870830047481,0.0837253784782689,0.9332747788776,0.999431561618104
"K01784",1698.29695061184,0.120170575337834,0.306822119033222,0.391662034394665,0.695307945467165,0.999431561618104
"K01785",817.514007072543,0.121890131866534,0.233799668272328,0.521344331954128,0.60212692355725,0.999431561618104
"K01788",14.3208339241538,-0.352438025651128,0.719808681283589,-0.48962736184655,0.624397610880712,0.999431561618104
"K01790",186.947443949102,-0.0582365042925533,0.308208075029423,-0.188951909475421,0.850130508412507,0.999431561618104
"K01791",167.334243729567,0.136558780333024,0.353512313999661,0.38629143858665,0.699280840396092,0.999431561618104
"K01792",6.10560964027939,0.137818065227912,1.46959504226032,0.0937796204156624,0.925284220880719,0.999431561618104
"K01793",4.1819313186374,0.832351758079624,1.59359830314933,0.522309641290844,0.601454757429911,0.999431561618104
"K01795",105.607624619619,-0.142089934522467,0.430291000491566,-0.330218234543931,0.741235069740954,0.999431561618104
"K01796",114.495714081507,0.262847975469269,0.291445124734431,0.901878100410086,0.367121625867656,0.999431561618104
"K01798",3.23761819175242,-3.55739817464266,2.00307431727334,-1.77596914101775,0.0757380035743463,0.999431561618104
"K01799",141.399925255725,-0.270801364624808,0.392050298006827,-0.690731179140928,0.489734491622978,0.999431561618104
"K01800",13.5867835771311,-0.315080623981483,0.797567146800166,-0.395052159865892,0.692804394095499,0.999431561618104
"K01801",7.59945087650381,0.197918875002353,0.828170964692075,0.238983112715069,0.811118677487542,0.999431561618104
"K01802",779.329648509926,-0.0430825788941297,0.207530593741689,-0.207596278299835,0.83554421054805,0.999431561618104
"K01803",1375.32627720524,-0.0306739961209853,0.24324319267874,-0.126104232489242,0.899649417177919,0.999431561618104
"K01804",788.961553952854,0.200639275671122,0.305088507918242,0.657642849414994,0.510767653784603,0.999431561618104
"K01805",4752.73921429629,-0.414128379504862,0.322304986661368,-1.28489597320431,0.198828638294182,0.999431561618104
"K01807",90.209796190153,-0.0500859955112604,0.352353964460753,-0.14214681985461,0.886964036725626,0.999431561618104
"K01808",368.404659219156,-0.115789205787972,0.2096629898803,-0.552263448375307,0.58076786941046,0.999431561618104
"K01809",431.86936998268,-0.148292161214466,0.321586031545547,-0.4611274951893,0.644707136351876,0.999431561618104
"K01810",1886.91907282706,0.23950515566687,0.458538207742952,0.522323225464195,0.601445300887601,0.999431561618104
"K01811",40.5414477944417,-0.494798497670536,0.528209926509346,-0.936745927779873,0.348889265383185,0.999431561618104
"K01812",401.189316908156,-0.33071444960564,0.319671606686404,-1.03454433452412,0.300881761872197,0.999431561618104
"K01813",93.0216686134724,0.617093146921248,0.763009111312456,0.808762487593081,0.418651777302204,0.999431561618104
"K01814",312.357388271427,-0.157595576535185,0.326922634635512,-0.482057709803083,0.629764950872762,0.999431561618104
"K01815",198.853631609436,0.251426489310086,0.544067990477264,0.462123289204226,0.64399290992442,0.999431561618104
"K01816",779.032289248422,0.0869893926706419,0.205727337879112,0.422838275007272,0.672413260001002,0.999431561618104
"K01817",271.825225916024,-0.1027170996708,0.222694155730182,-0.461247397059008,0.644621120175802,0.999431561618104
"K01818",3.40050787853669,0.414176565617169,1.45760991837743,0.284147741035008,0.776297162022394,0.999431561618104
"K01820",403.855596871579,0.392630705810782,0.438506929378974,0.895380846927177,0.370583535625258,0.999431561618104
"K01821",242.577758621271,0.125085546576435,0.319052847801705,0.392052750628251,0.695019237961309,0.999431561618104
"K01822",10.6089782233735,0.19981980296774,0.762207961618145,0.262159165253966,0.793198734036963,0.999431561618104
"K01823",91.6820245018938,0.280402488552273,0.377136922949614,0.74350314564595,0.457177117762345,0.999431561618104
"K01826",4.72375787597302,-0.285972120087859,1.26211426850367,-0.226581797880234,0.820748947392107,0.999431561618104
"K01829",3.71674108480958,-1.47095184125755,1.87758413860657,-0.783427922622525,0.433375864429131,0.999431561618104
"K01834",651.452325323681,-0.0992384632331233,0.244797371799841,-0.405390231535107,0.685190690227563,0.999431561618104
"K01835",1142.19661148963,-0.566492627923519,0.50466184992511,-1.12251922353074,0.261641738688209,0.999431561618104
"K01839",211.739658901298,0.278333960986442,0.213626426825184,1.30290041884289,0.192608760934939,0.999431561618104
"K01840",327.701633953056,-0.113412139030798,0.243371669204462,-0.466003867259986,0.641212732413014,0.999431561618104
"K01841",19.0280821031781,0.155084020914102,0.725974816557738,0.213621763974464,0.830842025954714,0.999431561618104
"K01843",526.563192997024,0.208480758114384,0.404009776758312,0.516028992632775,0.605834160026321,0.999431561618104
"K01844",73.7905530276487,0.214196681129667,0.565935111055118,0.378482757025489,0.70507200068789,0.999431561618104
"K01845",1587.01173545985,0.124160528762319,0.179908908241752,0.690129966190883,0.490112460043906,0.999431561618104
"K01847",443.126318577867,-0.233033052185434,0.255900349227624,-0.910639836517577,0.362485173546179,0.999431561618104
"K01848",533.007871841161,0.229011210982858,0.306845702836217,0.74633996456876,0.455462075431073,0.999431561618104
"K01849",204.601726861301,0.115958908550853,0.329494369109324,0.351929864125778,0.724890861806684,0.999431561618104
"K01854",2619.05047288923,-0.147247798071639,0.207111413997616,-0.71095935868283,0.477109420784906,0.999431561618104
"K01856",16.9211578674527,-0.934954642539304,0.822407551875277,-1.1368507504672,0.2556006833752,0.999431561618104
"K01857",109.585685084814,0.279633204909348,0.290870965716281,0.96136513392026,0.336368608702064,0.999431561618104
"K01858",10150.9176108701,-0.0143346067986822,0.185223301873577,-0.0773909473251165,0.938312542172948,0.999431561618104
"K01865",3.33075735998155,-0.129796122979963,1.68522830774631,-0.0770199042962565,0.938607710661049,0.999431561618104
"K01866",1299.91911923768,-0.0924054291082155,0.260429686119631,-0.354819108700873,0.722725111952635,0.999431561618104
"K01867",1111.78508624991,-0.175256854113003,0.215271168087467,-0.814121350620416,0.415575435774078,0.999431561618104
"K01868",4226.70469528262,0.00444186101214848,0.173159026953981,0.0256519171439382,0.979534975782583,0.999431561618104
"K01869",4028.34896199183,-0.00309877799907499,0.171516836199008,-0.0180669027469673,0.985585481421915,0.999431561618104
"K01870",3206.77669765204,0.124532792707694,0.214532305577587,0.580485034048431,0.56158757630732,0.999431561618104
"K01872",3161.71991053492,0.0171805148203334,0.16695776260518,0.102903360420334,0.918039670632203,0.999431561618104
"K01873",1341.06776436358,0.00311810496076315,0.207834748221612,0.0150028086614195,0.988029939647436,0.999431561618104
"K01874",2186.87190896696,0.00276487418389082,0.178481936034672,0.015491058901074,0.987640417601806,0.999431561618104
"K01875",1155.08506869616,-0.0374847409285111,0.215873940276747,-0.173641806326675,0.862146974382768,0.999431561618104
"K01876",3131.40195712731,-0.02721527982962,0.282815688973593,-0.0962297386272693,0.923338112399514,0.999431561618104
"K01878",182.776517159121,-0.404800264776469,0.259687578158046,-1.55879718101151,0.119044391641158,0.999431561618104
"K01879",196.030855759299,0.0196085696321149,0.271139502881988,0.0723191177371504,0.942347950777188,0.999431561618104
"K01880",1618.94783573453,-0.141105532260016,0.175836499477587,-0.802481468177784,0.422274504020452,0.999431561618104
"K01881",1362.45861335812,-0.087860048097351,0.172434483222381,-0.509527134337984,0.610382783734269,0.999431561618104
"K01883",1232.32289227903,0.0312513829972624,0.182992390060979,0.170779686449521,0.86439700227261,0.999431561618104
"K01884",2.23970133585987,-0.875237832705922,1.64247363848447,-0.532877857031248,0.594118134184075,0.999431561618104
"K01885",1307.41915420395,0.0301521706250474,0.203519478832642,0.14815373348043,0.882221444112323,0.999431561618104
"K01886",972.854861424477,0.00486770711055635,0.384236714069689,0.0126685111867616,0.989892260883603,0.999431561618104
"K01887",1865.06288905503,0.0928526987284107,0.230970952432077,0.402010286361512,0.687676456044559,0.999431561618104
"K01889",2178.16015932396,0.0104939560928198,0.247113852090433,0.0424660778991035,0.966127153259,0.999431561618104
"K01890",1941.25396404135,-0.00427976600166704,0.209396847084517,-0.0204385407958871,0.983693539155242,0.999431561618104
"K01892",1154.12610216496,0.0137834706634141,0.309357260433837,0.044555187242363,0.964461862560519,0.999431561618104
"K01893",619.363577651494,0.242010401962357,0.354186745369647,0.683284750562256,0.494426928265727,0.999431561618104
"K01894",8.90075239847919,0.320660250257695,0.79811995709737,0.401769492676118,0.687853675955012,0.999431561618104
"K01895",1353.75403367902,-0.0832807285004757,0.242309155486527,-0.343696169190381,0.731074792416752,0.999431561618104
"K01897",909.119702775982,-0.185112824537594,0.259541325306887,-0.713230636079679,0.475703051649539,0.999431561618104
"K01899",2.51777329880306,-0.606109387998819,2.0484157577072,-0.295891781596739,0.76731272753447,0.999431561618104
"K01900",0.40108515783551,2.6353783060543,3.7610776917493,0.700697651589476,0.483491721943964,0.999431561618104
"K01902",6138.19043517624,-0.0950807420245655,0.352856396184599,-0.269460162980363,0.787575594141482,0.999431561618104
"K01903",4764.12587055101,-0.0839599192680912,0.306647958070871,-0.273799048903781,0.784239054565251,0.999431561618104
"K01904",90.0746884130004,-0.120517132905087,0.354786224600364,-0.339689437042938,0.734090417261164,0.999431561618104
"K01907",277.383872214202,-0.220441140686364,0.265180292781551,-0.831287794330775,0.405811068140339,0.999431561618104
"K01908",134.12492985909,0.415291517176555,0.315168992242163,1.31767885610226,0.187611175513215,0.999431561618104
"K01910",20.2578657777384,-0.446121398262626,0.836979984422055,-0.533013222019495,0.594024427650109,0.999431561618104
"K01911",88.0658478003604,-0.0310944614782226,0.436567417246631,-0.071224879021735,0.943218781100613,0.999431561618104
"K01912",317.185040929334,0.0843996829476916,0.376453219244427,0.224197001468307,0.82260401657459,0.999431561618104
"K01915",14358.2523713338,-0.0619901060621479,0.235807603601921,-0.262884254431408,0.792639792739842,0.999431561618104
"K01916",86.369471390161,-0.315863533426369,0.37304362090031,-0.846720103842168,0.397151150363574,0.999431561618104
"K01918",408.028184469574,0.031208415508393,0.207208500108729,0.150613587241918,0.880280542597502,0.999431561618104
"K01919",247.547713807494,-0.105692991901253,0.308312924546941,-0.342810772712712,0.731740821066951,0.999431561618104
"K01920",172.733451685187,-0.116062061285786,0.343105303486956,-0.338269505327534,0.735160101835603,0.999431561618104
"K01921",827.251786148141,0.0480314319966004,0.208586587954471,0.230270951107769,0.817881231777681,0.999431561618104
"K01923",1194.61525288454,-0.045535177688026,0.186952146218903,-0.243565953154176,0.807566999685331,0.999431561618104
"K01924",643.898979924407,-0.229924191274642,0.243465500669725,-0.944380992962725,0.344974990756583,0.999431561618104
"K01925",145.707956816016,0.121860099642306,0.316257384837287,0.385319380620953,0.70000080434873,0.999431561618104
"K01926",1586.74831807449,-0.0874413202798446,0.235405371816326,-0.371449978414555,0.710302406488661,0.999431561618104
"K01928",381.588074825773,0.00180324283254068,0.300393445011814,0.00600293669014568,0.995210378261342,0.999431561618104
"K01929",404.032585637246,-0.00145531537902346,0.264040188923889,-0.00551171920060608,0.995602306612657,0.999431561618104
"K01932",7.39512102016058,0.0816133566627125,0.887807965808153,0.0919268127859403,0.926756188131523,0.999431561618104
"K01933",936.650111448223,0.0223551625557215,0.194934613725686,0.114680313200712,0.90869851875242,0.999431561618104
"K01934",240.690225100488,0.105463049015686,0.264678338910019,0.398457423641076,0.690293036550595,0.999431561618104
"K01935",23.2775537405834,-0.746233364499611,0.699511077687946,-1.06679277612885,0.286065421343097,0.999431561618104
"K01937",6254.09831074381,-0.0140554336428798,0.176487082043267,-0.0796400137627868,0.936523569890521,0.999431561618104
"K01938",127.564526260838,-0.0213270565819787,0.372619414263093,-0.0572354948927068,0.954357603656587,0.999431561618104
"K01939",3431.7542664522,0.288930617195473,0.298538353621396,0.967817413376283,0.333135565580826,0.999431561618104
"K01940",2136.67566930143,-0.184147216473122,0.186025070278432,-0.989905372418358,0.322220373323907,0.999431561618104
"K01941",14.6299888685624,-1.59855718457619,0.912692799667151,-1.75147342584402,0.0798643948619221,0.999431561618104
"K01945",493.979735438482,0.0827944478389657,0.229129355302754,0.361343694829357,0.71784253336948,0.999431561618104
"K01949",4.29902445380856,1.15368222707815,1.40577031606831,0.8206761900513,0.411830736550482,0.999431561618104
"K01950",208.760876281771,0.00100299218964648,0.308841946403534,0.0032475905599169,0.997408802187261,0.999431561618104
"K01951",2809.23088528219,0.258509203267543,0.285903622680238,0.904183027987254,0.365898358116393,0.999431561618104
"K01952",213.768605893119,-0.12030451213771,0.229178881760319,-0.524937163553871,0.599626873452007,0.999431561618104
"K01953",2403.41420784041,0.166781465454873,0.309935400406989,0.538116863178151,0.590496371147161,0.999431561618104
"K01955",438.581566973401,0.0496393871296919,0.204884740353116,0.242279571646669,0.808563541769924,0.999431561618104
"K01956",1061.22635950021,0.103198979858804,0.193413778214034,0.533565813210075,0.593641966050883,0.999431561618104
"K01958",850.303453396898,0.0557892343154336,0.325707539088354,0.171286284841874,0.863998664205318,0.999431561618104
"K01961",849.825935026277,0.182009541819333,0.494618923478648,0.367979333542805,0.712888644124508,0.999431561618104
"K01962",485.987030974018,-0.019669813625375,0.2499797870372,-0.0786856163792471,0.937282686471178,0.999431561618104
"K01963",783.489239462782,0.00778590272468665,0.303525051238772,0.0256515984196697,0.979535230004102,0.999431561618104
"K01965",45.0907424003634,-0.291084696004052,0.415166992539599,-0.701126778464422,0.483223900019724,0.999431561618104
"K01966",450.153851515932,-0.351398811213165,0.256352228864432,-1.37076557816471,0.170448044537112,0.999431561618104
"K01968",73.2871392420969,0.157224942436469,0.318576372980441,0.493523549676805,0.621642704256002,0.999431561618104
"K01969",696.623890612923,-0.00675221528488374,0.290187589798298,-0.0232684495211426,0.981436138531652,0.999431561618104
"K01970",38.9886887960332,0.191717591495184,0.745543338756166,0.257151504854216,0.797061818879774,0.999431561618104
"K01971",1012.80708599936,-0.0679060449596411,0.22800425167268,-0.297827976721794,0.765834460642731,0.999431561618104
"K01972",878.867472557536,0.0843628675745421,0.20548712489922,0.410550625086206,0.68140207478618,0.999431561618104
"K01974",15.5585438651718,0.640605132417147,0.627212547210498,1.02135254670241,0.307087439139121,0.999431561618104
"K01975",120.867812490903,-0.255157784699901,0.330568899516079,-0.771874744034988,0.440188617126536,0.999431561618104
"K01989",963.283226014195,-0.585345659208313,0.423189118243353,-1.38317748253563,0.166610452319405,0.999431561618104
"K01990",3081.67497325363,-0.0225330007909488,0.209423772936609,-0.107595238472613,0.914316774212958,0.999431561618104
"K01991",359.603721050241,0.0754755766153366,0.241768086855859,0.312181717599208,0.754902425534567,0.999431561618104
"K01992",1027.07316420469,-0.0398240798135926,0.212370006184281,-0.187522148391501,0.851251259788503,0.999431561618104
"K01993",6.85832200275141,0.00955836271948391,1.56456644777845,0.00610927246526087,0.995125536144022,0.999431561618104
"K01994",6.25636755824421,-0.134169682486217,1.48291673809675,-0.0904768818365467,0.927908264216641,0.999431561618104
"K01995",1259.34493205297,-0.230197822233431,0.288925463252159,-0.79673774558432,0.425603357437522,0.999431561618104
"K01996",901.498067472784,-0.12876355939867,0.253110778466629,-0.508724125375983,0.610945609467906,0.999431561618104
"K01997",2366.54037126795,-0.0884053389294814,0.257554258528186,-0.343249377566812,0.731410860640562,0.999431561618104
"K01998",1999.92664190362,-0.123791417024905,0.310813368610409,-0.398282151048888,0.690422215911621,0.999431561618104
"K01999",10719.350819648,-0.135510751148374,0.288157839934556,-0.470265709859395,0.638165192838717,0.999431561618104
"K02000",483.101776861334,0.0946443605298284,0.386204105181645,0.245063061888775,0.806407603304825,0.999431561618104
"K02001",127.570145550888,-0.0380447649826272,0.458237853159464,-0.0830240555648463,0.933832412068964,0.999431561618104
"K02002",347.003367170226,-0.0583508256423673,0.385263219222862,-0.151457036983884,0.879615199327399,0.999431561618104
"K02003",2098.6056589224,0.164861701552518,0.230036413961973,0.716676541392143,0.473573703821794,0.999431561618104
"K02004",3870.14367256854,0.133351610364264,0.259156509900846,0.514560141341944,0.606860423998464,0.999431561618104
"K02005",1376.94248999642,0.0365207282007342,0.202837860520904,0.180048873060216,0.857114199937357,0.999431561618104
"K02006",34.8773037114601,-0.347044405981787,0.440621895645226,-0.787624059112159,0.430916637500853,0.999431561618104
"K02007",104.09815656584,0.479331714603824,0.313051092236829,1.5311612912093,0.12572953492871,0.999431561618104
"K02008",11.5447166938589,-1.00826642664691,0.718747356509346,-1.40281062255816,0.160673318519375,0.999431561618104
"K02009",6.47989876227743,1.30750667102331,1.14054963467092,1.14638296421055,0.251636728416345,0.999431561618104
"K02010",67.8732153579037,0.445384236648173,0.435000958785631,1.02386955167071,0.305896893561656,0.999431561618104
"K02011",318.861246211638,-0.0769974581906457,0.304828066320336,-0.252593073597531,0.800582682962621,0.999431561618104
"K02012",419.175398641655,0.052042873322875,0.289879797879321,0.179532598351476,0.857519523345627,0.999431561618104
"K02013",192.435749353913,-0.1393782805018,0.233911807540688,-0.595858250881823,0.551269925544975,0.999431561618104
"K02014",1059.43184618791,-0.148742597050759,0.247168483243409,-0.601786259716125,0.547316422472325,0.999431561618104
"K02015",9.4834988085821,0.00395869726532896,0.838241553463722,0.0047226211215265,0.99623190752734,0.999431561618104
"K02016",72.5429942419754,0.153513412684511,0.378364361335286,0.405729049487501,0.684941695360536,0.999431561618104
"K02017",17.769980155775,0.917202742149025,0.631975268506287,1.4513269551147,0.146688838883486,0.999431561618104
"K02018",35.8623975520779,0.275781906697165,0.54496760208897,0.506051929766168,0.612820194992477,0.999431561618104
"K02019",11.3723398420561,0.538497982998218,0.874301628574296,0.615917854203628,0.537948737179901,0.999431561618104
"K02020",205.211967191378,-0.195517827700456,0.211609669315416,-0.923955074137116,0.355509706885017,0.999431561618104
"K02021",2.71215016904386,-4.32769099553339,2.14812520789574,-2.01463628825095,0.0439427723219135,0.999431561618104
"K02024",9.59656863555067,-1.56218438368618,1.14321487138341,-1.36648360932863,0.171787221994005,0.999431561618104
"K02025",1825.16877070688,0.0828707127679462,0.327637979304634,0.252933780582544,0.800319384877413,0.999431561618104
"K02026",1008.07927459651,-0.230929113883189,0.28577999112504,-0.808066068495847,0.419052549607249,0.999431561618104
"K02027",3870.45382670315,0.009468554299818,0.346197093890525,0.0273501842358393,0.978180430588476,0.999431561618104
"K02028",2493.09677782833,-0.396474454436223,0.380672962093163,-1.04150936346037,0.297639209800706,0.999431561618104
"K02029",2324.52901237221,-0.290467697903687,0.292861400605019,-0.991826499851512,0.321282168309758,0.999431561618104
"K02030",4475.94126549377,-0.281041993250004,0.245318112686195,-1.14562267813264,0.251951309607591,0.999431561618104
"K02031",2374.74400146186,-0.12765150071923,0.237495389731156,-0.537490436609027,0.590928889090144,0.999431561618104
"K02032",1846.60029329982,-0.148925665254283,0.281919164031918,-0.528256621949342,0.597321234576292,0.999431561618104
"K02033",2094.00675939547,-0.0557866451694037,0.289283668159977,-0.192844088033871,0.84708107423517,0.999431561618104
"K02034",2594.13744659052,-0.12615034997078,0.29865107083581,-0.422400460904874,0.672732741533932,0.999431561618104
"K02035",6817.93576589818,-0.17231799401488,0.330526107142009,-0.521344578511144,0.602126751830956,0.999431561618104
"K02036",3294.98582727915,0.276378023767769,0.309928567032177,0.891747496574186,0.372528289170032,0.999431561618104
"K02037",2881.14855077981,0.230362878933321,0.332590876554084,0.692631383398339,0.488540910117329,0.999431561618104
"K02038",1845.85050833561,0.170516844451672,0.313564424135047,0.543801628395935,0.586577988142539,0.999431561618104
"K02039",1983.2433756165,0.273016796547323,0.290767695883161,0.938951611244425,0.347755588887058,0.999431561618104
"K02040",11727.4968089115,0.136478865524478,0.318428686799281,0.428601037476583,0.66821359039624,0.999431561618104
"K02041",5.73318915419678,1.03903776363696,1.24311043706724,0.835837052489297,0.403246578713556,0.999431561618104
"K02042",66.1297434531305,0.143549278187933,0.583659125042162,0.245947115411865,0.805723170926638,0.999431561618104
"K02043",1.51801829709801,3.08441080653483,2.46740156896923,1.25006437757246,0.211276031270473,0.999431561618104
"K02044",102.259948675587,0.448122263769363,0.402607259413182,1.11305063009177,0.26568668539739,0.999431561618104
"K02045",354.813683523878,0.0339017289771916,0.281804598605272,0.120302256048981,0.904243717024879,0.999431561618104
"K02046",263.472575365903,-0.0430885235351586,0.227952718519021,-0.189023951173292,0.850074044850114,0.999431561618104
"K02047",232.192191074373,-0.185115147787371,0.292663294594815,-0.632519182303534,0.527047677996455,0.999431561618104
"K02048",22.9952846771195,-0.400262386470349,0.533945348676279,-0.74963175063263,0.4534765227167,0.999431561618104
"K02049",362.932447145498,0.0416678750439464,0.225996703252459,0.184373818043707,0.853720207880878,0.999431561618104
"K02050",587.731801774516,-0.0756358631958844,0.329093967191732,-0.22983059775088,0.818223407512212,0.999431561618104
"K02051",496.005835584103,-0.0568688227886081,0.335669633482257,-0.169419027269901,0.865467058236775,0.999431561618104
"K02052",71.5733902929008,-0.117797523669943,0.343194980738007,-0.343237897642418,0.731419496302402,0.999431561618104
"K02053",43.1420406481906,-0.226074712645023,0.450936574187013,-0.501344813408869,0.616128471680586,0.999431561618104
"K02054",64.3030560977201,-0.235671428038163,0.38053523585662,-0.619315652879412,0.535708434691271,0.999431561618104
"K02055",236.160306213358,0.221801781985751,0.252314468180661,0.879068820686643,0.379363962072489,0.999431561618104
"K02056",26.40254650183,-0.176619443901844,0.563036146564152,-0.313691127966898,0.753755639761753,0.999431561618104
"K02057",566.366679011193,-0.101757996547254,0.438515869361602,-0.232050887224206,0.816498490017115,0.999431561618104
"K02058",1137.36434056184,-0.0651962773440357,0.347372270607381,-0.187684173034422,0.85112423787564,0.999431561618104
"K02062",16.4502989836491,1.12965797461409,0.615167548299642,1.83634194901296,0.0663070993004709,0.999431561618104
"K02063",36.495336726547,0.687499575992579,0.527648183009593,1.30295071248275,0.192591588941683,0.999431561618104
"K02064",160.538031235845,0.0392581352256261,0.366882358467842,0.107004695972775,0.914785254300026,0.999431561618104
"K02065",490.010344912182,0.112181324594328,0.198373637520097,0.56550520521137,0.57173018482849,0.999431561618104
"K02066",525.717604468269,-0.00601237099562126,0.241514278861832,-0.0248944742478803,0.980139134781212,0.999431561618104
"K02067",675.000136603187,-0.0656830377250898,0.306962014780259,-0.213977738490248,0.830564417240635,0.999431561618104
"K02068",1.99914843668826,1.23568384481999,1.81029226783367,0.682588036626098,0.494867195759528,0.999431561618104
"K02069",32.2156113066504,-0.690709532802667,0.509448551441077,-1.35579840368347,0.175163319366146,0.999431561618104
"K02071",324.086611565468,0.177559089202466,0.476700240742715,0.372475350391733,0.709538961379744,0.999431561618104
"K02072",133.306413733894,0.472295169810366,0.561093921728776,0.841739950336989,0.399933530974313,0.999431561618104
"K02073",345.282717044518,-0.136706305923918,0.474767271535411,-0.287943828734879,0.773389736514983,0.999431561618104
"K02074",119.122274886639,0.0435976825669542,0.338446899137705,0.128816906516303,0.897502527525102,0.999431561618104
"K02075",59.9456904919454,-0.109854155690893,0.364370141142043,-0.301490553936659,0.763040451990249,0.999431561618104
"K02076",20.9254549042872,1.040358839091,0.729003920910202,1.42709635606905,0.153552122699025,0.999431561618104
"K02077",101.120714847858,0.00756497369121218,0.302550763762996,0.0250039814711498,0.980051787847903,0.999431561618104
"K02078",9781.85669348451,-0.00303039941927513,0.289840880673087,-0.0104553899099317,0.991657957799273,0.999431561618104
"K02081",64.1192079394042,-0.206063179717307,0.423654202084426,-0.48639475001889,0.62668731212064,0.999431561618104
"K02082",47.5019319024841,0.106699332218584,0.685954000514939,0.155548815428566,0.876388673074206,0.999431561618104
"K02083",94.7277524324723,-0.326483593128882,0.469451590686547,-0.69545742224756,0.48676868534722,0.999431561618104
"K02086",45.8573870667625,0.12559264518381,0.565878308032406,0.221942851318163,0.824358371768473,0.999431561618104
"K02099",1.50549026825264,-3.47093061228868,3.01241882376749,-1.15220718477245,0.249235945982942,0.999431561618104
"K02100",1.00346396390456,3.11846403376313,2.71322498533109,1.14935696472756,0.250408817776012,0.999431561618104
"K02103",117.75937633925,0.00739372847147463,0.522267675664776,0.0141569712543734,0.988704748508406,0.999431561618104
"K02106",23.4405450258721,0.269592744680762,0.621826211966164,0.43354998469481,0.664615261151206,0.999431561618104
"K02107",2.43744987600059,0.0308044028370167,1.7669725176239,0.0174334363040576,0.986090834891296,0.999431561618104
"K02108",7052.88457391938,-0.0421745220027632,0.210084687596959,-0.200750099805816,0.840893983080979,0.999431561618104
"K02109",8611.30387551909,0.171642440338131,0.346317485853506,0.495621640111863,0.620161382011452,0.999431561618104
"K02110",5570.69824439941,0.1014320566547,0.292628293285147,0.346624229379832,0.72887364076054,0.999431561618104
"K02111",30593.2007817691,0.232633949287307,0.385162193378839,0.603989574486849,0.545850573557507,0.999431561618104
"K02112",21347.5066856125,0.142877467507918,0.331854096294171,0.430543028106137,0.66680067390979,0.999431561618104
"K02113",5700.40968183754,0.162306001306633,0.301838348793609,0.537724917842081,0.590766973816943,0.999431561618104
"K02114",2049.01478564,0.126802718323224,0.281622922204251,0.450257093175316,0.652525073257707,0.999431561618104
"K02115",9674.99336846247,0.150176921797346,0.352172994186741,0.426429409058307,0.669794975582304,0.999431561618104
"K02116",1513.99451832285,-0.0421586492795976,0.324458873628951,-0.129935263622378,0.896617644440729,0.999431561618104
"K02117",39.3672165915605,0.116830109375223,0.546276385718244,0.21386629997124,0.830651320919991,0.999431561618104
"K02118",29.4312312378834,0.37004962879595,0.704982870925029,0.524905843897166,0.599648646726238,0.999431561618104
"K02119",37.0439307457352,-0.546925298011982,0.7383073121979,-0.740782718762213,0.458825194926771,0.999431561618104
"K02120",4.00415203062517,-0.682334060077494,1.53120337982024,-0.445619484041106,0.655872133886594,0.999431561618104
"K02121",7.71205209102598,-0.971705387670395,1.46945155041117,-0.661270790043061,0.508438670401519,0.999431561618104
"K02122",5.9892313808597,4.09326041315398,1.20868888203311,3.38652938237406,0.000707826963559945,0.999431561618104
"K02123",31.7599832455725,0.733674966543515,0.770883992184309,0.951732003754078,0.341232914209332,0.999431561618104
"K02124",6.46326163781805,0.171841701631294,0.867427933298831,0.198104874231775,0.842963011327599,0.999431561618104
"K02125",3.79278447988643,-1.12204638239909,1.55096291881901,-0.723451456372332,0.469402567646175,0.999431561618104
"K02126",25.9264824727893,-2.43994377648188,2.18982273512548,-1.11421976644245,NA,NA
"K02128",88.8597483697363,0.0329749050378216,0.795566356059085,0.0414483402756823,0.966938475917107,0.999431561618104
"K02133",477.491592139639,-0.290642917256191,0.227981039511741,-1.27485565413094,0.202360337696743,0.999431561618104
"K02160",465.839359925471,-0.141700012819175,0.353784830869837,-0.400525970745502,0.68876915890594,0.999431561618104
"K02164",1.94722315535919,0.220890694156083,1.80691053815156,0.122247720344833,0.902702834467167,0.999431561618104
"K02167",18.0799587471849,0.233615612149465,0.609558660366226,0.383253700323291,0.701531664912632,0.999431561618104
"K02168",7.74719964166374,0.77421632478603,1.16485623124807,0.664645390578809,0.506277329916348,0.999431561618104
"K02169",10.1929832302215,1.17497801322504,0.817184531879375,1.4378368255733,0.150480357928299,0.999431561618104
"K02170",2.93415111660598,0.422965322604666,1.66300882106443,0.254337389704248,0.799234916460049,0.999431561618104
"K02171",402.747927683922,-0.105655429112856,0.256004796524518,-0.41270878728531,0.67981998597796,0.999431561618104
"K02172",178.315233351841,-0.168942969750564,0.361579858787654,-0.467235565379708,0.640331350792617,0.999431561618104
"K02182",141.247355495518,-0.371800651863312,0.41523677819663,-0.89539431809976,0.370576336919716,0.999431561618104
"K02188",31.1609510676934,0.467686151615146,0.457779628017634,1.02164037670355,0.306951140116361,0.999431561618104
"K02189",24.6165531298543,0.177412222162366,0.615700780403273,0.288146820353491,0.773234354253826,0.999431561618104
"K02191",2.72576972198591,-0.294836224536988,1.60894865951973,-0.183247751749268,0.854603628179739,0.999431561618104
"K02192",98.7812638868917,-0.218882720142222,0.275393676716123,-0.794799367771422,0.426730218826564,0.999431561618104
"K02193",51.2298600666628,-0.264712389139437,0.43653875872441,-0.606389201071037,0.544256337703421,0.999431561618104
"K02194",78.5287523676028,-0.29023810999438,0.324841358998586,-0.893476467679852,0.371602068676119,0.999431561618104
"K02195",402.862675710863,-0.158356435897631,0.222962026089003,-0.710239490891681,0.477555635578984,0.999431561618104
"K02196",8.87637041114628,0.539227780112059,0.754397370374619,0.714779506514304,0.474745300321861,0.999431561618104
"K02197",580.932957747251,-0.171310364875709,0.244562718434161,-0.700476204928295,0.483629960295103,0.999431561618104
"K02198",1089.50037623006,0.110636823267182,0.238423711162669,0.464034481837665,0.642623041132002,0.999431561618104
"K02199",597.087069314884,0.315198597357626,0.231676241015278,1.36051325753701,0.173667560442794,0.999431561618104
"K02200",152.176946469266,0.214983145874072,0.255655133218364,0.840910734581054,0.400397944258655,0.999431561618104
"K02203",0.40108515783551,2.6353783060543,3.7610776917493,0.700697651589476,0.483491721943964,0.999431561618104
"K02204",91.0546310959335,-0.352350549837884,0.336505308605659,-1.04708764119616,0.295059158808816,0.999431561618104
"K02205",351.791091235073,-0.197265578691425,0.434833370281675,-0.453657865686898,0.650075097579125,0.999431561618104
"K02217",27.5669726921823,0.517533110436798,0.597076432401579,0.866778660740569,0.386063296341946,0.999431561618104
"K02221",977.21545185078,-0.0787343288786632,0.191359205407914,-0.411447825103724,0.680744191683437,0.999431561618104
"K02224",71.4073681705136,-0.155969817774733,0.323138935327973,-0.482671076502836,0.629329303170816,0.999431561618104
"K02225",3.30160845130214,-1.41745935090338,1.67598853787323,-0.845745253545764,0.397694872142336,0.999431561618104
"K02226",14.2997594303044,-0.685666931750701,0.668510116929904,-1.02566425606181,0.305049868186394,0.999431561618104
"K02227",58.6838444058729,-0.130454488103237,0.537324152103238,-0.2427854537947,0.808171604672724,0.999431561618104
"K02228",17.9538739311756,-0.323203706431285,0.709276794643587,-0.455680643822127,0.648619642926987,0.999431561618104
"K02229",26.124635584378,-0.103914057569725,0.787767946863288,-0.13190947662124,0.895055892872417,0.999431561618104
"K02230",151.389095562134,-0.273084386905248,0.270671858113436,-1.00891311275811,0.313016305925623,0.999431561618104
"K02231",45.1041385143762,0.270739942748322,0.406101136391746,0.666681076428097,0.504975868798969,0.999431561618104
"K02232",98.1342294606868,-0.118475565908654,0.403117460731205,-0.293898373178263,0.768835561255788,0.999431561618104
"K02233",60.9764132960133,0.10220207574234,0.496609213040823,0.205799798027384,0.836947298974108,0.999431561618104
"K02234",191.462093666852,-0.17790102186832,0.299264568013912,-0.594460690916306,0.552204026302777,0.999431561618104
"K02236",123.472839180266,0.0274923960366052,0.711592266174184,0.0386350405189417,0.969181364844578,0.999431561618104
"K02237",50.2407523144463,0.169999598345683,0.478979038700706,0.354920747277019,0.722648964969311,0.999431561618104
"K02238",179.600364505524,0.102260559725974,0.273577386409438,0.373790250239946,0.708560373765012,0.999431561618104
"K02239",16.7940326565325,1.08927069508761,0.987749585749026,1.10278020948153,0.270122624479364,0.999431561618104
"K02240",0.37769366330054,0.320910492788393,3.81152687121377,0.084194734454594,0.932901604621681,0.999431561618104
"K02241",2.37387041841139,1.45528053545572,2.41568931643277,0.602428683836183,0.546888821419497,0.999431561618104
"K02242",44.1458239492487,-0.112850970956187,0.464944349290863,-0.242719308511456,0.808222848638595,0.999431561618104
"K02243",1.97767149358656,-3.87695294360041,2.11484113225166,-1.83321237915996,0.0667709936535968,0.999431561618104
"K02244",2.65663424068755,-0.866515051145819,2.34413379848375,-0.369652556396868,0.711641386095227,0.999431561618104
"K02245",1.887020928089,1.88291372903629,2.07672469553687,0.90667469457213,0.364578849130379,0.999431561618104
"K02249",3.63881662531374,1.22465311043509,1.66830035845578,0.734072317510415,0.462904664067716,0.999431561618104
"K02250",22.0640983942644,-0.914110508260537,0.596091301452302,-1.53350754495732,0.125150849078382,0.999431561618104
"K02254",11.2659106668039,1.26232218799784,0.989852207511921,1.27526329528606,0.202216064661075,0.999431561618104
"K02256",1401.16185763624,-0.218343792147663,0.457296873272824,-0.47746618205587,0.633030196596879,0.999431561618104
"K02257",2026.27749379974,0.0919002154246579,0.271235224220947,0.338821094083991,0.734744509449686,0.999431561618104
"K02258",148.874818911704,-0.141453162134243,0.247572514779695,-0.571360525461062,0.567755281565127,0.999431561618104
"K02259",633.021955211518,-0.165592080556797,0.253102621936444,-0.654248775812278,0.512951541779217,0.999431561618104
"K02261",262.369030403912,0.0822677665615012,0.221389868683467,0.371596799125094,0.710193072641584,0.999431561618104
"K02262",30.3721745593504,-1.57974771446848,1.08755427967096,-1.45256907539956,0.14634343745391,0.999431561618104
"K02274",5717.49743934677,-0.00849333198805698,0.299118513620857,-0.0283945379550213,0.977347480526947,0.999431561618104
"K02275",4406.21992622929,-0.0038804254134183,0.2742197854103,-0.0141507856831418,0.988709683385859,0.999431561618104
"K02276",1963.54543337903,-0.090549004456339,0.204247848037428,-0.443329050104587,0.657527746461849,0.999431561618104
"K02277",613.219333015394,0.153388090112869,0.47192067075246,0.325029395021619,0.745158824481422,0.999431561618104
"K02278",20.5918124996961,0.715990118236294,0.599802229934269,1.19371033067809,0.232591298014415,0.999431561618104
"K02279",445.534110441731,-0.0963942757767591,0.312282033895486,-0.308676982067499,0.757567254979234,0.999431561618104
"K02280",64.8872679114842,-0.028752597365987,0.509134898431518,-0.0564734365186211,0.954964656332029,0.999431561618104
"K02281",6.89705088893468,-0.16059369206874,1.01448429157541,-0.158300816880418,0.874219764481771,0.999431561618104
"K02282",307.536902920188,-0.0591198006319439,0.370043308981596,-0.159764544303338,0.873066554808128,0.999431561618104
"K02283",1047.64295676281,0.134899815368027,0.221956157899273,0.607776853973326,0.543335482566541,0.999431561618104
"K02291",157.33396804051,0.331284923896556,0.363482850888418,0.911418305119032,0.362075012319798,0.999431561618104
"K02294",39.5197474464657,-0.245772961580107,0.64201445076586,-0.382815310912277,0.701856708245685,0.999431561618104
"K02297",135.550651503379,-0.460077362818275,0.398211962457268,-1.15535796559011,0.247943867731438,0.999431561618104
"K02298",326.919505095063,-0.186837869057922,0.29746803863103,-0.628093928738577,0.529942410068531,0.999431561618104
"K02299",95.9746280872616,-0.137567390901406,0.40516657479164,-0.339532921668456,0.734208300544954,0.999431561618104
"K02300",67.3362003421481,-0.569065987751602,0.55122032256506,-1.03237483172518,0.301896557583017,0.999431561618104
"K02302",161.82203939015,-0.257218456571176,0.326851012738988,-0.786959337882126,0.431305669764794,0.999431561618104
"K02303",111.586209394526,-0.309539274568801,0.316769736743245,-0.977174390935252,0.328482823979428,0.999431561618104
"K02305",0.740013744066136,2.5916453598986,3.61561308303215,0.716792781855181,0.473501966197058,0.999431561618104
"K02313",2852.59267882331,-0.0707421213860366,0.149732945572146,-0.472455284411343,0.636601851539403,0.999431561618104
"K02314",1720.5862768929,-0.0589178340140804,0.224219602528984,-0.262768434827033,0.792729066146794,0.999431561618104
"K02315",87.687532693672,0.545960169977942,0.460420820234243,1.18578514694488,0.235707158636373,0.999431561618104
"K02316",1405.65822329626,0.0964268113899884,0.211047655545033,0.456895913583902,0.647745861326615,0.999431561618104
"K02319",2.3207074275755,1.50271777099608,2.36502933011846,0.635390754718807,0.525173596350832,0.999431561618104
"K02322",0.478248710334622,1.87757238878839,3.76435329029227,0.498776879850884,0.617936577029667,0.999431561618104
"K02323",4.08380554556693,-0.597207147456686,1.36813658566547,-0.436511349607831,0.662465766450176,0.999431561618104
"K02335",1484.6413524506,-0.116154494325399,0.17034669718161,-0.681871126632788,0.49532044416664,0.999431561618104
"K02336",2.52182770633422,-2.07760187962264,2.0641161065539,-1.00653343725477,0.314159035411777,0.999431561618104
"K02337",1241.2677246367,0.00063349925333985,0.167219590548303,0.00378842724864141,0.996977279619024,0.999431561618104
"K02338",2259.17324783092,0.067227166686907,0.158938678553135,0.422975497839137,0.672313137980829,0.999431561618104
"K02339",15.2758510698345,0.308055430132886,0.851325233511291,0.361853987179861,0.717461146000623,0.999431561618104
"K02340",392.537597867211,-0.0665033077201773,0.210879753252702,-0.315361274349011,0.752487366354583,0.999431561618104
"K02341",263.089461715657,0.121807323310412,0.295818079591685,0.411764296078664,0.680512193300774,0.999431561618104
"K02342",375.982394526287,-0.0144731487297005,0.214383875625942,-0.0675104351362382,0.946175354942062,0.999431561618104
"K02343",2478.23777974196,0.148031287933537,0.18890221645582,0.783639761940845,0.433251517675838,0.999431561618104
"K02346",270.011429921219,-0.284843283768864,0.245547757100548,-1.16003211404706,0.246035731343934,0.999431561618104
"K02347",211.451395772048,0.247143996197607,0.321416785693457,0.768920626420905,0.441940431790234,0.999431561618104
"K02348",30.2602371896081,0.230020633464466,0.464553097247517,0.495143902445902,0.62049854564129,0.999431561618104
"K02351",343.30921918532,0.114880630441689,0.27352538044513,0.419999892714652,0.674485532071166,0.999431561618104
"K02352",1.5550669856756,0.868432709009392,1.86866011516512,0.464735508593361,0.642120876522354,0.999431561618104
"K02355",143220.153977959,0.221814831018361,0.382951335234114,0.57922459229123,0.562437639202173,0.999431561618104
"K02356",5031.54458996561,-0.108137561211215,0.201075761582182,-0.537795109466823,0.590718508679236,0.999431561618104
"K02357",12075.5122003472,0.0612208006859667,0.265354716491022,0.230713067759013,0.817537720782457,0.999431561618104
"K02358",155437.322939807,0.20877959247109,0.353634254099991,0.590382832122529,0.554934017735803,0.999431561618104
"K02359",35.8715109453133,0.0630982732446121,0.535339036436892,0.117866004438199,0.906173829969109,0.999431561618104
"K02361",4.05210001723016,1.52626197282471,1.82766793614774,0.835087130784647,0.403668652012983,0.999431561618104
"K02362",2.49196972474693,0.242830391201383,2.02828277905226,0.119722157930487,0.904703247116624,0.999431561618104
"K02371",35.9583119139617,0.356182960424591,0.378480097529776,0.941087689284822,0.34665992374997,0.999431561618104
"K02372",459.741684628671,-0.231392346204364,0.262498881186393,-0.88149840928297,0.378048114615975,0.999431561618104
"K02377",222.025594018334,0.174714814224793,0.341904855769272,0.511004191010074,0.609348122121153,0.999431561618104
"K02379",327.203665312351,-0.181002576393831,0.19833303557422,-0.912619402359199,0.3614427462973,0.999431561618104
"K02380",30.1229591371343,0.340118569887276,0.480849687045181,0.707328254651267,0.47936251087629,0.999431561618104
"K02381",155.196605326946,-0.0581840899494365,0.420122940139266,-0.138493008570656,0.889850794725475,0.999431561618104
"K02385",223.665767018324,-0.211710240810468,0.383741839800605,-0.551699655477949,0.581154146052547,0.999431561618104
"K02386",6.902760564588,0.955834469814179,0.843068005392793,1.133757257659,0.256896384532597,0.999431561618104
"K02387",365.936358565654,-0.188702421746473,0.351763745869759,-0.536446475687521,0.591650018342809,0.999431561618104
"K02388",255.02831358124,-0.0489981187121445,0.337012659546754,-0.145389549395687,0.884403315368541,0.999431561618104
"K02389",569.007382512787,0.0454625137181436,0.332348060604006,0.136791873060792,0.891195307614777,0.999431561618104
"K02390",929.888982591667,-0.0233919163756501,0.355009716894237,-0.0658909186494714,0.947464670739577,0.999431561618104
"K02391",282.578513959147,0.162409772533722,0.30732460501425,0.528463292179913,0.597177818366915,0.999431561618104
"K02392",44.2446259048115,-0.568754469522637,0.445021698702717,-1.27803761295373,0.201236164422839,0.999431561618104
"K02393",20.5671232541813,-0.0406780073120953,0.610288025216671,-0.0666537858049129,0.946857326030996,0.999431561618104
"K02394",27.507643090051,-0.342406971930036,0.554424547488855,-0.617589847853767,0.536845738398249,0.999431561618104
"K02395",77.9740307705653,0.150689203334183,0.334217875213782,0.450871166713614,0.652082405587932,0.999431561618104
"K02396",759.917470133999,-0.0340090114681339,0.402878387847229,-0.084415080317066,0.932726417722265,0.999431561618104
"K02397",512.864921541893,-0.18844229692475,0.330347053235525,-0.570437347871234,0.56838110447937,0.999431561618104
"K02398",150.780226384238,-0.0945336483752025,0.433639580237867,-0.218000507064755,0.827428716346898,0.999431561618104
"K02399",43.7291610028823,-0.399002059614101,0.653542281563356,-0.610522181762499,0.541515954136217,0.999431561618104
"K02400",522.27130320697,0.0472248088675958,0.293725183963122,0.160778889404066,0.87226755272235,0.999431561618104
"K02401",135.976426586108,0.118089405431927,0.334739811619805,0.352779685393537,0.724253614554344,0.999431561618104
"K02402",24.295397093593,-0.359226792404702,0.615382416477458,-0.583745623511589,0.559391467166066,0.999431561618104
"K02403",9.56482513927568,-1.11576682804182,1.04716068440569,-1.06551634783259,0.286642331729307,0.999431561618104
"K02404",35.3529173733276,-0.169044890580286,0.432796012729805,-0.390587911182585,0.696101862708345,0.999431561618104
"K02405",1263.52725843038,-0.0672120067769086,0.294244593382935,-0.228422232008313,0.81931800761803,0.999431561618104
"K02406",18918.6289590433,0.117007930423427,0.339998110343997,0.344142884514984,0.730738833173227,0.999431561618104
"K02407",801.517824652594,-0.287144300830338,0.404063114058043,-0.710642201280195,0.477305984761666,0.999431561618104
"K02408",239.662786933373,0.118489723609271,0.354078620362383,0.334642412151297,0.737894847407317,0.999431561618104
"K02409",778.723247784594,-0.132876687467109,0.387466104098495,-0.342937578439975,0.731645420596929,0.999431561618104
"K02410",498.676811811075,-0.053997742170053,0.360452728869043,-0.149805336026936,0.880918199328523,0.999431561618104
"K02411",86.6260066813149,-0.28532025156488,0.434512667486218,-0.656644265898025,0.511409679005533,0.999431561618104
"K02412",190.965249198725,0.0752797612195183,0.422810423334598,0.17804613383418,0.858686744955948,0.999431561618104
"K02413",116.135950288899,0.0760247655210048,0.417356014435033,0.18215806863097,0.855458678771327,0.999431561618104
"K02414",163.137749271537,0.0875488836197313,0.555794686351644,0.157520188245089,0.874834898584345,0.999431561618104
"K02415",244.095425571412,0.0272558070793472,0.383510763428851,0.0710692102502194,0.943342672848796,0.999431561618104
"K02416",327.634078494412,-0.300292994492676,0.38665156697908,-0.776650142242729,0.437365209690706,0.999431561618104
"K02417",294.856987480882,0.0673918811576546,0.346401101820397,0.194548691685733,0.845746273516151,0.999431561618104
"K02418",207.245987795446,-0.313134245979838,0.337457702020972,-0.927921467207698,0.353448307946733,0.999431561618104
"K02419",339.046425268666,-0.0563914139035434,0.333279582216828,-0.169201526023445,0.865638129504825,0.999431561618104
"K02420",147.579975953671,-0.22806656767999,0.353539570231932,-0.645094882958566,0.518865699699932,0.999431561618104
"K02421",82.4789291387581,-0.14842001053705,0.379016434944317,-0.39159254547591,0.695359296753046,0.999431561618104
"K02422",267.253554501867,0.00557645658833341,0.262784829530156,0.0212206183983443,0.983069666881633,0.999431561618104
"K02423",16.2825522756345,-0.992054240367524,0.715587315263441,-1.38634967278913,0.16564015599972,0.999431561618104
"K02424",347.682588296583,0.0601402821794901,0.43482877087129,0.13830796444077,0.889997031292893,0.999431561618104
"K02426",322.685507364469,-0.0012044037100865,0.238053788604964,-0.00505937635836216,0.995963218938155,0.999431561618104
"K02427",100.489216037869,-0.590460065587028,0.366721207205206,-1.61010613508541,0.10737468797501,0.999431561618104
"K02429",83.5381658186941,0.117338763894052,0.281923990677243,0.416207090472076,0.677258471745618,0.999431561618104
"K02431",167.219247841314,-1.06826533090651,0.392001399380532,-2.72515693207895,0.00642709304734986,0.999431561618104
"K02433",1613.37472800756,0.147134564240944,0.280849377873218,0.523891366095046,0.600354100288177,0.999431561618104
"K02434",1827.14253511002,0.133000407354171,0.291783331068944,0.455819072552658,0.648520087923302,0.999431561618104
"K02435",657.359079371351,0.0358969156630065,0.201093283104534,0.17850877517548,0.85832343028299,0.999431561618104
"K02437",1018.49058710804,0.137781885807011,0.238072543558283,0.578739084094679,0.562765239685271,0.999431561618104
"K02438",3.53603429004991,0.537891286261711,1.87148315561738,0.287414441667398,0.773795004627823,0.999431561618104
"K02440",208.919077325118,0.150006980057464,0.294419666454567,0.509500543438094,0.610401417504143,0.999431561618104
"K02442",0.600869012381334,-2.12906978323398,3.73411097101173,-0.570167785521683,0.568563903235198,0.999431561618104
"K02443",16.00221728367,-0.0999294378196529,0.846930957967667,-0.117990063864767,0.90607553077455,0.999431561618104
"K02444",14.8282808839329,-0.430550326194143,0.592457505219447,-0.72671933835097,0.467397904415909,0.999431561618104
"K02445",1.06241903592098,-1.70992851246827,2.91185026032279,-0.587230921784665,0.557048627598146,0.999431561618104
"K02446",503.384875092058,-0.152461366346935,0.236244772960401,-0.645353395279097,0.518698197764616,0.999431561618104
"K02448",16.1754928973482,-0.0484511421071627,0.685670365719713,-0.0706624415017645,0.943666413422367,0.999431561618104
"K02450",122.74172590803,0.0997295472810935,0.428806437259506,0.23257474378991,0.816091641089347,0.999431561618104
"K02451",5.98329069229112,-1.05985029614795,1.75761955992839,-0.603003243882389,0.54650653122833,0.999431561618104
"K02452",155.252421437659,0.310916747423163,0.665686276518833,0.467061975573665,0.640455537947219,0.999431561618104
"K02453",225.489415707093,0.334403689374378,0.424139767470881,0.788428049009425,0.430446369470399,0.999431561618104
"K02454",171.698891757065,0.548519039794213,0.322868902855937,1.69889089640497,0.0893397426119098,0.999431561618104
"K02455",14.7819863090128,-0.162848796252094,0.721239894558498,-0.225790056097467,0.821364711465593,0.999431561618104
"K02456",329.319264301855,0.61177428832444,0.374249463579952,1.63466978007771,0.10211829082348,0.999431561618104
"K02457",15.7929966242653,0.739771613519349,0.620876048311128,1.19149645977105,0.23345874561607,0.999431561618104
"K02458",40.7577535680765,0.608719330756985,0.50716298948518,1.20024399133481,0.230044594885778,0.999431561618104
"K02459",32.5475139844216,0.615580638212754,0.463591213083237,1.32785225612598,0.18422691983032,0.999431561618104
"K02460",112.960572132093,0.126735693504499,0.316410060556218,0.400542553172013,0.688756947892439,0.999431561618104
"K02461",29.573161719082,-0.127755034024992,0.437593372475266,-0.291949197727424,0.770325466864393,0.999431561618104
"K02462",24.0366946666477,0.603613112376641,0.644912307854637,0.935961533103033,0.349292993550356,0.999431561618104
"K02463",18.0444480904333,-0.887519463218228,0.866806901624704,-1.02389524305206,0.305884757314041,0.999431561618104
"K02466",9.50269748328934,0.555443049176764,1.36296754413104,0.407524780445807,0.683622597624755,0.999431561618104
"K02469",5810.03460876821,0.111843339957507,0.190195865500641,0.588042961202697,0.55650345691527,0.999431561618104
"K02470",4756.93607377781,0.00635029321394361,0.202757430536716,0.0313196571742592,0.97501461393912,0.999431561618104
"K02471",244.567591304331,-0.238588572849928,0.284279142301332,-0.839275688390208,0.401314622608138,0.999431561618104
"K02472",22.0990184019802,-0.57230485123935,0.555031074063955,-1.03112218032932,0.30248352767172,0.999431561618104
"K02473",11.882016484593,0.651728338122123,0.802671867467525,0.811948648678025,0.41682109782092,0.999431561618104
"K02474",65.1152564762867,-0.125567101415818,0.393046554898124,-0.319471319239433,0.749369136731185,0.999431561618104
"K02475",16.7043064018065,-0.782192525367618,1.0334470885505,-0.756877187069837,0.44912344390563,0.999431561618104
"K02476",77.9422971299813,0.234623180450938,0.305960259939761,0.766842009145672,0.44317545605258,0.999431561618104
"K02477",202.642014784679,-0.265578212684814,0.332746406873157,-0.798139986485422,0.424789259134107,0.999431561618104
"K02478",129.529551731567,0.430266786429336,0.290388008536245,1.48169612305334,0.138421169147165,0.999431561618104
"K02479",7.61094090008387,-1.54103986717284,1.13515392725993,-1.35756026576294,0.174603258271205,0.999431561618104
"K02480",14.4062253686574,0.19182158846506,0.863494959451769,0.22214557985011,0.824200556583672,0.999431561618104
"K02481",67.2396564433263,-0.222286129896277,0.418725790058016,-0.530863240751134,0.59551355235053,0.999431561618104
"K02482",204.184002048112,0.227358865270786,0.334845006357548,0.678997329970666,0.497139553724365,0.999431561618104
"K02483",2252.01750912788,-0.15166783146981,0.231225288835989,-0.655930985029022,0.511868530758743,0.999431561618104
"K02484",227.942349969538,-0.314105190440239,0.304593714620322,-1.0312267632698,0.302434492947871,0.999431561618104
"K02486",19.3491542788616,-0.472499406905467,0.542615549728705,-0.870781176731308,0.383873644902397,0.999431561618104
"K02488",31.4834656511139,-0.119388995246148,0.520825196386005,-0.229230452125945,0.818689805274036,0.999431561618104
"K02490",118.515105674162,-0.16736607383167,0.495398568418946,-0.33784125449901,0.735482819227491,0.999431561618104
"K02491",22.5978845998373,1.59440211932499,0.690541241008302,2.30891657824362,0.0209482108571324,0.999431561618104
"K02492",1883.8382290494,0.143533276645289,0.267163710947578,0.537248401499606,0.591096041912056,0.999431561618104
"K02493",389.666736231092,0.0515036141435449,0.224813362014223,0.229094986535037,0.818795090019062,0.999431561618104
"K02494",3.90230304837743,0.134861008822696,1.21847508917913,0.110680152610712,0.911869985189815,0.999431561618104
"K02495",584.389431192853,0.207340049995662,0.290004453397106,0.714954710408357,0.474637028865336,0.999431561618104
"K02496",22.2450860357461,0.237844547325469,0.668852177921989,0.355601065790669,0.722139345369045,0.999431561618104
"K02497",124.399277831851,0.290888429559655,0.495180394281053,0.58743931084346,0.556908698733437,0.999431561618104
"K02498",43.9845216323153,-0.198990101061081,0.504337529652387,-0.394557393335838,0.69316956271852,0.999431561618104
"K02499",78.3335719419771,0.236841906354848,0.712076185810049,0.332607537050855,0.739430553274235,0.999431561618104
"K02500",432.409374631599,0.0813295268924158,0.19897311346336,0.40874631490044,0.682725841111087,0.999431561618104
"K02501",338.708063780345,-0.04403484022412,0.222230259386531,-0.198149614483998,0.842928007583208,0.999431561618104
"K02502",313.174559218001,-0.408976876741201,0.427448869947588,-0.956785490604637,0.338675537156674,0.999431561618104
"K02503",277.880387460861,0.0302174865785967,0.218748451905062,0.138138059105951,0.890131307278185,0.999431561618104
"K02509",49.9389512331454,-0.76188602300847,0.605101785016561,-1.25910390924994,0.207992802620973,0.999431561618104
"K02510",385.283701093798,-0.131857550464097,0.212764359342921,-0.619735142066615,0.535432175220959,0.999431561618104
"K02511",4.76666510875131,1.20655851465521,1.1373607368972,1.06084065988314,0.288762320533089,0.999431561618104
"K02517",48.3620907883118,-0.156401292345242,0.395001419867888,-0.395951215561584,0.692141017522771,0.999431561618104
"K02518",23142.4526409532,0.0679340460357242,0.231391312296282,0.293589441027669,0.769071645233069,0.999431561618104
"K02519",27943.0278447192,0.0743167014006871,0.170909201801192,0.434831481380008,0.663684752145261,0.999431561618104
"K02520",14377.1693476707,-0.0236459896675745,0.171795861972899,-0.137640042059364,0.890524907704626,0.999431561618104
"K02523",210.091988600244,0.330958536187508,0.277595997278072,1.19223093788338,0.233170705629063,0.999431561618104
"K02525",16.3252359806152,-0.12608004658462,0.807541387755585,-0.156128278372253,0.875931908765141,0.999431561618104
"K02526",64.5754756242911,0.23466303071589,0.462740217824123,0.507116134878683,0.612073334547064,0.999431561618104
"K02527",77.3310260658745,-0.199073675721776,0.415751458537384,-0.478828568448366,0.632060591111293,0.999431561618104
"K02528",794.134885676162,0.0759179871468953,0.308872089642259,0.245791023833927,0.805844005895359,0.999431561618104
"K02529",2424.28112100232,-0.0374597464071978,0.24137994098641,-0.155189972514356,0.876671553290958,0.999431561618104
"K02532",1.5719595101436,-0.607024869264019,2.31462467451179,-0.262256285413554,0.793123861948387,0.999431561618104
"K02533",47.6304204862872,0.515510430828675,0.519544356664329,0.992235646901156,0.321082587254072,0.999431561618104
"K02535",219.921472512724,-0.274067762593221,0.257875413288895,-1.0627913654032,0.28787657611972,0.999431561618104
"K02536",277.233570079755,-0.162411004342876,0.267529006313862,-0.607078113063889,0.54379907443684,0.999431561618104
"K02548",441.060507161307,0.119526613121783,0.461527223326113,0.258980634469153,0.795650182333376,0.999431561618104
"K02549",192.661670547927,-0.0768630782693746,0.415499834162281,-0.184989431883514,0.853237324651002,0.999431561618104
"K02551",388.891608314967,0.238460765927221,0.394471061880976,0.604507627987099,0.545506199317349,0.999431561618104
"K02552",374.851761236296,-0.226980675966466,0.249412549905943,-0.91006116593597,0.362790253229539,0.999431561618104
"K02553",21.2646576909424,-0.366639423556646,0.534865794773704,-0.685479286840107,0.49304152685043,0.999431561618104
"K02554",63.4977753526833,-0.561163846935773,0.366514091777844,-1.5310839597292,0.125748643586486,0.999431561618104
"K02556",523.379640131944,-0.0387522608054109,0.258173546369638,-0.150101593870999,0.880684462505869,0.999431561618104
"K02557",376.354398828164,0.013023095317556,0.305908849909342,0.0425718161518227,0.966042862567077,0.999431561618104
"K02558",98.508164542282,-0.211526771505213,0.294271682826941,-0.718814564395616,0.472255182645543,0.999431561618104
"K02560",0.0885755421913926,-0.0603928784247551,3.81694647031143,-0.0158223016472713,0.987376156521306,0.999431561618104
"K02563",244.635085795921,0.0692364374822848,0.324445590455974,0.213399224766718,0.831015585125016,0.999431561618104
"K02564",272.555560743151,0.0401985039579553,0.309870490536058,0.129726789693379,0.896782586555121,0.999431561618104
"K02566",311.537438947722,-0.295644346373982,0.254090750851932,-1.16353840264837,0.244611126556976,0.999431561618104
"K02567",119.916707344361,0.369859106881052,0.352376409615166,1.04961369941018,0.293895755985444,0.999431561618104
"K02568",13.8995091589277,-0.0341632274995254,0.789075721750706,-0.0432952460173635,0.965466180799419,0.999431561618104
"K02569",17.8663512131166,0.389874559056057,0.660874090637226,0.589937727291039,0.555232399541888,0.999431561618104
"K02570",10.2859728662105,0.103117751004654,1.14920665068997,0.0897295111742906,0.928502164002511,0.999431561618104
"K02571",4.31174893509311,-0.214447821036681,1.29544166249428,-0.165540315126022,0.868518720647449,0.999431561618104
"K02572",8.98916735230179,0.527284827944441,0.745556921427497,0.70723617847295,0.47941971928196,0.999431561618104
"K02573",3.68118259669596,-0.390966629577903,1.91747017056444,-0.203897111715075,0.838433902186676,0.999431561618104
"K02574",23.5039346743981,0.129573117577445,0.535304736892148,0.242054868278797,0.808737648296144,0.999431561618104
"K02575",1088.07511824972,0.238506859469332,0.444478116193014,0.536599780237011,0.591544095961326,0.999431561618104
"K02584",30.1667570623042,0.540674156756807,0.532381083931585,1.01557732435566,0.309830707505455,0.999431561618104
"K02586",4.85677853849549,0.761652406674961,1.32530430701973,0.574700016170415,0.56549419652853,0.999431561618104
"K02587",1.06456933565056,-1.79514116531102,3.43898077294439,-0.521998023203268,0.601671706948203,0.999431561618104
"K02588",2.03393761233443,3.35091696924997,1.89855571906427,1.76498215754317,0.0775667644546888,0.999431561618104
"K02591",0.990542180524563,-0.188632292614607,3.47541212407554,-0.0542762371426045,0.956715081653135,0.999431561618104
"K02598",3.1694806589056,1.2738540368604,1.51943731379513,0.838372221936996,0.401821685378285,0.999431561618104
"K02600",8002.4061866829,0.00204654796420836,0.176833726459565,0.0115732898083575,0.990766056878661,0.999431561618104
"K02601",7455.71944196014,-0.101251776796636,0.198652180075789,-0.509693761014887,0.610266024605446,0.999431561618104
"K02609",1293.88919607288,0.142037369025284,0.355155007570103,0.399930638728915,0.689207604858083,0.999431561618104
"K02610",285.549493817418,0.0415345972836748,0.3955161164905,0.105013665820296,0.916364964922886,0.999431561618104
"K02611",320.218823154146,0.204586737032243,0.415164134184994,0.492785190690584,0.622164375793476,0.999431561618104
"K02612",160.640318666859,0.362155195355124,0.376220801941279,0.962613426706929,0.335741556947174,0.999431561618104
"K02613",224.827794762211,0.175198557631456,0.422704186317171,0.414470836349839,0.678529320903707,0.999431561618104
"K02614",98.1366926692501,-0.427229151315742,0.348327932067843,-1.22651418960146,0.2200052388793,0.999431561618104
"K02616",114.673513907858,0.521635943673937,0.311678014440295,1.67363727791541,0.0942019075414965,0.999431561618104
"K02617",9.73103595745713,0.257176697345674,0.841504907415915,0.305615208038905,0.759897639833938,0.999431561618104
"K02618",240.425257515,-0.207645399286587,0.430548332665085,-0.482281276067813,0.629606146546422,0.999431561618104
"K02619",124.112926449253,0.0940308564885213,0.35452472485556,0.265230743855259,0.790831712572107,0.999431561618104
"K02621",233.986461218377,0.19728994419133,0.405546211175284,0.486479564485581,0.626627190818771,0.999431561618104
"K02622",194.319692409849,0.467928159913712,0.509188201257248,0.918968976025644,0.35811179962561,0.999431561618104
"K02623",2.90068366545067,-1.05713783561964,1.60513707673326,-0.658596608939531,0.510154841045932,0.999431561618104
"K02624",186.852249927579,-0.0031952360729557,0.312761101542435,-0.0102162195272937,0.991848777961704,0.999431561618104
"K02625",3.65439524047106,1.36791908222591,1.2780420590251,1.07032399486866,0.284473497462066,0.999431561618104
"K02626",59.3084071303496,0.426890885075743,0.346409659636405,1.2323296224586,0.217825978643553,0.999431561618104
"K02634",2.00307789168563,-3.90436635555131,2.29832037958461,-1.69879116516252,0.0893585388588048,0.999431561618104
"K02635",10.5697498063895,-0.45434614021166,0.823967423266138,-0.551412746890733,0.58135076452778,0.999431561618104
"K02636",52.0217638817833,0.469721260540339,0.413299104395143,1.1365165216793,0.255740454960502,0.999431561618104
"K02637",7.6138242603161,0.62170948684501,1.55804009670658,0.39903304681259,0.689868854390889,0.999431561618104
"K02638",401.989203294667,0.0943946552287376,0.244708229142147,0.385743689779658,0.699686502540787,0.999431561618104
"K02639",1.76891302342642,-3.71605475596187,2.94316175468668,-1.26260636203377,0.206730680369437,0.999431561618104
"K02640",1.78705894048593,-3.73000587532858,2.85724371927352,-1.30545597149023,0.191737630050014,0.999431561618104
"K02647",27.805441777898,-0.389122764973396,0.544194568488401,-0.715043455972474,0.474582191585698,0.999431561618104
"K02650",8115.21231445757,0.154498515341011,0.349175067406904,0.442467202736927,0.65815115834849,0.999431561618104
"K02651",941.535965363567,0.0158117417047603,0.330213586601587,0.0478833771423151,0.961809187312301,0.999431561618104
"K02652",1133.50040044308,0.116510943796456,0.316769472108187,0.367809887174556,0.713014996153145,0.999431561618104
"K02653",1134.60117197611,0.112088881915932,0.250731325712116,0.447047777526731,0.654840563705361,0.999431561618104
"K02654",155.599024180597,0.177613989786847,0.307835914059659,0.576976180084124,0.563955546730334,0.999431561618104
"K02655",38.3039019502556,-0.110192133966261,0.663159070859372,-0.166162447003048,0.868029111515647,0.999431561618104
"K02656",94.6962432559241,-0.095387816446312,0.394706882222334,-0.241667477164943,0.809037832122294,0.999431561618104
"K02657",152.192925009574,-0.161091728727704,0.421166096506552,-0.382489782686481,0.702098106078459,0.999431561618104
"K02658",81.5244587676076,-0.539729696348971,0.455860928446436,-1.18397884676881,0.236421436434476,0.999431561618104
"K02659",34.8953389263066,-0.660210185597778,0.575710041131365,-1.14677552661815,0.251474406388032,0.999431561618104
"K02660",111.719884459581,-0.13011911676776,0.38194227719382,-0.340677438810289,0.733346424941139,0.999431561618104
"K02662",1979.72398544149,0.149316980668649,0.214582199356051,0.69584980076046,0.486522897528434,0.999431561618104
"K02663",213.63203399404,0.291090652444525,0.428954517442926,0.678604935040125,0.49738821508258,0.999431561618104
"K02664",463.746847904639,0.198071614819816,0.286872454717776,0.690451842142455,0.489910084700948,0.999431561618104
"K02665",93.6657898944816,0.48710818345591,0.735124049589658,0.662620388664758,0.507573708784077,0.999431561618104
"K02666",325.753197467893,0.103362129865296,0.577288590401468,0.179047588301398,0.857900335332906,0.999431561618104
"K02667",17.0059266391801,0.193640104523572,0.562923327257898,0.34399019395204,0.730853660691782,0.999431561618104
"K02668",28.121703357659,-0.0715348067249265,0.606428910341386,-0.117960746107332,0.906098760737165,0.999431561618104
"K02669",2601.91344802082,0.19347074968824,0.279964418059434,0.691054781279984,0.489531115541054,0.999431561618104
"K02670",152.111949279247,-0.0857512473572821,0.401082505420211,-0.213799520543638,0.83070339886056,0.999431561618104
"K02671",63.9296617791835,-0.100216627713619,0.920088464290565,-0.108920643615384,0.913265432821045,0.999431561618104
"K02672",77.0715865639093,0.247429783398547,0.695177043228102,0.355923409452059,0.721897924077141,0.999431561618104
"K02673",14.068870647853,0.0864321057354012,0.78238791086478,0.110472189734971,0.912034904229106,0.999431561618104
"K02674",367.296011787438,0.400995243221225,0.551049024541075,0.727694316408929,0.466800730307419,0.999431561618104
"K02676",35.4004714470076,-0.738762007686784,0.686667035916106,-1.07586642294715,0.281987000534128,0.999431561618104
"K02683",0.613695191150572,0.662908793525938,3.7697792808552,0.175848171507684,0.86041322386348,0.999431561618104
"K02686",273.966581304742,-0.00566557860773133,0.249302854981452,-0.0227256868283872,0.981869085998518,0.999431561618104
"K02687",391.647477768328,0.313496410096453,0.400764958462678,0.78224506278946,0.434070566105153,0.999431561618104
"K02688",1.96474414978747,-0.159038071885879,2.42116487840161,-0.065686592972087,0.947627346617808,0.999431561618104
"K02689",18.3432416873446,-1.72296039912275,0.800471053758061,-2.15243310927207,0.0313632583435826,0.999431561618104
"K02690",21.0575425018276,-0.0505984506175188,0.812325282542197,-0.0622884104495299,0.950333157677268,0.999431561618104
"K02691",2.78679701347263,0.39817396030403,1.94489037338319,0.204728228260699,0.837784464547004,0.999431561618104
"K02696",0.0885755421913926,-0.0603928784247551,3.81694647031143,-0.0158223016472713,0.987376156521306,0.999431561618104
"K02697",0.757499354861286,-1.1672866052499,3.73411075928345,-0.312600959237186,0.754583849261603,0.999431561618104
"K02703",741.111331004268,0.472781889402549,0.427606956926063,1.10564592494293,0.268879803825484,0.999431561618104
"K02704",11.8477133604728,0.9023648501119,0.951710245729687,0.948150820232104,0.343052679607352,0.999431561618104
"K02705",16.0646157558368,0.279449924709748,0.723654293855325,0.386164950698981,0.699374509564711,0.999431561618104
"K02706",57.509836394756,-0.126148131371627,0.358163639871546,-0.352208089623137,0.724682210537728,0.999431561618104
"K02710",0.351466926551567,2.46742243921469,3.77684798493891,0.653302025671705,0.513561586766399,0.999431561618104
"K02711",0.113492374146326,-0.060392878424755,3.81694647031143,-0.0158223016472713,0.987376156521306,0.999431561618104
"K02713",1.47885038596622,-3.47065900520019,3.09816710133575,-1.12022976543255,0.262615862834083,0.999431561618104
"K02715",1.48984577491597,-2.35088983535179,2.65425457841739,-0.885706237249297,0.375775846404221,0.999431561618104
"K02724",0.200542578917755,1.62272230958218,3.81694647031143,0.425136250194722,0.670737353439905,0.999431561618104
"K02742",4.53467232129166,0.638504605026162,1.17877069309995,0.541669901333407,0.588045927966073,0.999431561618104
"K02744",4.88496461490774,0.750486341811923,1.84492404008706,0.406784412531429,0.684166336128595,0.999431561618104
"K02759",7.99330178064771,-0.820679886542869,1.50323462551708,-0.54594264435638,0.585105363684131,0.999431561618104
"K02760",13.4745895033353,0.077199466911052,0.591171938923846,0.130587163950278,0.896101897450116,0.999431561618104
"K02761",1.05483850896664,-2.95895380977638,3.28852590927841,-0.899781206353839,0.368236697681281,0.999431561618104
"K02768",98.8921189081974,-0.106661982354602,0.714773757886489,-0.149224815793448,0.881376239050917,0.999431561618104
"K02770",570.762813174632,-0.786862972521812,1.08778708324635,-0.72336120242716,0.469458000785549,0.999431561618104
"K02777",89.4648480394614,-0.115586250417974,0.59146776134202,-0.195422739788408,0.845062016012852,0.999431561618104
"K02779",4.16054269899608,-0.314624565585608,1.62680338614816,-0.193400486048013,0.846645334809568,0.999431561618104
"K02781",66.3551568492005,0.234470041679605,0.626228188121665,0.374416300842165,0.708094617153414,0.999431561618104
"K02782",89.6571324485236,0.0259425726387496,0.409788955623976,0.0633071542868877,0.949521918896092,0.999431561618104
"K02783",68.1703312629582,-0.706882208282966,0.532163198887405,-1.32831847403362,0.184072919241857,0.999431561618104
"K02784",227.046506343615,-0.0472191618167759,0.331679704035464,-0.142363735984663,0.886792705076838,0.999431561618104
"K02793",235.619572734633,-0.158469382837868,0.252724945826263,-0.627042899622615,0.530631114802163,0.999431561618104
"K02798",33.2058537031693,-0.325729461391954,0.498250702524713,-0.653746115643053,0.513275387310139,0.999431561618104
"K02800",311.609681433112,0.935327416609415,0.311348213799833,3.00412006606449,0.00266350191327961,0.999431561618104
"K02803",32.3417993406138,-0.213370611882927,0.539250576323065,-0.395679895861801,0.69234118842189,0.999431561618104
"K02804",544.545838691639,-0.308145299975409,0.493335465441122,-0.624616151810366,0.53222301630041,0.999431561618104
"K02805",21.4484668894427,0.421864650497332,0.57265716104549,0.736679254524891,0.461317425560281,0.999431561618104
"K02806",277.858480033,-0.120666631935972,0.219832649425945,-0.548902231998165,0.583072546355962,0.999431561618104
"K02810",86.4680189120513,-1.8533751779612,1.47824521366449,-1.25376707519775,0.209926679752013,0.999431561618104
"K02823",171.150954873435,0.608329171786927,0.543805763952554,1.1186515703059,0.263288813564012,0.999431561618104
"K02824",69.5262224045788,1.31579150671709,1.61471213318245,0.814876831403865,0.41514281626898,0.999431561618104
"K02825",856.235423337621,0.154174021074212,0.223414404208572,0.690080935561701,0.490143291364288,0.999431561618104
"K02826",267.886006945408,0.753928697796412,1.13999254287489,0.661345289062259,0.508390903620229,0.999431561618104
"K02828",341.614886598003,0.540379849772528,1.01328418889629,0.533295452247345,0.593829075267108,0.999431561618104
"K02829",154.060834139272,0.497109526384259,1.20300100981891,0.413224529594608,0.679442117895002,0.999431561618104
"K02834",1559.66429901291,0.0852143344689118,0.187331154455617,0.454886079768975,0.649191197951907,0.999431561618104
"K02835",2444.75617433904,0.00038787344703789,0.182594455077257,0.00212423453315589,0.998305107337135,0.999472602306461
"K02836",1765.64348382362,-0.0238708762791891,0.159426952024324,-0.149729239479828,0.880978238452598,0.999431561618104
"K02837",1853.22761293578,0.178695319467076,0.313624248667484,0.569775201459424,0.568830177161485,0.999431561618104
"K02838",2176.60207228565,0.0408733498650927,0.164722980280806,0.248133865690234,0.804030833765914,0.999431561618104
"K02839",1.84269999568861,-0.499825724588471,2.10702376806118,-0.237218835480151,0.812487024698215,0.999431561618104
"K02841",22.2537829419702,-0.541001450749491,0.629281451266761,-0.859713010228475,0.38994726126128,0.999431561618104
"K02843",14.1363973288404,0.518487321710191,0.898843414208567,0.576838316345367,0.564048682978712,0.999431561618104
"K02844",3.13111759985528,2.92387219167642,1.62451088269502,1.7998477097462,0.0718846882012177,0.999431561618104
"K02847",61.9961939434911,0.243349475635165,0.412836929878051,0.589456654730595,0.555554980895784,0.999431561618104
"K02849",2.62390757534038,-2.38990637950551,2.05056051116703,-1.16548932181736,0.243820980077469,0.999431561618104
"K02851",786.003875279642,0.152859774189456,0.281365900986396,0.543277538797591,0.586938726765052,0.999431561618104
"K02856",0.35430216876557,-1.43729179354141,3.76803072382159,-0.381443756404322,0.702873997874643,0.999431561618104
"K02858",0.690107674333896,0.935421384683965,3.74245346567459,0.249948701637457,0.802627019770997,0.999431561618104
"K02860",1338.57606215195,0.0851095860250208,0.213406550503204,0.39881430923435,0.690030032711528,0.999431561618104
"K02862",392.196228105046,0.37256856639773,0.51167515968558,0.728134949186647,0.46653098165399,0.999431561618104
"K02863",19849.0382738288,0.0928891656026299,0.224054888624883,0.414582186413021,0.678447790867585,0.999431561618104
"K02864",34257.1736895101,0.174357517261616,0.270578281615685,0.6443884417496,0.519323577672784,0.999431561618104
"K02866",5.13966278995973,-1.3333392999996,1.5042714015586,-0.886368841831409,0.375418803559472,0.999431561618104
"K02867",12325.7530349611,-0.0935470951833166,0.189999913145657,-0.492353357612336,0.622469566093694,0.999431561618104
"K02869",2.7540460806493,1.22404556041726,1.91571474276151,0.638949804527153,0.52285558659718,0.999431561618104
"K02871",27356.3696696292,0.0607939604151279,0.256204544045012,0.237286815664156,0.812434289641533,0.999431561618104
"K02874",14756.3983452833,0.131167183888234,0.305199636863016,0.429775032619405,0.66735929649701,0.999431561618104
"K02876",17192.5332867127,0.265491017197638,0.385493909403094,0.688703532589476,0.491009852689942,0.999431561618104
"K02877",19.6520822211482,0.45076431972305,0.988833344506425,0.455854692024012,0.648494472171881,0.999431561618104
"K02878",13055.8264480079,0.103550937532389,0.247028474814654,0.419186240007692,0.675080027530906,0.999431561618104
"K02879",17402.5372313381,0.110479174667379,0.263014639544981,0.420049525982697,0.674449274087191,0.999431561618104
"K02881",10263.1698849619,0.246710808015801,0.330931210077074,0.745504807353593,0.455966606045312,0.999431561618104
"K02883",8.71835953752,0.861522390394384,0.90184577225566,0.95528794046412,0.339432104350181,0.999431561618104
"K02884",5320.44448388991,-0.05250509919987,0.173895882136002,-0.301934114568662,0.762702289006904,0.999431561618104
"K02885",8.2896436278164,-0.779500862394836,0.823802578520221,-0.946222896989515,0.344034909926079,0.999431561618104
"K02886",26319.7766322613,0.145212734453639,0.271642707307507,0.534572548966884,0.592945469999474,0.999431561618104
"K02887",9261.40810597022,-0.128733602951282,0.164174370470529,-0.784127282366471,0.432965428334694,0.999431561618104
"K02888",19939.4671604141,0.11545370157415,0.342344930799884,0.337243788901427,0.735933129960417,0.999431561618104
"K02889",24.8896534352799,0.785664643081414,0.588871902720652,1.33418599096265,0.182142909528357,0.999431561618104
"K02890",9607.47746822165,-0.136045540681407,0.192608455262721,-0.70633213114055,0.479981616207994,0.999431561618104
"K02892",12600.1235713947,0.184038222362371,0.297578117161005,0.618453480780636,0.536276453468118,0.999431561618104
"K02895",11067.8176999859,0.0824297560693725,0.26110649330802,0.315694010612491,0.75223477323498,0.999431561618104
"K02896",0.588500894757839,2.18070699896412,3.73940709561826,0.583169187842483,0.559779411209346,0.999431561618104
"K02897",8986.13172496893,-0.129233385914418,0.166677114214119,-0.775351712343668,0.438131860127314,0.999431561618104
"K02899",6059.94595907124,-0.117124832977963,0.157013468172183,-0.745954053123152,0.455695171083048,0.999431561618104
"K02902",3874.1282974791,-0.0788965527924936,0.232957063744063,-0.338674224015687,0.734855160544975,0.999431561618104
"K02904",5450.59558293237,-0.0335811755223616,0.172219633299348,-0.194990401959524,0.845400461531868,0.999431561618104
"K02906",25361.9529983678,0.182053792620667,0.255772140980947,0.711781165542296,0.476600297492574,0.999431561618104
"K02907",6882.07265082764,0.0944892841596329,0.250828911292256,0.376708106225991,0.706390538033525,0.999431561618104
"K02908",8.49294988713599,-1.23409853974004,1.08435057259885,-1.13809921894751,0.255079054243672,0.999431561618104
"K02909",13036.4825272544,0.0209634595037172,0.211877959220898,0.098941199834105,0.921184956637359,0.999431561618104
"K02910",4.84671063482496,1.93654164346124,1.29497099388657,1.49543244798799,0.134801617481538,0.999431561618104
"K02911",3317.51626216674,-0.0881381403433922,0.173099000676986,-0.509177638222555,0.610627715867228,0.999431561618104
"K02912",7.3774213711712,-1.64904939003484,1.20792544666956,-1.36519136556112,0.17219291146923,0.999431561618104
"K02913",4166.1783975509,-0.123801693818471,0.238542844539478,-0.518991437607269,0.603766712224654,0.999431561618104
"K02914",1480.72488458655,-0.098421886395437,0.182250496920009,-0.540036312979903,0.589171989938619,0.999431561618104
"K02916",6088.64918456726,-0.125290382571106,0.170937380382553,-0.732960703450057,0.463582397291011,0.999431561618104
"K02919",8869.95685301931,0.0805929813685877,0.181585325417263,0.443829814900483,0.657165630750967,0.999431561618104
"K02921",1.31057096688308,1.04293394859545,2.65363606452772,0.393020716946377,0.694304180173177,0.999431561618104
"K02926",15132.7386826826,0.131962819464948,0.223991177926928,0.589142932709599,0.55576539527727,0.999431561618104
"K02929",6.46193810001486,0.332987764920819,1.05528170757378,0.315543956207103,0.752348682123586,0.999431561618104
"K02930",2.94931004090401,2.09596381271385,1.58046703447199,1.32616737141504,0.184784264382385,0.999431561618104
"K02931",22557.7893195337,0.13336854921354,0.2948743350985,0.452289444481459,0.651060479170679,0.999431561618104
"K02933",18569.8683323692,0.145315808250682,0.3032616316305,0.479176371469693,0.631813162215945,0.999431561618104
"K02935",24968.2999638731,0.133217754804713,0.293047113624308,0.45459500746184,0.649400627181904,0.999431561618104
"K02936",4.31412597417563,-0.492474296667548,1.39841752717713,-0.352165420624886,0.724714208221316,0.999431561618104
"K02939",7099.74191057468,-0.0441519883757092,0.19461892568325,-0.22686379662566,0.820529654190856,0.999431561618104
"K02945",43052.892020687,0.00555055793901801,0.16990139263036,0.0326692904224387,0.973938313505803,0.999431561618104
"K02946",16482.5218280002,-0.0833056348286733,0.173323594106631,-0.480636437630196,0.630774913620694,0.999431561618104
"K02948",25442.1225597986,0.167601529682915,0.281981202765061,0.59437128446663,0.552263810196416,0.999431561618104
"K02950",15689.4345108575,-0.00533329933757358,0.165705656152568,-0.0321853789508736,0.974324216046208,0.999431561618104
"K02952",24076.9301863615,0.162998269192383,0.335175782654987,0.486306820562167,0.626749644122586,0.999431561618104
"K02954",9804.63267146777,0.169075345683943,0.324928316883887,0.520346602307245,0.602822020249564,0.999431561618104
"K02956",22116.5670948971,0.00465506046752125,0.303616834043829,0.0153320236085765,0.987767294337682,0.999431561618104
"K02959",12053.633732029,0.104759612537318,0.274035448051437,0.382284895192298,0.702250057310418,0.999431561618104
"K02961",7567.78190176953,-0.10721441804799,0.178704145640632,-0.599954845275914,0.548536329237802,0.999431561618104
"K02962",3.65210833771763,3.02854064147719,1.75531325318297,1.72535622116761,0.0844632957851005,0.999431561618104
"K02963",6633.92657313187,-0.00316701938017725,0.173984064552988,-0.0182029278848852,0.985476966909904,0.999431561618104
"K02965",9364.24247692415,-0.0998142189743053,0.179990390432608,-0.554553044384209,0.57920041401242,0.999431561618104
"K02966",12.9888314018036,1.38377695347189,0.773461064877539,1.78907124910157,0.0736033417498649,0.999431561618104
"K02967",30474.7006534454,0.0116570820831341,0.227991101266457,0.0511295485586094,0.959222290434802,0.999431561618104
"K02968",5736.56636432753,-0.197525925161469,0.206171019060237,-0.958068335995163,0.338028300925481,0.999431561618104
"K02970",4862.59159778944,0.34471001122493,0.40263565022895,0.856133854587685,0.391923744486466,0.999431561618104
"K02974",10.2822407477789,0.280471738288006,0.88658008867358,0.316352399372765,0.751735042773517,0.999431561618104
"K02975",17.2927479131314,1.589388410708,0.997571987137819,1.59325685885406,0.111102580463113,0.999431561618104
"K02976",57.3785437409683,0.121609003671058,0.488792860603003,0.248794557925896,0.803519700921817,0.999431561618104
"K02978",7.86850565761603,-1.27766381600002,1.01689974580031,-1.25643046060011,0.208959943548855,0.999431561618104
"K02979",1.48078763377246,-1.19785984154636,1.81911338410392,-0.658485530376338,0.510226191820826,0.999431561618104
"K02980",2.95148951737498,0.444205780257552,1.39684300543175,0.318006947473851,0.750479666944643,0.999431561618104
"K02982",19472.2884610691,0.0416525030524541,0.217798145575795,0.191243607434475,0.848334740265951,0.999431561618104
"K02984",19.794668675842,0.829098008102527,0.88269151524889,0.939283989683245,0.347584956455322,0.999431561618104
"K02986",45473.9695629267,0.265013031453748,0.382406481258694,0.69301396404542,0.488300788270734,0.999431561618104
"K02987",1.25370909170329,-2.02423662457813,2.31526652042986,-0.874299613766412,0.38195510962133,0.999431561618104
"K02988",15514.1780508033,0.0843095417229027,0.27171628684996,0.3102851974768,0.75634408675192,0.999431561618104
"K02990",12868.2458337621,-0.0890973288788412,0.211487976197015,-0.421287916604022,0.673544852655001,0.999431561618104
"K02991",3.07311138663345,-1.08129486459458,1.82233324997823,-0.593357370068015,0.552942012048862,0.999431561618104
"K02992",14738.1651187803,0.0032533070815183,0.188908838022485,0.0172215716086882,0.986259853085276,0.999431561618104
"K02994",18895.6096402642,0.220604501164431,0.342154915631738,0.644750348704235,0.519088982598697,0.999431561618104
"K02995",7.54783179647343,1.67764870025127,1.20379282066732,1.39363574150681,0.163427629719028,0.999431561618104
"K02996",11202.1258207802,0.102195623587014,0.256960361310218,0.397709682014485,0.69084419970402,0.999431561618104
"K03014",0.177151084382785,-0.640874455684684,3.81152694885504,-0.168141131962139,0.866472251331796,0.999431561618104
"K03040",41894.9652843191,0.0863105767208102,0.16505449943309,0.522921683548522,0.601028754425298,0.999431561618104
"K03041",55.54563038975,0.226347211159773,0.47640538182111,0.475114723294135,0.634705204790234,0.999431561618104
"K03042",13.3016085324146,0.849738865805593,0.795106808456067,1.06871033774143,0.285200211872984,0.999431561618104
"K03043",103644.640930407,0.102575570864107,0.15019788226231,0.682936199359765,0.494647158567723,0.999431561618104
"K03046",84754.714418964,0.152859199445646,0.159126280998346,0.960615672575385,0.336745445467088,0.999431561618104
"K03047",11.2904940460438,0.690374878532982,1.29457435965702,0.533283293758333,0.593837490449312,0.999431561618104
"K03048",516.743718530666,0.337497960120113,0.563937561107885,0.598466893138099,0.549528443024232,0.999431561618104
"K03049",6.2915096756854,-0.539483425906672,0.847477474337746,-0.636575534150034,0.524401365731761,0.999431561618104
"K03051",10.5462964516241,1.19778265907957,0.889858185140078,1.34603769351295,0.178290360698681,0.999431561618104
"K03053",6.30297736109431,-2.26946135977734,1.54072793677695,-1.47297995032453,0.140756442116421,0.999431561618104
"K03057",2.0102951747554,0.19997059353703,2.16191857693021,0.0924968200333314,0.926303317637315,0.999431561618104
"K03058",3.80532815128113,2.06737149807083,1.58584608943138,1.30363943376883,0.192356548801927,0.999431561618104
"K03059",1.09769387110864,0.057305554338681,2.77117779697679,0.0206791330390992,0.983501614883593,0.999431561618104
"K03060",5539.70667777362,-0.152335761761039,0.179856825229052,-0.846983491268876,0.397004323261731,0.999431561618104
"K03070",16075.5881254099,0.00897622962177012,0.160313357912398,0.0559917759733728,0.955348358707306,0.999431561618104
"K03071",438.882074795072,-0.270182277059691,0.278634124869843,-0.96966686038869,0.332212574163419,0.999431561618104
"K03072",6093.52706979935,-0.0652539751789997,0.173425552946335,-0.376265054776513,0.70671985590854,0.999431561618104
"K03073",3189.34236991675,-0.124165346363387,0.182687040904567,-0.679661489663351,0.496718825517617,0.999431561618104
"K03074",1885.11571791798,-0.0773852356374081,0.229041386835457,-0.337865731196438,0.735464373040249,0.999431561618104
"K03075",1631.71150468226,0.027136045205291,0.176525950802309,0.153722696759077,0.877828388066569,0.999431561618104
"K03076",32944.3289805138,0.323319774645832,0.385844075908234,0.837954486886374,0.402056265481765,0.999431561618104
"K03077",394.944786639695,0.232504921894369,0.396730976002882,0.586051848627721,0.557840672829559,0.999431561618104
"K03079",25.6085854230397,0.682874742731612,0.609596454924847,1.1202078640956,0.262625193545233,0.999431561618104
"K03086",13288.9251195437,-0.0320436773127979,0.154913014184273,-0.206849485703513,0.836127407795794,0.999431561618104
"K03087",1433.54874190124,0.0536856866643804,0.326943556403558,0.164204755263976,0.869569957761912,0.999431561618104
"K03088",17680.6957539914,-0.0414810653369444,0.162966965797135,-0.25453664878673,0.799080994542119,0.999431561618104
"K03089",4294.32434427017,0.0229096594535556,0.204369067588825,0.112099446965468,0.910744555920562,0.999431561618104
"K03090",1602.20392518426,-0.0885395055755328,0.196669912232972,-0.45019344631959,0.652570961419685,0.999431561618104
"K03091",45.0021104345598,-0.783081060629665,0.589701470291963,-1.32792794334048,0.184201912428887,0.999431561618104
"K03092",1443.34384154651,-0.113871954330205,0.251238135614356,-0.453243111567246,0.65037369188954,0.999431561618104
"K03095",31.2033307164967,0.688871572167668,0.691097936819542,0.996778510637553,0.318872031259349,0.999431561618104
"K03098",4.60750843638932,-1.24340503575229,1.62175126224164,-0.766705144433561,0.443256844287067,0.999431561618104
"K03100",2414.33728694509,-0.00656837716738775,0.15423088087299,-0.0425879508060181,0.966030000640522,0.999431561618104
"K03101",591.620464922465,0.0296152330823951,0.190957593685117,0.155088009389298,0.876751934933422,0.999431561618104
"K03105",0.990542180524563,-0.188632292614607,3.47541212407554,-0.0542762371426045,0.956715081653135,0.999431561618104
"K03106",4785.65874845319,0.101125556302536,0.223203124733484,0.453065146033617,0.65050183199181,0.999431561618104
"K03110",651.97810559917,0.20113880718869,0.184156258228927,1.0922181473662,0.274737227799918,0.999431561618104
"K03111",11681.9458469939,0.237347202788063,0.360481784132378,0.658416633615259,0.510270449942773,0.999431561618104
"K03113",21.3953908855771,0.790041073473827,0.65053988883467,1.2144390944098,0.224580094260688,0.999431561618104
"K03116",2570.82281740817,0.00762775946704694,0.19209378160157,0.0397085184301697,0.968325510309571,0.999431561618104
"K03117",577.318809416843,-0.186683936214802,0.205764171052286,-0.907271344958128,0.364263323492688,0.999431561618104
"K03118",1821.28668860784,0.163188741669743,0.211282800904097,0.772371158331132,0.439894631002256,0.999431561618104
"K03119",15.0714383571947,0.0744709319665961,0.706803160730036,0.10536304321231,0.916087740037391,0.999431561618104
"K03120",17.9652215877547,0.175318323932334,0.943939293221343,0.18573050745036,0.852656103068303,0.999431561618104
"K03124",1250.20842623227,0.609017811694279,0.324033451079919,1.8794905577328,0.0601775416041769,0.999431561618104
"K03136",18.7528456873117,0.773911104631064,0.530333876415327,1.45929034340054,0.144485212097102,0.999431561618104
"K03147",798.369813115211,-0.195508444513324,0.265460192407309,-0.736488747108817,0.461433313278375,0.999431561618104
"K03149",611.162989859413,0.0540133151686732,0.206674106202215,0.261345342971147,0.793826202565972,0.999431561618104
"K03150",3.79801004744776,0.17615601526031,1.20980018970242,0.145607528218061,0.884231224671535,0.999431561618104
"K03151",67.9773669554293,-0.351724299032435,0.387637584712069,-0.907353447921442,0.364219918483014,0.999431561618104
"K03153",233.267129094277,0.00165519669476355,0.271807785028219,0.0060895853096765,0.995141243929317,0.999431561618104
"K03154",104.722604240358,0.191297212523704,0.351485932591147,0.544252827171389,0.586267503693874,0.999431561618104
"K03163",11.8398899488168,1.52147033912704,0.878296967473312,1.73229601771711,0.0832208706531902,0.999431561618104
"K03166",53.5876350153359,-0.212544122426565,0.429424366888083,-0.494951238949975,0.620634540586885,0.999431561618104
"K03167",30.9993449452714,0.888824323071407,0.743621116044644,1.19526504007727,0.231983494172992,0.999431561618104
"K03168",5916.67796037125,-0.0118195126331612,0.159055452787265,-0.0743106408867963,0.940763210239959,0.999431561618104
"K03169",1001.62941346421,-0.000150352044367656,0.164122268518685,-0.000916097771037934,0.999269059834541,0.999598416808778
"K03177",1125.29476738263,0.0654961791272354,0.1869984603046,0.350249831044326,0.726151212472277,0.999431561618104
"K03179",98.2922666604637,-0.023081213093142,0.396462808836675,-0.058217851911175,0.953575101070161,0.999431561618104
"K03181",1.67516917471582,-1.66437337858793,3.10024573776727,-0.536852081856769,0.591369792718269,0.999431561618104
"K03182",110.059190217737,0.173589512651098,0.30017710618587,0.578290312864868,0.563068133488914,0.999431561618104
"K03183",611.91154892818,0.137947374358057,0.292031205488146,0.472372033418382,0.636661262656823,0.999431561618104
"K03185",21.4553363715245,0.864713309427742,0.606415862979198,1.42594111107117,0.153885341247399,0.999431561618104
"K03186",233.955728952722,0.114640233260278,0.317525187178249,0.361042959391825,0.718067332953478,0.999431561618104
"K03187",49.1435617750309,-0.304739875943029,0.481940207610033,-0.632318846054058,0.527178551200159,0.999431561618104
"K03188",26.2437946733139,-0.013633341016063,0.468050938871316,-0.0291279001574896,0.976762584126667,0.999431561618104
"K03189",96.9483575950567,0.352637826635489,0.321698516325345,1.09617486167967,0.273002258458106,0.999431561618104
"K03190",54.6635994183441,0.463984503237509,0.395695876708071,1.17257856487552,0.240964849374664,0.999431561618104
"K03192",11.0142120117745,0.227459373120444,0.806298341638689,0.282103238186208,0.777864350319037,0.999431561618104
"K03194",2.47624015308484,-0.258451507103418,1.95086981661414,-0.132480140346821,0.894604530269271,0.999431561618104
"K03195",14.3278129410168,0.338584349861647,0.715436208113601,0.473255820745216,0.636030677271854,0.999431561618104
"K03196",11.2034261676792,-0.173357285048749,0.909064379869382,-0.190698578546942,0.8487617524104,0.999431561618104
"K03197",14.2764965411425,0.515821042083351,0.776003107036953,0.664715176274143,0.50623268511995,0.999431561618104
"K03198",14.5346691314066,0.0829229734901571,1.03883197734713,0.0798232777757942,0.936377810407681,0.999431561618104
"K03199",44.2596464229688,0.250404964623316,0.569391787805304,0.439776213823685,0.660099196861142,0.999431561618104
"K03200",1.42340966274056,-3.41328168215815,2.52937382453644,-1.34945718542956,0.177190163492081,0.999431561618104
"K03201",12.2662395284468,-0.579557725828555,0.65362134780482,-0.886687265914726,0.375247296103457,0.999431561618104
"K03203",0.300434506190667,-1.00252203301266,3.79535279319863,-0.264144623079363,0.791668480296891,0.999431561618104
"K03204",23.8267560751222,-0.191707076246475,0.560957973323301,-0.341749445347462,0.732539457970997,0.999431561618104
"K03205",51.0700272423787,-0.25715473103737,0.377300956823766,-0.681563951499558,0.495514715789024,0.999431561618104
"K03208",45.066029401059,-0.3878960490143,0.359144533503937,-1.0800555565467,0.280117441200738,0.999431561618104
"K03210",2274.6513065665,0.162062106935035,0.239140329726608,0.677686223483545,0.497970663205144,0.999431561618104
"K03212",5.38098879648336,-1.74388280524533,1.3353199653089,-1.30596624820322,0.191564035734512,0.999431561618104
"K03214",0.779346336286459,3.60401889511665,3.69791107403559,0.974609400540161,0.329754048813815,0.999431561618104
"K03215",627.60769611161,0.288790860941937,0.33745161164069,0.855799323458067,0.392108789513293,0.999431561618104
"K03216",167.802584210103,0.218074151684383,0.485106803191352,0.449538432051968,0.653043290510767,0.999431561618104
"K03217",5991.4436250821,0.0650856038610395,0.211142663566686,0.308254157457303,0.757888945702332,0.999431561618104
"K03218",601.258328384569,0.0832898251155838,0.282429380501027,0.294904959844576,0.76806648295479,0.999431561618104
"K03220",0.401836227151297,1.60506098154785,3.79152066238843,0.423329087315788,0.672055174950478,0.999431561618104
"K03222",0.861876457003227,-2.67434884837247,3.54822025472095,-0.75371556904175,0.451020031161278,0.999431561618104
"K03223",1.40284843512916,-3.38211711466221,3.04293543181906,-1.11146529081637,0.266368122193265,0.999431561618104
"K03224",2.67345819828952,0.234991527091771,1.68167682356633,0.139736436750924,0.888868236468509,0.999431561618104
"K03225",1.79301310703578,0.0391517086641769,2.1580598702087,0.0181420864196834,0.985525503360637,0.999431561618104
"K03226",0.674982048189684,-0.854544361737611,3.74750264176699,-0.228030356059918,0.819622641403612,0.999431561618104
"K03228",0.974182920358074,3.92703362535332,3.68452324152578,1.06581866036136,0.286505623850339,0.999431561618104
"K03229",1.8059247744433,-3.73349140689536,2.89738894867649,-1.28857101101348,0.197547266911268,0.999431561618104
"K03231",53.0824527457409,0.134077898422496,0.459413074325776,0.291846066025147,0.770404322072932,0.999431561618104
"K03236",21.4175528668371,0.640446401300308,0.666043505677765,0.96156841984157,0.336266441272575,0.999431561618104
"K03237",0.590259721838293,1.08191264374555,2.8379429285455,0.381231290052774,0.703031633014721,0.999431561618104
"K03238",51.8348488758345,0.264289983225538,0.418684338772933,0.631239238611386,0.527884109224808,0.999431561618104
"K03242",15.0582100587923,1.09554035598838,0.761339545155188,1.43896420849263,0.150160663731044,0.999431561618104
"K03243",19.6741127407901,-0.310780437081263,0.607794927612182,-0.511324499370558,0.609123852653686,0.999431561618104
"K03263",1.95075702775249,3.16425370288102,1.96836183329895,1.60755692848289,0.107932251856312,0.999431561618104
"K03264",12.5660815041249,1.34749441832479,0.729794488456433,1.8464025689956,0.0648337744900725,0.999431561618104
"K03265",18.4143125266673,-0.394101663777687,0.71765733829562,-0.549150190136211,0.582902383885533,0.999431561618104
"K03269",46.423615779879,-0.0517664161458567,0.468043476516516,-0.110601725572881,0.911932179074416,0.999431561618104
"K03270",28.4814965611388,-0.0681995418720892,0.545377168323936,-0.125050232817192,0.900483782380313,0.999431561618104
"K03271",251.154143525065,-0.0706225019966019,0.224430810609757,-0.314673826667236,0.753009318719339,0.999431561618104
"K03272",63.4379425800113,-0.0738816979445865,0.470465544343548,-0.157039551212354,0.875213677437854,0.999431561618104
"K03273",125.477424707799,-0.241788300454559,0.282286075575862,-0.856536405351599,0.391701144822651,0.999431561618104
"K03274",28.4988744210486,0.323601329212626,0.631351864100472,0.512553058940726,0.608263996058898,0.999431561618104
"K03281",100.517044856608,0.537353688639333,0.471659517072457,1.13928304039031,0.254585119744364,0.999431561618104
"K03282",194.211832634676,-0.035834262251346,0.278373782203814,-0.128727145091234,0.897573555431508,0.999431561618104
"K03284",1052.08221999024,-0.0126545844146762,0.192844425667699,-0.0656206907244602,0.947679815800158,0.999431561618104
"K03285",64.8950839203444,-0.849744254382398,0.735878761685177,-1.15473403857514,0.248199355980754,0.999431561618104
"K03286",2044.97632424798,-0.0832032624525576,0.236998163101465,-0.351071338966185,0.725534829314004,0.999431561618104
"K03288",7.3912618507991,0.254272629876293,1.44554265676442,0.175901159807649,0.860371594164428,0.999431561618104
"K03291",8.36400160564446,0.758102060937196,0.888702045724767,0.85304412720119,0.393634833864733,0.999431561618104
"K03292",174.278891234448,-0.384269583417842,0.505891324170729,-0.759589194473234,0.447500180077387,0.999431561618104
"K03293",459.279452825714,-0.034629164650056,0.509177934084803,-0.0680099476665235,0.945777715528452,0.999431561618104
"K03294",1142.52727268679,0.0297241211377634,0.308167341333472,0.0964544815461107,0.923159623767997,0.999431561618104
"K03296",467.476999297642,-0.116950929657454,0.31428332257726,-0.372119426186554,0.709803933276802,0.999431561618104
"K03297",32.6662096230869,0.00697898808138535,0.536869096383951,0.0129994222584088,0.989628253793034,0.999431561618104
"K03298",61.2550462058196,0.342008401894367,0.347649141040551,0.983774620787783,0.325226340508066,0.999431561618104
"K03299",1886.41630461524,0.156367945717001,0.583218585667547,0.268112075917511,0.788613050787407,0.999431561618104
"K03300",548.852292680554,-0.640535433386536,0.674137756332718,-0.950155109055192,0.342033444703313,0.999431561618104
"K03301",41.9857687951098,-0.0198319050872731,0.553812723246993,-0.0358097679139603,0.971434044394723,0.999431561618104
"K03303",498.53260178072,-0.299081051053538,0.199880598422347,-1.4962985573096,0.134575870905969,0.999431561618104
"K03304",1.76649771287453,-3.70480371552492,2.36247547375363,-1.56818716498188,0.116837458897301,0.999431561618104
"K03305",1464.97467346683,0.267476666329047,0.507415529708222,0.527135356859994,0.598099595206566,0.999431561618104
"K03306",792.04219295105,-0.00641940062862021,0.206530785212583,-0.0310820521115663,0.975204103094101,0.999431561618104
"K03307",616.71067225728,-0.237850953809263,0.205212135783307,-1.15904916101269,0.246436146843679,0.999431561618104
"K03308",3.52028972394571,0.470049885583374,1.14249675737585,0.411423387023881,0.680762107995448,0.999431561618104
"K03309",3.55085866227752,-2.5994707367388,2.03505737274585,-1.27734518522758,0.201480407725466,0.999431561618104
"K03310",22.5647222060787,-0.142629292140153,0.704103977723828,-0.202568507851971,0.839472306741404,0.999431561618104
"K03311",166.932237011733,0.45345650535315,0.70941961530949,0.639193638810404,0.522696969811413,0.999431561618104
"K03312",3.95474360659463,-0.849258267739787,1.61383159608625,-0.526237229336286,0.598723390004114,0.999431561618104
"K03313",301.691057721009,0.218788898795699,0.225908021417561,0.968486631961138,0.332801392114918,0.999431561618104
"K03315",39.0574845916593,-0.0389060623767829,0.727796639433915,-0.0534573262210227,0.957367530745957,0.999431561618104
"K03316",37.0632902372309,-0.516049914341899,0.500728885699688,-1.03059745319226,0.302729630895237,0.999431561618104
"K03317",7.71601784398173,-0.552364357987095,0.890526112271833,-0.620267446821915,0.53508172312939,0.999431561618104
"K03319",0.419044373508649,-1.60889265739274,3.75808505120846,-0.428115020141807,0.668567381851613,0.999431561618104
"K03320",2265.74897755366,0.0007722216683181,0.256035387598157,0.00301607397150151,0.997593524792398,0.999431561618104
"K03321",287.720456710135,-0.121305404137675,0.250276524683924,-0.484685506524725,0.627899448999709,0.999431561618104
"K03322",662.803226945105,0.15065098947514,0.301378147535236,0.499873632866916,0.617164059234804,0.999431561618104
"K03324",45.5237900673533,-0.0265784487551365,0.464928768723564,-0.0571667114257226,0.9544123952115,0.999431561618104
"K03325",44.882521890926,0.00751236693958481,0.43882843843658,0.0171191433407307,0.986341566972454,0.999431561618104
"K03328",33.4375377258078,0.777105161967967,0.759640278383024,1.02299099202865,0.306312104918559,0.999431561618104
"K03330",9.71197845351608,0.828199480429004,0.933656377055888,0.887049562110396,0.375052217425937,0.999431561618104
"K03331",50.1249148899231,0.223095607985008,0.597540217805424,0.373356640000514,0.708883026346724,0.999431561618104
"K03332",403.148136454221,-0.314163951739033,0.422843302884124,-0.742979608749121,0.457494026005665,0.999431561618104
"K03333",136.166227748476,-0.0502316254386421,0.341935887680284,-0.146903636758975,0.88320808135013,0.999431561618104
"K03335",1295.21995943047,0.044078005344872,0.298852993591327,0.147490593335489,0.882744803964471,0.999431561618104
"K03336",1124.48543221465,-0.137689857561719,0.309286327505466,-0.445185723766873,0.656185542846622,0.999431561618104
"K03337",419.695573395294,-0.10219159885737,0.19585608944812,-0.521768810688112,0.601831307969217,0.999431561618104
"K03338",706.049851768093,-0.300293917109352,0.220775556201623,-1.3601773777669,0.173773799544313,0.999431561618104
"K03342",17.3547305729309,0.267917807919454,0.728442827833058,0.36779524443455,0.71302591525734,0.999431561618104
"K03343",10.3762882718589,0.10187421681079,0.892165537745714,0.114187572261759,0.909089103367942,0.999431561618104
"K03346",79.9847200854401,-0.223270544279148,0.547942940562419,-0.407470427577694,0.683662509698647,0.999431561618104
"K03365",18.5394670334332,0.10822982719064,0.646827990548041,0.167323969853159,0.867115144786999,0.999431561618104
"K03366",79.011060831027,0.384005111006867,0.518230159165644,0.740993367937365,0.458697461540377,0.999431561618104
"K03367",76.5729093534086,0.0775783744852588,0.476077073532732,0.16295339304955,0.870555131033134,0.999431561618104
"K03379",541.561676319941,0.300652327327177,0.413566441207538,0.726974670501136,0.467241472541268,0.999431561618104
"K03380",135.742378674035,-0.143291987804864,0.295794852242465,-0.484430295924848,0.628080521870561,0.999431561618104
"K03381",37.6764151209112,-1.15937017554447,0.658307100048439,-1.76113879898782,0.0782149135188016,0.999431561618104
"K03383",0.265726626574178,-1.0540970895143,3.79244622906865,-0.277946482519587,0.781053441260415,0.999431561618104
"K03385",35.0381275169244,-0.580398338523912,0.599802747011474,-0.96764868353097,0.333219854794756,0.999431561618104
"K03386",1677.846526283,0.0883175072383993,0.468255301547213,0.18860973265349,0.850398704174778,0.999431561618104
"K03387",192.252606765398,0.200262637510685,0.338280771206664,0.592001244399256,0.553849755101897,0.999431561618104
"K03389",1.03295680811939,-0.750141819320637,2.80250999547981,-0.267667847940077,0.7889550006129,0.999431561618104
"K03390",1.3449399539009,0.0827943509414403,2.64679482213029,0.0312809856847169,0.975045454212602,0.999431561618104
"K03392",222.599246809851,-0.514012500810864,0.438842458257031,-1.1712916358467,0.241481572295735,0.999431561618104
"K03394",39.2922032672255,0.481327371987393,0.476735654784461,1.0096315791715,0.312671834110734,0.999431561618104
"K03395",1.96801025725332,-1.7860328628787,2.18418327485762,-0.817711994885195,0.413521659657783,0.999431561618104
"K03396",20.7972382378114,0.516431973755426,0.626843901506029,0.823860569616565,0.410018787050709,0.999431561618104
"K03399",2.55338860493504,1.18760405294854,2.39253837829433,0.496378266581953,0.619627555794445,0.999431561618104
"K03402",244.802603848326,0.138157751297228,0.312138473848328,0.442616860375759,0.658042887364086,0.999431561618104
"K03403",0.779346336286459,3.60401889511665,3.69791107403559,0.974609400540161,0.329754048813815,0.999431561618104
"K03404",83.4085755474295,-0.476986871161152,0.393709221602179,-1.21152069849947,0.225695906738909,0.999431561618104
"K03405",1782.95838871686,0.128560503333002,0.212301415473189,0.605556505812547,0.544809291705181,0.999431561618104
"K03406",2558.89807560186,-0.0342841412813359,0.305505598570106,-0.112220991830592,0.910648185227238,0.999431561618104
"K03407",554.847808965597,-0.0592336936770348,0.304619933209905,-0.19445114130538,0.845822649057411,0.999431561618104
"K03408",359.426871970575,-0.032798273502701,0.325805558754264,-0.100668244053622,0.919813820852107,0.999431561618104
"K03409",20.7873441084792,-1.06873222488607,0.852190985728315,-1.25409942464093,0.209805869480924,0.999431561618104
"K03410",70.9598099650299,0.495759756188462,0.453420563583733,1.09337731017334,0.274228171547612,0.999431561618104
"K03411",40.5870001697852,-0.132989548795911,0.509471423770726,-0.261034363442059,0.794066007462365,0.999431561618104
"K03412",401.29598741022,-0.102247155337239,0.295172306538225,-0.346398198856767,0.729043478529757,0.999431561618104
"K03413",391.571929144775,-0.071943989166444,0.336083442043791,-0.214065854387048,0.83049570282997,0.999431561618104
"K03414",48.1628490762363,0.106582985121537,0.53051491434868,0.200904785593805,0.840773025646725,0.999431561618104
"K03415",4.36449567507407,2.15621152963564,1.46642884283351,1.47038265114133,0.141458147376207,0.999431561618104
"K03416",4.12383030253359,0.781210769176862,1.45461025517332,0.53705847762209,0.591227221211404,0.999431561618104
"K03417",49.6880726680932,-0.711409272020298,0.408661819843913,-1.7408263690795,0.0817140183291897,0.999431561618104
"K03424",376.80428292311,0.0167365900096014,0.262036211908688,0.0638712866732848,0.949072715496348,0.999431561618104
"K03426",380.15246919397,-0.161645031712687,0.287135393689383,-0.562957528975166,0.573463804657078,0.999431561618104
"K03427",105.47657712548,-0.120253315846984,0.289726904319469,-0.415057469824708,0.678099832730449,0.999431561618104
"K03429",11.1570925399546,0.462093564959281,0.794749898013798,0.581432682299329,0.560948875953098,0.999431561618104
"K03430",7.72318219244569,0.932349939044331,1.15771549639173,0.80533597585089,0.420625826778121,0.999431561618104
"K03431",1994.67329825376,0.0542219887979322,0.193109166833888,0.280784126859052,0.778875978992675,0.999431561618104
"K03432",298.788618216779,-0.0739197548034893,0.275312647903877,-0.26849385731562,0.788319202504585,0.999431561618104
"K03433",494.031223969445,0.107141560498338,0.248883272123959,0.430489199149451,0.666839821862827,0.999431561618104
"K03435",14.8534567678041,0.234085441964057,0.698684281734954,0.335037509907597,0.737596790938742,0.999431561618104
"K03436",152.56418408386,-0.230666467435499,0.671094603624538,-0.343716766890517,0.731059300459459,0.999431561618104
"K03437",503.146043655805,0.0759312461211879,0.248725530559801,0.305281271087415,0.760151939036543,0.999431561618104
"K03438",603.291162347037,-0.111322353598583,0.312109154034205,-0.356677630757291,0.72133315359091,0.999431561618104
"K03439",323.177120836717,-0.171677917907952,0.246379078985097,-0.696803960040522,0.485925487505416,0.999431561618104
"K03442",5.50160142782044,0.882197944650438,1.26461121566863,0.697604080779875,0.485424828845635,0.999431561618104
"K03445",0.619586952426404,-0.637354148030264,3.29309502699569,-0.193542592243907,0.846534052793468,0.999431561618104
"K03446",2649.3855920239,0.0608849726336613,0.222100066463463,0.274133068049655,0.783982362222784,0.999431561618104
"K03449",282.394976487053,0.00997529716350607,0.315974856898354,0.0315699080028859,0.97481504135767,0.999431561618104
"K03453",63.2185885287458,-0.248536938583005,0.516983662541402,-0.480744279927996,0.630698256155726,0.999431561618104
"K03455",24.1623536655783,-0.40805350981708,0.521942246916813,-0.781798201290486,0.434333178307584,0.999431561618104
"K03457",609.935751499363,-0.135139235371411,0.328686488587345,-0.411149347672378,0.680963027051647,0.999431561618104
"K03464",29.7474297327234,-0.331423935394308,0.595085561729788,-0.556934929543458,0.577571888434044,0.999431561618104
"K03465",291.33633643905,-0.13060376289436,0.248792707977216,-0.524950123965532,0.599617863541066,0.999431561618104
"K03466",1701.39189138819,-0.101212906888396,0.23976745130929,-0.422129468932109,0.672930519297518,0.999431561618104
"K03469",129.329206468502,0.0141974851214906,0.284833574161854,0.0498448441805635,0.960246030586336,0.999431561618104
"K03470",361.111287503794,-0.093869453700638,0.251876254025285,-0.372680839104486,0.709385998919386,0.999431561618104
"K03471",17.2074809429286,-0.875688298486074,0.78421227866157,-1.1166470129499,0.264145281828759,0.999431561618104
"K03472",1.99744362121562,-2.76583325278497,3.04091902264331,-0.909538607305886,0.363065888337052,0.999431561618104
"K03474",110.208938012829,-0.00835032186506122,0.385380108347112,-0.0216677552478658,0.982712985315804,0.999431561618104
"K03475",0.177151084382785,-0.640874455684684,3.81152694885504,-0.168141131962139,0.866472251331796,0.999431561618104
"K03480",25.6702692520025,0.0183230985674559,0.802228736973695,0.0228402420942653,0.981777707839175,0.999431561618104
"K03483",0.474439469271929,-1.81632754196507,3.74750290343027,-0.484676753766487,0.62790565874343,0.999431561618104
"K03484",16.465649719073,0.142067858456429,1.09457993354498,0.129792127648748,0.896730891454983,0.999431561618104
"K03486",358.525978735591,0.293586688983727,0.99405719133689,0.295341849083036,0.767732750568809,0.999431561618104
"K03488",91.4785661922961,0.0217926443538142,0.601128887761028,0.0362528648972159,0.97108073357409,0.999431561618104
"K03491",10.3178414738595,-0.420133292940291,1.57770338425759,-0.266294220531187,0.79001262380882,0.999431561618104
"K03492",5.44718616119218,-1.45838349840314,1.15396623239746,-1.26380084395818,0.206301518208186,0.999431561618104
"K03495",1012.78805595839,0.024262551913416,0.358841031851292,0.0676136499447775,0.94609318918221,0.999431561618104
"K03496",2772.65880651225,0.00982417444277678,0.201439154527249,0.0487699348512102,0.961102642165106,0.999431561618104
"K03497",1452.96342377334,-0.0123349989709418,0.27183220263428,-0.0453772542451017,0.963806610791258,0.999431561618104
"K03498",73.5440547435337,-0.358095998440916,0.405336175942477,-0.883454326790054,0.376990849242307,0.999431561618104
"K03499",738.697310716482,0.0744764739890156,0.216744705833249,0.343613809171023,0.731136738190694,0.999431561618104
"K03500",418.951885744514,0.462578518800087,0.316418044982685,1.46192205575823,0.143762570242562,0.999431561618104
"K03501",439.410282992301,-0.0657251872614008,0.274996067527734,-0.239004098685056,0.811102404544474,0.999431561618104
"K03502",15.8785380637544,-0.697373802016577,0.856147227411921,-0.814548922998552,0.415330557470538,0.999431561618104
"K03503",2.40703459422111,-2.0002122239997,1.97380585503609,-1.01337840238757,0.310879451456872,0.999431561618104
"K03517",4848.76448722207,0.0244189006869658,0.171726162894047,0.142196740877696,0.886924606035195,0.999431561618104
"K03518",454.067037710996,-0.049561125368737,0.363552265444978,-0.136324622563074,0.891564659597628,0.999431561618104
"K03519",398.306397665451,0.324216137276685,0.345223881610494,0.939147476600384,0.347655031448924,0.999431561618104
"K03520",722.162515283006,0.0076142441494208,0.348590959626469,0.02184291915539,0.982573257808615,0.999431561618104
"K03521",3346.61686415502,-0.141049200254375,0.181726155071358,-0.776163454286421,0.437652481275317,0.999431561618104
"K03522",2471.13294931295,-0.239353688691027,0.23354963659001,-1.02485147134356,0.305433275566869,0.999431561618104
"K03523",201.611594533457,0.0736232000089396,0.231851009019953,0.317545307739435,0.750829866306274,0.999431561618104
"K03524",226.362866089334,0.209870496698179,0.33803948747965,0.620846097782626,0.53470088944744,0.999431561618104
"K03525",305.444267397412,0.176156767476745,0.465581819313858,0.378358346845143,0.705164406659307,0.999431561618104
"K03526",3405.0666850828,0.0155657710974309,0.168145470780735,0.0925732404515908,0.926242603462313,0.999431561618104
"K03527",3587.01844053974,-0.0472500002451568,0.183911201723105,-0.256917467791309,0.79724248573798,0.999431561618104
"K03528",2.51739765036739,-2.01784620282408,2.45686947886058,-0.821307855458356,0.411470934318116,0.999431561618104
"K03529",618.711939085243,0.30972871764001,0.275396285338871,1.12466556060803,0.260730780728124,0.999431561618104
"K03530",2857.53119925433,0.275006440219563,0.450671051471682,0.610215453869336,0.541719093976664,0.999431561618104
"K03531",4516.71130732395,0.0352103435412798,0.212604728536016,0.165614113024372,0.868460640088527,0.999431561618104
"K03534",112.591011186391,0.199990346629331,0.377265004437298,0.530105746032877,0.596038615371889,0.999431561618104
"K03535",40.7810777038975,-0.457297491711906,0.683799321555627,-0.668759791500766,0.503648719566021,0.999431561618104
"K03536",1522.61807414498,0.0985251172254112,0.209220246132243,0.470915788728858,0.637700872592416,0.999431561618104
"K03538",0.7439753369088,0.499999126242073,3.69040731566851,0.135486162765613,0.892227503893704,0.999431561618104
"K03540",2.46420820910567,2.37098849829445,1.65682119180807,1.43104669955785,0.152416831542557,0.999431561618104
"K03543",1057.05289781311,0.00733574469278495,0.285977974035034,0.0256514324836999,0.979535362358299,0.999431561618104
"K03544",16529.4152362728,-0.000811676310430533,0.160219297744664,-0.00506603337959997,0.995957907471757,0.999431561618104
"K03545",11639.4778657852,0.0706743334099646,0.278851588500028,0.253447842237978,0.799922161393518,0.999431561618104
"K03546",253.367789822182,-0.0584399854271943,0.323065297761085,-0.18089217824445,0.856452208429734,0.999431561618104
"K03547",198.803634908883,-0.0270265409805167,0.25645624854029,-0.105384607060065,0.916070629833176,0.999431561618104
"K03548",3.03723858274955,0.524866642803467,1.91516485827256,0.274058204721283,0.784039892340726,0.999431561618104
"K03549",537.907256936026,-0.129462154670717,0.189993213459594,-0.681404100248299,0.495615829133607,0.999431561618104
"K03550",317.456960483644,-0.0762607236278001,0.34244007658355,-0.222698010082923,0.823770550198508,0.999431561618104
"K03551",906.0056899705,0.0851107868730271,0.204265688337822,0.416667074953223,0.676921940341525,0.999431561618104
"K03553",5250.09996061241,-0.0328616987862158,0.158196879383642,-0.207726593054489,0.835442452316126,0.999431561618104
"K03554",54.7187087168447,-0.606571158443357,0.355380543043494,-1.70682151940187,0.0878552313701405,0.999431561618104
"K03555",230.602067024486,0.246579845733638,0.264527572440598,0.932151773286355,0.351258094860752,0.999431561618104
"K03556",916.683554262732,0.074817081072448,0.251494452496387,0.297489985682777,0.766092452388643,0.999431561618104
"K03557",11.7019380817981,-1.66342632778047,1.10489436359695,-1.50550711686612,0.132193748521841,0.999431561618104
"K03558",401.06682852649,-0.352563295628455,0.204543930138295,-1.72365562444254,0.0847700304313981,0.999431561618104
"K03559",1323.76753296899,-0.0699282395874719,0.309787342690135,-0.225729815105511,0.821411567411908,0.999431561618104
"K03560",103.951355062005,0.149762529916225,0.327650750771107,0.457079770346222,0.647613710130634,0.999431561618104
"K03561",1803.35572851216,-0.0727673130050546,0.287690143023242,-0.25293641360238,0.800317350170104,0.999431561618104
"K03562",340.304053835527,-0.038566274991168,0.26761432357011,-0.144111400603206,0.885412502317794,0.999431561618104
"K03563",386.833894263558,-0.00663121547844414,0.263251210832575,-0.0251896865259302,0.97990366330759,0.999431561618104
"K03564",682.111965066551,-0.093405158718604,0.196789295898023,-0.474645525267833,0.635039651643984,0.999431561618104
"K03565",189.339700828266,0.380875736575246,0.317924684876972,1.19800617785509,0.230914611925614,0.999431561618104
"K03566",225.701635871931,0.0854813043667731,0.21681338718692,0.394262113958294,0.693387531329938,0.999431561618104
"K03567",32.3968784806507,-0.0823571524583329,0.518728402438124,-0.158767385921492,0.873852145099649,0.999431561618104
"K03568",953.66561837375,0.0153786673705499,0.191860978065467,0.0801552641168251,0.93611376968927,0.999431561618104
"K03569",3465.95390540007,0.0950189465304473,0.163803339658955,0.580079421630111,0.561861060269188,0.999431561618104
"K03570",877.176637734141,0.262098756709655,0.187136830178878,1.40057281326783,0.161341855479753,0.999431561618104
"K03571",235.294908587201,0.218703372399967,0.257666008980207,0.848786276721377,0.39600022773444,0.999431561618104
"K03572",326.229718794612,0.281082082423151,0.402461247518551,0.698407819774487,0.484922187410569,0.999431561618104
"K03574",266.280983957418,0.0955667538355111,0.217569457262675,0.439247103145236,0.660482498029665,0.999431561618104
"K03575",212.648972375187,-0.0612976570850252,0.258382107903795,-0.23723646185226,0.812473351106446,0.999431561618104
"K03576",11.7317377847549,0.263444239611318,1.04930744878825,0.251064871325889,0.801763954815261,0.999431561618104
"K03577",7.84707773090363,0.025890258988821,1.06556940271363,0.0242971118754795,0.980615616841839,0.999431561618104
"K03578",842.281695864687,-0.037860661542686,0.247854477394634,-0.152753591303514,0.87859259688929,0.999431561618104
"K03579",34.7552482521496,-0.738587961620122,0.465931551722533,-1.58518554686753,0.112924183344494,0.999431561618104
"K03580",64.1375281565596,0.229861244279816,0.408015963271323,0.563363360680481,0.573187481136822,0.999431561618104
"K03581",537.218200196549,-0.0127343027343116,0.315116295818777,-0.0404114382635263,0.967765111283737,0.999431561618104
"K03582",56.78470445128,-0.138454578574385,0.346451260761177,-0.399636526852841,0.689424248849471,0.999431561618104
"K03583",81.6871799489315,0.365664025613822,0.436577194788525,0.837570147911521,0.402272164481715,0.999431561618104
"K03584",599.229927626482,-0.148132556999986,0.233611594855988,-0.634097622985297,0.526017113952139,0.999431561618104
"K03585",1062.13907662021,0.0716398590013508,0.164737495608142,0.434872818339785,0.66365474554216,0.999431561618104
"K03586",110.706547876214,0.157458255202328,0.396320350006886,0.397300454542879,0.691145912231588,0.999431561618104
"K03587",345.4830047166,-0.19490361898959,0.277712587279834,-0.701817735013924,0.482792837164633,0.999431561618104
"K03588",442.129028182706,0.107495466236015,0.394950326059143,0.272174648666876,0.785487733697566,0.999431561618104
"K03589",248.496768431825,0.417929502328624,0.39381119138829,1.0612433355571,0.288579329885326,0.999431561618104
"K03590",722.175967003707,0.0763309839822845,0.442934284027761,0.172330268246972,0.863177889682769,0.999431561618104
"K03591",0.600869012381334,-2.12906978323398,3.73411097101173,-0.570167785521683,0.568563903235198,0.999431561618104
"K03592",183.448178035554,-0.0546085096357054,0.300061763076368,-0.181990897726636,0.855589869178252,0.999431561618104
"K03593",4368.82023609125,0.0140472924020093,0.167666442981667,0.0837811797769529,0.933230411765151,0.999431561618104
"K03594",1042.71350310599,-0.153693570496987,0.185663400007702,-0.827807583458082,0.407779479288293,0.999431561618104
"K03595",984.474857469883,-0.0864734398284131,0.269529423954811,-0.320831167742603,0.748338338516666,0.999431561618104
"K03596",2729.98842819819,0.0693947752456426,0.29179023097762,0.237824189703476,0.812017456202736,0.999431561618104
"K03597",81.7790590953682,-0.0675620950121285,0.430321390293559,-0.157003803520059,0.875241850505106,0.999431561618104
"K03598",64.7683651590403,-0.113635580402408,0.369576899638376,-0.307474792157188,0.758482007275922,0.999431561618104
"K03599",151.453171548651,-0.661283109299482,0.263913915831057,-2.50567730472689,0.0122217104654652,0.999431561618104
"K03600",76.5534210579266,0.0630992065005107,0.370158652528123,0.170465302025371,0.864644219927727,0.999431561618104
"K03601",487.720427391064,0.411640730083777,0.260931021966825,1.57758447800091,0.114661100616529,0.999431561618104
"K03602",162.175390296053,0.271679680152289,0.220656859964653,1.2312315157381,0.218236287342579,0.999431561618104
"K03605",9.29197112646655,-0.129839155727755,0.758191907673385,-0.171248406127393,0.864028447025598,0.999431561618104
"K03606",0.866595638955512,-2.67697992254272,3.47102176501964,-0.771236858702778,0.44056655053057,0.999431561618104
"K03607",44.6101573597574,-0.119418612517154,0.372379727786268,-0.320690423259818,0.748445005424728,0.999431561618104
"K03608",54.1209379908594,0.292136733892202,0.423918416131507,0.689134330511312,0.490738737681168,0.999431561618104
"K03609",821.477456133211,-0.139315261984395,0.291443257446877,-0.478018476751992,0.632637054331611,0.999431561618104
"K03610",144.839365220718,0.19372188780709,0.287031435083307,0.674915232719595,0.499729622050915,0.999431561618104
"K03611",64.705964787077,-0.187262419131255,0.417426172493694,-0.448612069560836,0.653711525535786,0.999431561618104
"K03615",99.8781646039445,-0.296547579986299,0.517635825060358,-0.572888439380565,0.566720232611298,0.999431561618104
"K03616",18.2405887070496,-0.884196820798993,0.612481277178167,-1.44363077492373,0.148842863365668,0.999431561618104
"K03620",18.5884504968973,-0.689822656756082,0.648000204910604,-1.0645408003401,0.287083781641758,0.999431561618104
"K03621",1474.53689855241,-0.00117088421540147,0.218315460314824,-0.00536326751075251,0.995720752172894,0.999431561618104
"K03622",43.5681749259079,0.851276682044444,0.41394146481899,2.0565146388915,0.0397329367202094,0.999431561618104
"K03623",93.9519632210323,0.212069896338075,0.378891532616269,0.559711363496881,0.575676330135056,0.999431561618104
"K03624",2552.63046952007,0.0107615566837417,0.230039213997971,0.0467814008607967,0.962687452764858,0.999431561618104
"K03625",634.018134981962,0.144760608550289,0.197371964625954,0.733440581719038,0.463289755437839,0.999431561618104
"K03626",5.16850217210178,0.685156351377214,1.18990404117805,0.575808071631458,0.564744917141946,0.999431561618104
"K03627",24.5254636958108,-0.770658146208884,0.563053025139765,-1.36871326819989,0.171088921188759,0.999431561618104
"K03628",15040.9966706956,-0.0197253649491728,0.158916375761108,-0.124124180750416,0.901216952738259,0.999431561618104
"K03629",743.574323118399,0.457027689479221,0.358915602024855,1.27335698671458,0.202891393364241,0.999431561618104
"K03630",108.288440043548,-0.26622618090748,0.297817369517215,-0.893924291048076,0.371362400025029,0.999431561618104
"K03631",773.389664181964,0.104015219130081,0.213184282381173,0.487912232404179,0.625612009694837,0.999431561618104
"K03632",0.113492374146326,-0.060392878424755,3.81694647031143,-0.0158223016472713,0.987376156521306,0.999431561618104
"K03633",0.35430216876557,-1.43729179354141,3.76803072382159,-0.381443756404322,0.702873997874643,0.999431561618104
"K03634",1091.6074761774,0.0415102831295892,0.265777034551022,0.156184612412855,0.875887505402099,0.999431561618104
"K03635",342.077870896399,0.125585768483548,0.226987231629201,0.553272391500422,0.580076903089902,0.999431561618104
"K03636",1768.12409494404,0.0482835461726131,0.190219717187882,0.253830396167202,0.79962658956701,0.999431561618104
"K03637",416.196558679465,-0.0413087589355557,0.257040453850115,-0.160709173660437,0.872322463821293,0.999431561618104
"K03638",63.4393495665253,0.570293523518134,0.408456298507627,1.39621674485572,0.162649235740479,0.999431561618104
"K03639",2313.79297539443,0.147530237472011,0.166650521454011,0.88526718179351,0.376012545812662,0.999431561618104
"K03640",1462.41297006631,0.128788202550447,0.544095235059461,0.236701581362631,0.812888308071245,0.999431561618104
"K03641",1118.20400142772,-0.0700601346183849,0.243548820676301,-0.287663616780561,0.773604242888105,0.999431561618104
"K03642",1951.31007168493,-0.24016351840021,0.258249519660788,-0.929966951015694,0.352388196231733,0.999431561618104
"K03643",40.7720217854634,-0.185687549310082,0.443032939973404,-0.419128088582373,0.675122523646449,0.999431561618104
"K03644",3081.43935231405,0.073571296342816,0.204829052062092,0.359183893115482,0.71945752519642,0.999431561618104
"K03646",41.8138433445761,0.0245402387373267,0.539968610892509,0.0454475283234785,0.963750597976098,0.999431561618104
"K03647",51.5197590216337,-0.338386048206715,0.666027688435421,-0.508066037016606,0.611407032407448,0.999431561618104
"K03648",83.3425176754087,0.230521077549584,0.298227753230513,0.772969903211538,0.439540192673149,0.999431561618104
"K03649",41.1668876897091,0.470321200210658,0.471153638197345,0.998233192064754,0.318166294793177,0.999431561618104
"K03650",269.41548109611,0.388234344052805,0.452803533504103,0.857401312768879,0.391223134037395,0.999431561618104
"K03651",227.745246018325,0.130605820672759,0.283311954752626,0.460996503966088,0.644801113334412,0.999431561618104
"K03652",107.880020219715,-0.247542921162905,0.321993612967617,-0.768782085089993,0.442022685718013,0.999431561618104
"K03653",2.43397913683922,0.191897208799984,2.00011766956994,0.0959429596165933,0.923565875093763,0.999431561618104
"K03654",365.568338816432,0.00955628896783015,0.261709952129573,0.0365148092002967,0.970871870549953,0.999431561618104
"K03655",370.050876756807,0.258741663903976,0.223055157983004,1.15998960187099,0.246053039651334,0.999431561618104
"K03656",31.593916019375,0.138619900252968,0.442911446920813,0.312974300431101,0.754300187280489,0.999431561618104
"K03657",2622.27410901214,0.0299415877317398,0.208542379530165,0.143575554279167,0.885835645482961,0.999431561618104
"K03660",4.73011674087676,0.251026821704392,1.25999497739414,0.199228430436726,0.842084060904609,0.999431561618104
"K03664",1203.25815937362,-0.0597913110434627,0.21291526208832,-0.280822100102248,0.7788468520026,0.999431561618104
"K03665",5510.37841470268,0.0793276166422693,0.228192947338542,0.347633954368365,0.72811510299224,0.999431561618104
"K03666",695.605773003809,-0.109205122425071,0.278233658049205,-0.392494291275711,0.694693028574701,0.999431561618104
"K03667",1367.17623766374,0.0573901922211326,0.232202626640956,0.247155654745768,0.804787763163268,0.999431561618104
"K03668",87.8350307807144,-0.30613919186497,0.379893343275392,-0.80585563628327,0.420326093823898,0.999431561618104
"K03669",276.723587721184,-0.237058499780548,0.294153362034889,-0.805901037950504,0.420299912730407,0.999431561618104
"K03670",218.344363082825,-0.243379959945146,0.360129395093251,-0.675812536441591,0.499159674213632,0.999431561618104
"K03671",15988.0955267543,-0.053173048364251,0.16670289445326,-0.318968956949692,0.749750052945777,0.999431561618104
"K03672",104.661651166351,0.672020559536524,0.317149408664045,2.11893997333097,0.0340955401956683,0.999431561618104
"K03673",590.652637855599,-0.0250669843114003,0.246978921830822,-0.101494427644198,0.919157980814288,0.999431561618104
"K03676",196.191522398549,-0.0839564801525884,0.224923592717537,-0.373266668641659,0.708949981245236,0.999431561618104
"K03679",22.6757655762138,0.43222256284323,0.736881278494873,0.586556580357248,0.557501551012941,0.999431561618104
"K03683",2.80593681206633,0.154008526307958,1.94847415138748,0.0790405796239538,0.937000346138681,0.999431561618104
"K03684",425.265977943391,-0.0709907967380035,0.217124386456742,-0.326959112684226,0.743698810392932,0.999431561618104
"K03685",1954.18846908864,0.053141378673362,0.210983779190471,0.251874238281548,0.801138272624827,0.999431561618104
"K03686",5393.13636260844,0.0573917259526131,0.167977474127277,0.341663227470174,0.732604348688527,0.999431561618104
"K03687",5920.9602830744,0.0374410651716009,0.196532389048817,0.190508370415733,0.848910784657154,0.999431561618104
"K03688",266.985501209618,0.0507173380778347,0.272498234581983,0.186119877641175,0.852350754157972,0.999431561618104
"K03690",13.2492959069636,-1.35288121001246,0.850531562004581,-1.59063022520165,0.111692818137151,0.999431561618104
"K03693",488.884840285394,0.12218195730035,0.538100722730307,0.227061500085714,0.820375920649095,0.999431561618104
"K03694",3750.0245229424,0.0757238763219631,0.1722800272821,0.439539495765048,0.660270670395794,0.999431561618104
"K03695",8529.42621279849,0.0695334806523798,0.191554263601493,0.362996256752794,0.716607680575979,0.999431561618104
"K03696",13649.9621929581,0.0320636473154084,0.178430822620913,0.179697917906984,0.857389728106283,0.999431561618104
"K03698",85.5947289288803,0.182606720758653,0.372540751098764,0.490165760980715,0.624016607027726,0.999431561618104
"K03699",1701.55276715027,0.0348005197790666,0.177173285577426,0.196420807265882,0.844280811618984,0.999431561618104
"K03700",39.1808024856655,0.971192546925276,0.668138374875112,1.45357995206728,0.146062798454261,0.999431561618104
"K03701",10380.7707050711,-0.0378605856511811,0.164636154621991,-0.229965196515371,0.818118814121519,0.999431561618104
"K03702",4303.68363707994,0.00858854438606785,0.17902100917797,0.0479750640749083,0.961736115703025,0.999431561618104
"K03703",1901.99053754003,-0.0799207424714682,0.153348128059971,-0.521171947010745,0.602246994606123,0.999431561618104
"K03704",35408.2983853649,0.247839430207652,0.293144731483663,0.845450740162678,0.397859224904351,0.999431561618104
"K03705",3734.29500677856,-0.0927472555494154,0.162827609834675,-0.56960398573427,0.568946324534529,0.999431561618104
"K03706",327.778200710634,0.62206200781195,0.684787399671849,0.90840165591546,0.363666051182979,0.999431561618104
"K03707",102.011295548313,0.0580084409314487,0.338781338596049,0.171226789444314,0.864045443617901,0.999431561618104
"K03708",8.80132738444247,0.904451121355746,1.47335754558759,0.613870763457517,0.539300731356303,0.999431561618104
"K03709",607.515460268367,0.0387817159150792,0.278442945424523,0.139280655345573,0.889228375675216,0.999431561618104
"K03710",853.469941183384,0.0793540154810147,0.323852729953673,0.24503117664738,0.806432291565455,0.999431561618104
"K03711",725.759207545602,0.0439954995658218,0.260431068763747,0.168933375632432,0.865849046512299,0.999431561618104
"K03712",4.57044727803281,-1.43946830551999,1.7797273181897,-0.808813963132388,0.418622163333061,0.999431561618104
"K03715",2.07985689028144,-1.83117416697104,1.90397961789623,-0.961761433661965,0.336169454876098,0.999431561618104
"K03716",43.3278136840463,-0.353874628483309,0.498593765179309,-0.709745394341315,0.477862036655778,0.999431561618104
"K03717",13.9037031088996,-1.53957989714312,0.888286951683781,-1.73320107227151,0.0830599365187229,0.999431561618104
"K03718",128.673270278566,0.221131384508861,0.297384658739317,0.743587061438503,0.45712633317991,0.999431561618104
"K03719",396.985484654844,-0.116390548195854,0.199037688605977,-0.584766377719878,0.558704814808387,0.999431561618104
"K03722",667.281649231523,0.061979325364016,0.280948569864532,0.220607370928783,0.825398161289077,0.999431561618104
"K03723",2740.82870147004,0.0400752575918788,0.175118879155124,0.228846014691421,0.818988601087499,0.999431561618104
"K03724",1609.66538551,0.0228899382748694,0.214495250573413,0.106715361825856,0.915014795227987,0.999431561618104
"K03726",5.78262993357527,1.0556489393064,1.09032494499789,0.96819663179259,0.332946176754386,0.999431561618104
"K03727",347.169011618444,0.0493372271424548,0.242304424996261,0.203616698882887,0.838653042697052,0.999431561618104
"K03732",49.7263754606826,0.0533892011929791,0.46856611803833,0.113941659752299,0.909284040887876,0.999431561618104
"K03733",109.799428956211,-0.144326240612346,0.359750972034065,-0.401183740508918,0.688284850797893,0.999431561618104
"K03734",100.472495952212,-0.221820551425624,0.342803355218196,-0.647078122337612,0.517581383771367,0.999431561618104
"K03735",98.7716783744599,-0.610124957038444,0.524676876108878,-1.16285848456533,0.244886923717347,0.999431561618104
"K03736",31.0828858407859,-0.22249414336394,0.518266742363355,-0.429304304477152,0.667701784699254,0.999431561618104
"K03737",694.66127883279,0.8341732213326,0.349513350915442,2.38667054963062,0.0170017193870313,0.999431561618104
"K03738",443.560089246315,0.0306226723771459,0.418484867574318,0.0731751008217941,0.941666779923573,0.999431561618104
"K03739",29.4824511913555,0.358180762843183,1.04367592322857,0.343191554841242,0.731454357571278,0.999431561618104
"K03741",195.797528594679,-0.109744291067066,0.248375729514642,-0.441847886190491,0.658599283931785,0.999431561618104
"K03742",314.789509490972,0.253776847595132,0.36083126197586,0.703311698120297,0.481861522057791,0.999431561618104
"K03743",127.333144351559,-0.0367164997924329,0.359485351145924,-0.102136289212878,0.918648496990948,0.999431561618104
"K03744",524.374350817159,-0.0592538580014874,0.25059204765735,-0.236455460400359,0.813079264843342,0.999431561618104
"K03745",16.704984649378,-0.0401116139187833,0.77283070023648,-0.0519022004515472,0.95860662093424,0.999431561618104
"K03746",59.0824522706076,0.00627595145795833,0.390909657746422,0.0160547362634603,0.987190724084859,0.999431561618104
"K03747",60.1038359754684,-0.524642096559853,0.431099136018488,-1.21698712135056,0.22360911589631,0.999431561618104
"K03748",11.2379890622415,0.237221897127344,0.935290353794055,0.253634495603468,0.799777944218968,0.999431561618104
"K03749",55.3597803496986,-0.285541256478823,0.396952203005822,-0.719334101981632,0.471935088917869,0.999431561618104
"K03750",819.481339592049,0.0761737773591802,0.213689534292169,0.356469387288902,0.721489073773834,0.999431561618104
"K03752",183.711746425327,0.184550606295561,0.351539197272049,0.52497874412776,0.599597967390755,0.999431561618104
"K03753",71.1104786251707,0.398436476323585,0.381484456398437,1.04443698725026,0.296283258524005,0.999431561618104
"K03756",1.16703014514618,-3.10419927337235,3.2086574223738,-0.967444904441009,0.333321671252931,0.999431561618104
"K03758",69.1464995850487,0.21197768127395,0.580942412245948,0.364885876475148,0.715196597466827,0.999431561618104
"K03759",0.300434506190667,-1.00252203301266,3.79535279319863,-0.264144623079363,0.791668480296891,0.999431561618104
"K03760",37.7057299765806,-0.382191819731772,0.42118133497803,-0.907428197765954,0.364180403626053,0.999431561618104
"K03761",126.922282361061,-0.0976987667979489,0.271499171226478,-0.359849226635212,0.718959888143837,0.999431561618104
"K03762",304.685722627506,-0.0479960130575324,0.38453431586297,-0.124815942498708,0.900669265806349,0.999431561618104
"K03763",519.357770178909,0.0678847432734107,0.612032329541424,0.110916923823737,0.911682225140158,0.999431561618104
"K03765",2.88395492653994,1.43613964631884,2.28551611112,0.628365575430171,0.529764482841678,0.999431561618104
"K03767",27.9799705489856,-1.03006381942449,0.689814273784213,-1.49324805033929,0.135372268528251,0.999431561618104
"K03768",280.846654532681,-0.0950374548693821,0.262276197341478,-0.362356385492524,0.717085727347406,0.999431561618104
"K03769",531.922781438092,-0.09453356139652,0.28596412348422,-0.330578396495029,0.740962966674981,0.999431561618104
"K03770",785.361107048951,-0.0633627222731511,0.29947638889419,-0.21157835683513,0.832435995810942,0.999431561618104
"K03771",373.923474044257,0.174879335930532,0.282650584061838,0.618712098228931,0.53610603853468,0.999431561618104
"K03773",286.340874663671,0.269430286662141,0.444961439117536,0.605513788332952,0.544837665909529,0.999431561618104
"K03774",32.2394505014932,-0.447740423867789,0.454845230732312,-0.984379726587252,0.324928842353186,0.999431561618104
"K03775",61.3637564138666,-0.817622166081723,0.436828954679357,-1.87172154529426,0.0612451371926598,0.999431561618104
"K03778",9.29943778477681,-0.62650492310097,0.835253323420455,-0.750077737536396,0.453207886754431,0.999431561618104
"K03779",19.2059298319529,-0.23559046048141,0.73654413236825,-0.319859259110385,0.749075023142435,0.999431561618104
"K03780",15.1369838503653,1.11675225083651,1.0247047974837,1.08982826427557,0.275788800994606,0.999431561618104
"K03781",3658.52005774973,-0.136426394733282,0.220991968979515,-0.617336436990286,0.537012838061012,0.999431561618104
"K03782",3867.39385399874,0.0157619626621381,0.194220707604054,0.081154902876119,0.93531876345398,0.999431561618104
"K03783",211.636177356263,-0.0964701531154362,0.266682498136389,-0.361741598303532,0.717545138272488,0.999431561618104
"K03784",266.842592258504,0.496175959046644,0.551215011588418,0.900149576146032,0.368040656039002,0.999431561618104
"K03785",38.8079018830781,-0.525624125874316,0.842851990634037,-0.623625656360987,0.53287345720182,0.999431561618104
"K03786",286.948494017416,-0.188800739536729,0.268126033758149,-0.704149227474973,0.481339846079497,0.999431561618104
"K03787",299.313778547126,-0.430972281998572,0.275489034268493,-1.56438996979657,0.11772601478458,0.999431561618104
"K03789",205.366657587136,-0.191381373604804,0.208871754144972,-0.916262586045843,0.359529186397097,0.999431561618104
"K03790",104.920908575361,0.0449761553024741,0.350596032491481,0.128284838202118,0.897923563324212,0.999431561618104
"K03791",4.54868231508397,-0.487712117871409,1.02444329911312,-0.476075267702596,0.634020756201865,0.999431561618104
"K03793",8.57545328552522,0.362422582814525,1.13320144352208,0.319821850639446,0.749103382493845,0.999431561618104
"K03795",295.740938398185,0.215397638198971,0.213717544471261,1.00786128126199,0.313521061592518,0.999431561618104
"K03797",6721.39143512682,-0.0702342257829779,0.190015637995218,-0.369623397968674,0.711663114850978,0.999431561618104
"K03798",13553.3597472972,0.0142088262202286,0.164969674786622,0.0861299280525761,0.931363132872208,0.999431561618104
"K03799",3172.79209637397,-0.00482492908327662,0.189650176950446,-0.0254412052804851,0.979703044672821,0.999431561618104
"K03800",59.2570005482116,-0.163715061693368,0.641746907200211,-0.255108454527062,0.798639334395578,0.999431561618104
"K03801",368.765879014643,-0.106321269895957,0.21576963301287,-0.49275362993093,0.622186678596513,0.999431561618104
"K03802",250.014984275172,-0.0487827253268247,0.248256039475991,-0.196501665900226,0.844217528885873,0.999431561618104
"K03805",2.39464291266131,-1.54391806695301,1.96137574207705,-0.787160784051522,0.431187750632118,0.999431561618104
"K03806",4.56777091103908,3.24471129044535,1.16154368629902,2.79344748606386,0.00521494955778315,0.999431561618104
"K03807",0.226984748292652,-0.830065403632557,3.80578483127173,-0.218106235752478,0.827346338934859,0.999431561618104
"K03808",13.9494700744921,-0.613845482450625,0.702745589460086,-0.873496029939139,0.382392769224655,0.999431561618104
"K03809",344.33372729599,0.0604922988399897,0.455977582611353,0.132665072027345,0.894458267124565,0.999431561618104
"K03810",7.85950758601883,0.501424230894888,1.29205232813686,0.388083531893745,0.697954218423413,0.999431561618104
"K03811",175.245394416189,0.0491140341858766,0.273229901006602,0.179753511621299,0.857346081386822,0.999431561618104
"K03812",9.43681239783983,0.0136594593263482,1.20598488860273,0.0113263934361352,0.9909630387692,0.999431561618104
"K03814",147.664549201233,0.301078876720501,0.732830796298269,0.410843646638943,0.681187186403968,0.999431561618104
"K03816",0.313260684959905,2.32639373729202,3.79152128977883,0.613577917540251,0.539494279532316,0.999431561618104
"K03817",12.0901114976718,0.221555437688772,0.829038598882875,0.267243814687659,0.789281443238343,0.999431561618104
"K03818",18.4487230480212,1.35159592067233,0.876067905715656,1.54279812312975,0.122879765020095,0.999431561618104
"K03820",407.739396884019,0.0794922397718795,0.21957556802808,0.362026797816203,0.717332005026568,0.999431561618104
"K03821",4539.29804935375,-0.094199363436383,0.22853070054612,-0.41219566216388,0.680196016357309,0.999431561618104
"K03822",2.7382196869041,-2.21256567173769,2.05581742004504,-1.07624619295677,0.281817165786584,0.999431561618104
"K03823",1.10401901093864,4.11034396471353,2.48792660766893,1.65211624492602,0.0985108559432507,0.999431561618104
"K03824",116.38598952606,0.22716597445057,0.303417163632876,0.748691905661055,0.454042923455432,0.999431561618104
"K03825",7.2549181080609,-0.267137077730327,0.877538932908726,-0.304416211876622,0.760810818228767,0.999431561618104
"K03827",1.86024535641013,0.457923007067904,2.45934167119785,0.186197392753837,0.852289968489344,0.999431561618104
"K03828",24.2067590139277,-0.257530406189568,0.5154477521969,-0.499624656605722,0.617339393036779,0.999431561618104
"K03829",73.9094228775277,0.113365411370314,0.347169166633004,0.326542280438612,0.744014105637503,0.999431561618104
"K03830",26.3337607454249,-0.411764323342715,0.570275871726747,-0.722044090864178,0.470267370215687,0.999431561618104
"K03831",17.2904637654965,-0.278672113842425,0.603194956606054,-0.461993441408074,0.644086023747235,0.999431561618104
"K03832",1788.66283931768,0.0133531107043335,0.303275487141878,0.0440296406088589,0.964880776982044,0.999431561618104
"K03833",127.627710230781,0.104256893592884,0.306479383389224,0.340175878846895,0.733724082045047,0.999431561618104
"K03839",4.73362426967919,0.0797417086221481,1.02943091925155,0.0774619327347624,0.938256073525126,0.999431561618104
"K03841",97.7538803227087,0.274219904114328,0.354171552222328,0.774257284058175,0.438778658760424,0.999431561618104
"K03842",0.967909410361525,2.30556573024343,2.80861807433304,0.820889729120941,0.411709081920878,0.999431561618104
"K03844",0.474439469271929,-1.81632754196507,3.74750290343027,-0.484676753766487,0.62790565874343,0.999431561618104
"K03851",30.9610987519943,0.025075830364912,0.533858215069641,0.0469709553156187,0.962536376269305,0.999431561618104
"K03852",40.4999603613042,-0.180909081484934,0.597480273945239,-0.302786701710448,0.762052418492348,0.999431561618104
"K03855",28.323153972892,-0.323685930600955,0.62633517324512,-0.516793474848137,0.605300335538559,0.999431561618104
"K03856",341.549545928696,0.150374219360137,0.318660274605556,0.471895091241835,0.637001672002061,0.999431561618104
"K03862",114.712246481031,-0.0922340051227034,0.416438667206546,-0.22148280739972,0.824716521917593,0.999431561618104
"K03863",94.5425545963315,0.148305820764786,0.392775037874814,0.377584638696042,0.705739177909239,0.999431561618104
"K03879",81.035134140971,-0.474326306824319,0.739474704312708,-0.641436825435662,0.521238913608344,0.999431561618104
"K03880",2.15690920590957,-3.99129197720238,2.79497778898125,-1.42802278892427,0.153285299279472,0.999431561618104
"K03881",30.3483844805667,-0.255609481046644,0.678528179814764,-0.376711666000998,0.706387892293468,0.999431561618104
"K03882",10.8658067969854,-0.60381017488736,0.802262702214121,-0.752633985377779,0.451669889309357,0.999431561618104
"K03883",171.637895301443,-0.304592483781683,0.624058998136374,-0.488082833019453,0.625491170210154,0.999431561618104
"K03884",1.69243240029698,-3.63860140579594,2.95536388793282,-1.23118558112349,0.218253462952786,0.999431561618104
"K03885",5017.16627241329,0.0498779479173455,0.352042392816783,0.141681652366521,0.887331468018677,0.999431561618104
"K03886",213.866334756518,-0.272844181824813,0.297954203932717,-0.91572522966122,0.359811028715148,0.999431561618104
"K03887",405.695757908242,0.107182020524614,0.209720809103824,0.511070031546336,0.609302019726936,0.999431561618104
"K03888",1058.95763673207,0.142171771525591,0.427799779503811,0.332332503047314,0.739638199382209,0.999431561618104
"K03889",1085.17551596872,-0.175644107768709,0.287593294571492,-0.610737840847142,0.541373150146346,0.999431561618104
"K03890",1669.95075232626,-0.26414366867279,0.294839240996534,-0.895890478418017,0.370311259988763,0.999431561618104
"K03891",3494.67701980269,-0.192785779747062,0.279697824831352,-0.689264494149377,0.490656837340924,0.999431561618104
"K03892",605.179524522243,0.114571694259302,0.230588993640547,0.496865407365896,0.619283967136255,0.999431561618104
"K03893",131.824326831328,0.178595006943098,0.344251459217765,0.518792301850848,0.60390558677986,0.999431561618104
"K03897",2.99581425711733,-0.016555966608254,1.9857286536634,-0.00833747681371798,0.993347733044787,0.999431561618104
"K03918",167.653286221808,0.171321550626291,0.58290142608326,0.29391170266552,0.768825375428936,0.999431561618104
"K03919",20.9541757434209,-0.140856789065825,0.737129720850875,-0.191088196665348,0.84845649494347,0.999431561618104
"K03921",855.450957931004,-0.0568684344151766,0.213091075586374,-0.266873843771676,0.789566296116509,0.999431561618104
"K03922",11.2053639181511,0.613631542538285,0.822638131939673,0.745931313798234,0.45570890803198,0.999431561618104
"K03924",4563.90196720846,-0.00314956980441743,0.199318876422228,-0.0158016634498056,0.987392621362038,0.999431561618104
"K03925",964.485044135337,-0.0798507630208989,0.22774953076275,-0.350607804782178,0.725882600437083,0.999431561618104
"K03926",39.0455447487015,-0.0282437540861677,0.469393600038728,-0.0601707268352987,0.95201966005889,0.999431561618104
"K03928",209.031833460981,0.507834271292869,0.243020819294314,2.08967393315323,0.03664710012186,0.999431561618104
"K03929",59.2551512725642,0.222152005302969,0.50455573266505,0.440292302556088,0.659725415034141,0.999431561618104
"K03930",43.4508535690987,-0.138827271611531,0.406112187481697,-0.341844632815379,0.732467818633272,0.999431561618104
"K03932",272.128865229593,-0.0164319178327544,0.262169266252451,-0.06267675104576,0.950023910963567,0.999431561618104
"K03933",2.6075455099913,1.01153051538466,1.61888301224642,0.624832373761847,0.532081080637451,0.999431561618104
"K03934",16.1055997095632,1.41556437468358,0.698355440437141,2.02699698852134,0.0426627206549558,0.999431561618104
"K03937",78.9657159321132,-0.162368842927343,0.330870764211525,-0.4907319125468,0.623616072316121,0.999431561618104
"K03939",4.5086054921181,-0.682292936617049,1.29976157025311,-0.524936997855831,0.599626988643543,0.999431561618104
"K03942",1.73536419135991,0.517364035625655,1.84769584278215,0.280004978983251,0.779473684952461,0.999431561618104
"K03953",112.837104665495,-0.086199002783075,0.268558255550994,-0.320969476831843,0.74823352202781,0.999431561618104
"K03969",1722.37319612894,0.00911726765577922,0.215373623842305,0.0423323315693235,0.966233771514012,0.999431561618104
"K03970",7.93644624831586,0.427585361313383,0.861133201284221,0.496538004429186,0.619514880822104,0.999431561618104
"K03972",707.284127624327,0.0512191674432383,0.278963598723329,0.183605200383282,0.854323183165836,0.999431561618104
"K03973",882.601521369327,-0.0956447522003751,0.262570058420009,-0.364263742697506,0.715661071838949,0.999431561618104
"K03974",4.24527994185417,-0.200283233716351,1.14621899165523,-0.174733829376817,0.861288784687161,0.999431561618104
"K03975",1259.72953635337,-0.0341889601961651,0.205355182959036,-0.166486960316872,0.867773744125591,0.999431561618104
"K03976",84.4514430233698,0.519566949584587,0.341364928728256,1.52202791165518,0.128002087132192,0.999431561618104
"K03977",1968.86852607786,0.119810243510716,0.26543039229758,0.45138102865174,0.651714954123544,0.999431561618104
"K03978",441.016681197399,-0.0979354183002207,0.30135501444721,-0.324983536377745,0.7451935320491,0.999431561618104
"K03979",2374.73727338557,0.0351216991693542,0.16213881964749,0.216614992299272,0.828508400971815,0.999431561618104
"K03980",478.430469095379,-0.0684433889159824,0.256833462169573,-0.26648937540231,0.789862340865648,0.999431561618104
"K03981",60.6439767859779,0.0797818603234934,0.537381217026766,0.14846417737656,0.881976454927362,0.999431561618104
"K04019",28.7962348469901,-0.702918682877115,0.659222307761496,-1.06628473369477,0.286294948457193,0.999431561618104
"K04026",16.5067692086582,-1.85923816933733,1.38478311568088,-1.34262047845895,0.179394895886589,0.999431561618104
"K04027",109.748054529142,-0.222460428122779,0.426729521802169,-0.521314830019918,0.602147471733888,0.999431561618104
"K04028",23.7961979802771,0.472101945839131,0.607757279063472,0.776793568917216,0.437280571621841,0.999431561618104
"K04029",8.96526861711139,-0.910481230129903,1.41829239202864,-0.641955943109589,0.520901789173365,0.999431561618104
"K04030",2.66017558309169,0.326764629642533,1.83179171469138,0.178385253640906,0.85842042945943,0.999431561618104
"K04031",0.979321400053806,2.3367041895004,3.38518978043479,0.690272729465784,0.490022693931659,0.999431561618104
"K04033",52.7847099217148,0.230138869837559,0.460327064069353,0.499946424620573,0.61711280202416,0.999431561618104
"K04034",165.058713042591,-0.292981395684658,0.438271520434746,-0.668492890877402,0.503819018349736,0.999431561618104
"K04035",4.15755847999345,0.289709806773595,1.54549837933377,0.187453969960474,0.851304710556999,0.999431561618104
"K04037",2.43821009490843,2.83464495304111,1.83167267022761,1.54757179004525,0.12172542768348,0.999431561618104
"K04038",0.746846089540937,3.54431208611235,2.9127350974186,1.2168329654329,0.223667774728988,0.999431561618104
"K04039",3.8312213477204,1.14110578980191,1.85518851839581,0.615088859426873,0.538496038928391,0.999431561618104
"K04040",1.51308282190256,0.531933890993114,2.13367538802882,0.249304038457573,0.80312560769325,0.999431561618104
"K04041",132.505404803051,-0.37111222365999,0.501134557971278,-0.74054406697145,0.458969932615758,0.999431561618104
"K04042",1841.70352874357,0.167924632618137,0.294070641542887,0.571035013006038,0.56797590910147,0.999431561618104
"K04043",38253.8815881163,-0.0349092923134913,0.179907341508627,-0.194040398911777,0.8461442492607,0.999431561618104
"K04044",391.195623341719,-0.00886811344597405,0.191001246789593,-0.0464296102514094,0.962967836386998,0.999431561618104
"K04045",0.226984748292652,-0.830065403632557,3.80578483127173,-0.218106235752478,0.827346338934859,0.999431561618104
"K04046",36.4110404773706,0.479012487939435,0.430180678879912,1.11351464967388,0.265487460109262,0.999431561618104
"K04047",775.304679179833,0.12659038759565,0.259128772900658,0.488523085177348,0.625179378178558,0.999431561618104
"K04061",8.86638722953605,0.0834502437442274,0.734892946096631,0.113554285950725,0.909591127386664,0.999431561618104
"K04062",166.255609832015,1.08375511901795,0.526899850765595,2.05685220339925,0.0397004447840163,0.999431561618104
"K04063",1089.89084881684,-0.0319814960804494,0.217007138663742,-0.147375318053502,0.882835786123521,0.999431561618104
"K04065",748.676532144363,-0.0445494444401836,0.219385927722417,-0.203064275373901,0.839084794087211,0.999431561618104
"K04066",385.241054117815,-0.0248023215363844,0.218766190799884,-0.113373649948827,0.90973432929448,0.999431561618104
"K04067",342.398174579377,0.098101972886992,0.351158389213755,0.279366735639273,0.779963396319083,0.999431561618104
"K04068",0.469891027439857,2.90204000485283,3.73940750426479,0.776069471311445,0.437707968006472,0.999431561618104
"K04069",1585.04740040438,0.141005239174714,0.284855546125081,0.495006121849558,0.620595799197673,0.999431561618104
"K04070",4.87563889337888,0.4769371927978,1.15179119503937,0.414083034192232,0.678813297338636,0.999431561618104
"K04072",232.498753313327,-0.0970613676858566,0.510127143170942,-0.190268973108399,0.849098365378645,0.999431561618104
"K04073",134.45817144541,0.0668029910992121,0.412053163919133,0.162122262243623,0.871209575371322,0.999431561618104
"K04074",1935.85391440863,-0.00915573126787433,0.200772337664734,-0.0456025534910257,0.963627033899954,0.999431561618104
"K04075",783.778252903197,0.0978357907395344,0.332702284659504,0.2940640784588,0.768708939168744,0.999431561618104
"K04076",3.49139440534379,-0.241804623016441,1.29297719381427,-0.187013834562016,0.851649785899012,0.999431561618104
"K04077",155806.162171661,-0.0117616163626659,0.199342418273486,-0.0590020752458699,0.952950455186284,0.999431561618104
"K04078",23348.5806106842,-0.0784500247561234,0.215707826755078,-0.363686501024361,0.716092124692974,0.999431561618104
"K04079",2182.71511972944,0.0657076447287535,0.195029623450309,0.336911098766978,0.736183918364327,0.999431561618104
"K04080",13051.2104871301,-0.0703160445347394,0.211108749205305,-0.333079726915327,0.739074102069505,0.999431561618104
"K04082",107.075417477767,-0.143897161535494,0.359499541764963,-0.400270778730428,0.688957088140099,0.999431561618104
"K04083",497.217132802752,-0.0120676646952245,0.205377495347603,-0.0587584568348146,0.953144497901054,0.999431561618104
"K04084",81.6443020460333,0.0382010807791755,0.447416650160676,0.085381446500609,0.931958142842453,0.999431561618104
"K04085",50.980952498111,0.192925887914185,0.37330876909066,0.516799775114128,0.60529593704933,0.999431561618104
"K04087",496.975846022334,0.12404769592593,0.224196871321721,0.553298068767079,0.580059323256618,0.999431561618104
"K04088",852.906660843478,-0.0994674603951157,0.207459893576107,-0.47945392567468,0.631615738277878,0.999431561618104
"K04090",1428.25193608191,-0.0210336523012498,0.244629472176192,-0.0859816771631693,0.931480982784258,0.999431561618104
"K04091",89.9385050305587,0.157103346028731,0.42968912921632,0.365620946276349,0.714647942886968,0.999431561618104
"K04092",14.2599239888184,-0.0777005447008607,0.793735063127323,-0.0978922921644911,0.92201782055197,0.999431561618104
"K04093",30.8543234525609,-0.155042926916923,0.629923933020545,-0.246129601987778,0.805581908714662,0.999431561618104
"K04094",335.516097463354,0.0478009427919183,0.241103566929694,0.198258961493744,0.842842458303734,0.999431561618104
"K04095",449.926385488912,0.017365384890506,0.57820729484287,0.0300331473597633,0.976040617317155,0.999431561618104
"K04096",147.369246816701,0.0374775555058851,0.314503563450526,0.119164168108959,0.905145294032605,0.999431561618104
"K04098",210.875090617653,1.30520592838324,0.407876512351275,3.20000266958044,0.0013742631468556,0.999431561618104
"K04099",3.95320146587319,-0.524940397987307,1.19555915171006,-0.439075220357323,0.660607033448272,0.999431561618104
"K04100",40.8263470638847,-0.941960071586515,0.593150809586499,-1.58806168071014,0.11227239220008,0.999431561618104
"K04101",63.0298154293892,0.0701229206264402,0.489601832535457,0.143224383502204,0.886112973093255,0.999431561618104
"K04102",159.950420989602,0.26453034585803,0.340151826338992,0.777683156092779,0.436755824535792,0.999431561618104
"K04104",110.463782598522,-0.00888982851691358,0.418655910454656,-0.0212342123804231,0.983058822896654,0.999431561618104
"K04105",1.00832258235607,-2.90847343706229,2.79649204358645,-1.04004352300328,0.298319680592994,0.999431561618104
"K04110",13.4940326427313,1.51488261512735,0.970266760949144,1.5613052781953,0.118451738826863,0.999431561618104
"K04112",4.28058639746435,1.76372408912882,1.48357797359262,1.18883140658782,0.234506016571172,0.999431561618104
"K04113",7.12394574154585,1.59994605029234,1.14475748915931,1.39762881260319,0.162224561450652,0.999431561618104
"K04114",0.779346336286459,3.60401889511665,3.69791107403559,0.974609400540161,0.329754048813815,0.999431561618104
"K04115",5.56912359665438,3.5936592667087,1.65751880085885,2.1680956287474,0.0301514113732403,0.999431561618104
"K04116",23.5449398006389,0.44151517419312,0.680649322623036,0.648667617109558,0.516553239837364,0.999431561618104
"K04117",6.62250279256887,-1.73190474445734,1.08103452178879,-1.60208088599387,0.109137724131557,0.999431561618104
"K04127",13.3251534770568,1.28339913017445,0.75185097220205,1.70698606189945,0.0878246430801679,0.999431561618104
"K04335",9.4602449954197,0.414570274737894,1.27926928575729,0.324068028016853,0.745886531787101,0.999431561618104
"K04343",42.415774150827,0.0289660406289482,0.599196636028384,0.048341460694676,0.96144411230482,0.999431561618104
"K04477",70.9470654763711,-0.246196964667441,0.427673173556077,-0.575666139216373,0.564840866740037,0.999431561618104
"K04479",1.67309487111293,1.97068270712467,2.12592206026617,0.92697787184067,0.353938023458883,0.999431561618104
"K04483",31.3425537348336,-1.1830008173362,0.727386416888599,-1.62637188414447,0.103870568190435,0.999431561618104
"K04485",410.441797695364,-0.0705818462883925,0.211926282604997,-0.333049046209846,0.739097260912064,0.999431561618104
"K04486",129.17227259763,-0.438152057334458,0.28895711638086,-1.51632208551304,0.129437929749138,0.999431561618104
"K04487",3081.89388286929,0.000786465703042331,0.163994727591667,0.00479567675492938,0.996173618225496,0.999431561618104
"K04488",2343.78728330791,0.104394715167907,0.180915706548263,0.57703511297985,0.563915735847011,0.999431561618104
"K04516",13.8047504699957,-1.20287737592679,1.19286831063245,-1.0083907546249,0.313266909603204,0.999431561618104
"K04517",391.646289575332,-0.325139658239063,0.417837797321476,-0.778148028549239,0.436481751290241,0.999431561618104
"K04518",356.376256870061,0.399735882007471,0.333271681601171,1.19942948673881,0.230360987733382,0.999431561618104
"K04561",1888.49692281393,0.264573141593454,0.431875246344122,0.612614739633954,0.540131109826322,0.999431561618104
"K04562",14.6077738361857,-0.106544850740949,0.94217877980678,-0.113083475264428,0.909964375778245,0.999431561618104
"K04564",2792.59436672544,-0.154027832497688,0.175149642901523,-0.879407059849327,0.379180605599914,0.999431561618104
"K04565",196.194847605126,0.431186410788115,0.358752122837107,1.20190622811701,0.229399861147817,0.999431561618104
"K04566",339.301012587795,0.070428599965395,0.26313372435526,0.267653263138208,0.78896622812922,0.999431561618104
"K04567",1973.82526914428,0.216585300365309,0.357602009228496,0.605660188634226,0.544740425583148,0.999431561618104
"K04568",11.3823106477113,-1.27489022709718,0.715746748201578,-1.78120296082452,0.0748793001535664,0.999431561618104
"K04618",23.8882918557512,-0.169725856904646,0.592520197208615,-0.286447378003704,0.77453549176838,0.999431561618104
"K04651",4.94843886100878,-0.883872733652216,1.36734918489589,-0.646413325444381,0.518011712839718,0.999431561618104
"K04652",33.1500294789497,0.753776563180955,0.541595925517203,1.39176926499424,0.16399227988667,0.999431561618104
"K04653",31.4024922813005,0.138109735603553,0.489660710551927,0.282051903751643,0.777903711754252,0.999431561618104
"K04654",66.2741700108413,0.202654901672003,0.490522871402215,0.413140576080971,0.679503622495244,0.999431561618104
"K04655",76.3548633254777,0.747391505144571,0.544883632131056,1.37165343400296,0.170171351061568,0.999431561618104
"K04656",25.6310284082323,0.185315356522188,0.716462614838183,0.258653211883278,0.795902822747944,0.999431561618104
"K04691",1.99223870178643,0.107250433194108,2.02315281376185,0.0530115335156946,0.957722718219493,0.999431561618104
"K04712",9.05957341040459,0.579359183187034,0.916297534145403,0.632282813821365,0.527202091653689,0.999431561618104
"K04719",10.394776618557,0.0460922007609249,0.723138776195073,0.063739080627715,0.949177986156866,0.999431561618104
"K04720",24.9965377424565,0.427736551497046,0.911828569705395,0.469097553759743,0.638999907536222,0.999431561618104
"K04744",391.004947966948,0.03747421189476,0.272878243447738,0.137329423633354,0.890770414063937,0.999431561618104
"K04748",44.9445921105684,-0.183387350228527,0.421101191289076,-0.435494731485182,0.663203362353654,0.999431561618104
"K04749",2824.06602486698,0.0207293995260887,0.176341944627926,0.117552290635259,0.906422409300669,0.999431561618104
"K04750",949.922152031259,0.157956206790051,0.242197964100658,0.652178094793579,0.514286289360937,0.999431561618104
"K04751",545.313188022985,-0.0980225149375556,0.209599085263427,-0.467666711495233,0.640022949940202,0.999431561618104
"K04752",92.11454648801,0.298299321657523,0.287290253804973,1.03832036662136,0.299120929860346,0.999431561618104
"K04754",53.1769003012314,0.129270098998603,0.437247933756556,0.295644848194013,0.767501319896791,0.999431561618104
"K04755",97.2859567086247,0.010033145290238,0.30414443640032,0.0329880941074727,0.973684082001155,0.999431561618104
"K04756",523.347262997121,0.0129383102303967,0.274055173767784,0.0472106038084134,0.962345376329937,0.999431561618104
"K04757",1778.89180205739,0.091338532907737,0.200098911929794,0.456466914421723,0.648054257320097,0.999431561618104
"K04758",103.514725690082,0.216110449350826,0.279575547290291,0.772994818200009,0.439525447329452,0.999431561618104
"K04759",472.061761912098,0.045601491463442,0.274673478961974,0.166020729907291,0.868140636453708,0.999431561618104
"K04760",23.3657138450342,0.0881995236682264,0.652882190077855,0.135092555760648,0.892538695866571,0.999431561618104
"K04761",62.4595649683524,0.12227833334975,0.331538360299482,0.368821071683213,0.712261097333273,0.999431561618104
"K04762",58.0915434168708,-0.166985664078597,0.382962904843379,-0.436036132917076,0.662810513907819,0.999431561618104
"K04763",169.711100020518,0.125806345069942,0.258814797208472,0.486086369198615,0.626905930828436,0.999431561618104
"K04764",294.305768008841,0.299463705241123,0.433583600008553,0.690671199822171,0.489772192162154,0.999431561618104
"K04765",12.9850824327959,0.288970103739634,0.973853743501793,0.296728441686276,0.766673841133742,0.999431561618104
"K04767",14.3388143558064,-0.404074134930039,0.711904273890775,-0.567596163907895,0.570309212533841,0.999431561618104
"K04768",172.547134164335,-0.186519485770722,0.236260941328779,-0.789463906821408,0.429840917087634,0.999431561618104
"K04769",49.349084244577,0.280924236595551,0.728772858334706,0.385475712195816,0.699884997669371,0.999431561618104
"K04770",0.333781426862738,0.320910492788393,3.81152687121377,0.084194734454594,0.932901604621681,0.999431561618104
"K04771",7160.11598790456,0.108276051128422,0.205112607754536,0.527885888214143,0.597578539827524,0.999431561618104
"K04772",239.093062558991,0.224587949556741,0.27852722055036,0.806341114929317,0.420046189833852,0.999431561618104
"K04773",346.07467839815,-0.0146886715167242,0.274657708293389,-0.0534799172686382,0.957349531445292,0.999431561618104
"K04774",1.54331887472499,-0.306672902430984,2.29943702720009,-0.133368689293659,0.893901806487965,0.999431561618104
"K04780",0.600869012381334,-2.12906978323398,3.73411097101173,-0.570167785521683,0.568563903235198,0.999431561618104
"K04782",3.46367922657909,-0.421942683011083,1.38902382143387,-0.303769220153127,0.761303718046464,0.999431561618104
"K04793",2.13329311192142,-3.97137766284863,2.34685243001843,-1.69221447929619,0.090605086778464,0.999431561618104
"K04794",2.27128000565799,-4.08582272298965,2.24669357983206,-1.81859367012348,0.0689734442564233,0.999431561618104
"K04795",3.51294835367764,0.102889515650498,2.04753729486852,0.0502503743928655,0.959922869268039,0.999431561618104
"K04796",8.46504624386891,0.313585508763409,0.821108639532853,0.381905016785373,0.702531818983941,0.999431561618104
"K04798",13.1547770134228,1.59415544177929,0.853690521495992,1.86736926513571,0.061850038772457,0.999431561618104
"K04799",7.3032887679039,0.453441483691101,1.11308245288364,0.407374568268845,0.683732902688682,0.999431561618104
"K04801",2.43991568112362,0.246873091890731,2.13317606361707,0.115730293481789,0.907866296834006,0.999431561618104
"K04802",4.76020169430559,-1.45417119531207,1.24814097108405,-1.16506967482133,0.243990790791123,0.999431561618104
"K04835",3.09201628503113,2.31979234564306,1.86440036728875,1.24425653756793,0.21340516150176,0.999431561618104
"K04940",19.7177680433084,0.288201986662197,0.577126542391072,0.49937399425117,0.617515936251654,0.999431561618104
"K05020",34.4334067274512,-0.323075507624078,0.517075814018837,-0.624812646163157,0.532094029729413,0.999431561618104
"K05030",0.300434506190667,-1.00252203301266,3.79535279319863,-0.264144623079363,0.791668480296891,0.999431561618104
"K05275",1416.68302717278,-0.178498155636214,0.215591454022311,-0.827946341591727,0.407700888783629,0.999431561618104
"K05296",2.08074172165955,-0.513994537157884,1.73693427056857,-0.295920545680542,0.767290760213531,0.999431561618104
"K05297",7.97564609724027,0.484811719789422,0.753960049563407,0.643020435990157,0.520210839576338,0.999431561618104
"K05301",4.00848257784321,0.734046847588589,1.82756661112911,0.401652581699925,0.687939726557661,0.999431561618104
"K05303",64.5677146473132,-0.305300477126561,0.426177672039252,-0.71636901029025,0.473763524993573,0.999431561618104
"K05304",98.606911510408,0.0199785577121919,0.438812506326496,0.0455286880482093,0.963685908845765,0.999431561618104
"K05308",6.22954101035038,-1.0435404164333,1.16921356241442,-0.892514806515237,0.372117060077665,0.999431561618104
"K05311",1731.06806718693,0.724808294107504,1.09662976925898,0.660941654536038,0.508649731459863,0.999431561618104
"K05337",1394.57363591989,-0.11509707352412,0.284599013708424,-0.404418385096861,0.685905082827904,0.999431561618104
"K05341",89.307087503293,0.497960349204858,0.349162652622914,1.42615582011471,0.153823369080582,0.999431561618104
"K05342",289.544271151883,-0.480038078239506,0.342198512020624,-1.40280586085826,0.160674738833261,0.999431561618104
"K05343",860.152930461715,-0.156424971020338,0.21365374182061,-0.732142436108966,0.464081634743517,0.999431561618104
"K05346",102.014871167002,0.37658247880997,0.451354417855189,0.834338745590368,0.40409012412295,0.999431561618104
"K05349",2375.90204955298,-0.247865650979053,0.291880005991253,-0.849203939602772,0.39576782148819,0.999431561618104
"K05350",124.193650997245,-0.02591772407859,0.250237614340627,-0.103572455111846,0.917508647710115,0.999431561618104
"K05357",26.5246046928309,-0.396658490519731,0.65158427453128,-0.608760072985293,0.542683482114633,0.999431561618104
"K05359",4.89678436707761,0.586629252976031,1.50617899588728,0.38948176450333,0.696919797659349,0.999431561618104
"K05363",25.1196234217632,-0.768577432290045,0.646144298441386,-1.18948264984151,0.234249794465198,0.999431561618104
"K05364",333.06042542601,-0.176147107903818,0.241009024052282,-0.730873495697847,0.464856426408108,0.999431561618104
"K05365",155.155695888973,0.244652988204964,0.345967462007998,0.707156062552808,0.479469499618549,0.999431561618104
"K05366",1235.52072891475,0.0260787359331969,0.227697767413328,0.114532242583905,0.908815888671369,0.999431561618104
"K05367",5.29270079304898,-0.0465565263833192,1.13746716316564,-0.0409299959514872,0.967351704166534,0.999431561618104
"K05375",13.7218778479846,-0.28667194449239,0.883414537088476,-0.324504445486252,0.745556157193621,0.999431561618104
"K05386",0.914129697341238,-0.457846901528663,3.54520348765524,-0.129145450500354,0.897242558811025,0.999431561618104
"K05499",21.6918004091797,-0.558497171371054,0.709511960376193,-0.78715680997813,0.431190076726833,0.999431561618104
"K05501",30.2406550318096,-0.0275298547514318,0.574054196054361,-0.047956891423584,0.961750598710578,0.999431561618104
"K05515",656.234580851043,-0.0667279120462878,0.276320033076144,-0.24148778249422,0.809177084493532,0.999431561618104
"K05516",934.865125949404,0.27475320304775,0.214047330667688,1.28360957453054,0.199278597968443,0.999431561618104
"K05518",121.225279518254,0.64875465864329,0.578928699466255,1.12061236425385,0.262452899709788,0.999431561618104
"K05519",45.5676331909209,-0.113012260468503,0.870114224328491,-0.12988209744039,0.896659708472862,0.999431561618104
"K05520",2355.75396513032,-0.145199501811667,0.256592518437645,-0.565875820136014,0.57147819988189,0.999431561618104
"K05522",222.80607938928,0.115454106144245,0.263016778517954,0.438960992507037,0.660689800937195,0.999431561618104
"K05524",1246.90027425164,-0.101601015510812,0.19099559236439,-0.531954765306695,0.594757325407521,0.999431561618104
"K05527",98.175013828624,-0.203649600513245,0.359290636529588,-0.566810208248981,0.570843134277086,0.999431561618104
"K05539",91.2778194394063,-0.28256640266054,0.36438204480315,-0.77546741583601,0.438063512320895,0.999431561618104
"K05540",1211.47541195612,-0.045442048915022,0.182413212022861,-0.249115995552597,0.803271056762299,0.999431561618104
"K05544",1.20325547350653,4.23058857910082,3.67436537282841,1.15137939476178,0.249576187012673,0.999431561618104
"K05548",68.2956699074438,0.0876797884266402,0.485577666102494,0.180568000852274,0.856706674582766,0.999431561618104
"K05549",70.6004225688063,-1.73994517326627,0.618361305013297,-2.81380021544015,0.00489596458184859,0.999431561618104
"K05550",47.8373114347488,-0.434745908751207,0.699636935813879,-0.621387874906108,0.534344447926394,0.999431561618104
"K05551",2.79634951824785,2.580340895637,1.79725349707203,1.43571338146829,0.151083915918402,0.999431561618104
"K05552",1.2563644117095,0.270635519176753,2.68161038113068,0.100922759354266,0.919611775995998,0.999431561618104
"K05553",0.118609867317982,-0.060392878424755,3.81694647031143,-0.0158223016472713,0.987376156521306,0.999431561618104
"K05555",487.863315280453,-0.214270718966497,0.307469954455209,-0.696883438078211,0.485875743308854,0.999431561618104
"K05556",0.651590553654714,-2.28131118940679,3.72855220808645,-0.611849066900313,0.540637622587485,0.999431561618104
"K05557",52.1395934137108,0.248191435583334,0.355518208954296,0.698111740361633,0.485107316431097,0.999431561618104
"K05558",16.6564354150995,-0.0240993007193161,0.771481904255922,-0.0312376746445652,0.975079994543258,0.999431561618104
"K05559",21.2663910256846,0.0763032156262046,0.5117354615324,0.14910675800679,0.881469393387689,0.999431561618104
"K05560",12.1442810680101,-0.809088420745363,0.956948319595834,-0.845488104401584,0.397838371578613,0.999431561618104
"K05561",13.1579079468722,-0.520553928666448,0.843617009902772,-0.61705006247615,0.537201705490121,0.999431561618104
"K05562",7.90432804935418,1.26856264731634,0.873103139518317,1.45293561539155,0.146241631193528,0.999431561618104
"K05563",7.99916342910757,-0.480621558118067,1.15107688282437,-0.417540796179296,0.676282890701027,0.999431561618104
"K05564",8.95732992427943,0.326082468953032,0.823954687655579,0.395752914375477,0.692287315610081,0.999431561618104
"K05565",89.8858067569694,0.136452552395887,0.370732874106472,0.368061647418672,0.712827267515552,0.999431561618104
"K05566",52.1897643092503,0.136649977376459,0.401929826201077,0.339984665154199,0.733868076236679,0.999431561618104
"K05567",30.9850103640522,-0.443127297827927,0.569779488541371,-0.777717181364895,0.436735761012252,0.999431561618104
"K05568",49.6506364130698,-0.129722725414782,0.42399916087678,-0.305950429587008,0.759642388488566,0.999431561618104
"K05569",26.0230162721849,0.188642873892977,0.507271796151458,0.371877315719427,0.709984195276954,0.999431561618104
"K05570",11.223553808266,-0.772485642872372,0.958679753095226,-0.80578070036245,0.420369308084459,0.999431561618104
"K05571",19.4598242123818,0.150475384142516,0.609593023976588,0.246845646560901,0.805027682479106,0.999431561618104
"K05573",4.8072145327642,-3.13885651164285,1.60263720831514,-1.95855711782877,0.0501646757267596,0.999431561618104
"K05574",0.177151084382785,-0.640874455684684,3.81152694885504,-0.168141131962139,0.866472251331796,0.999431561618104
"K05575",5.99350268454506,-1.84860247511755,1.40295788450294,-1.31764644936045,0.187622028688562,0.999431561618104
"K05577",27.4284909657662,-0.164359096982934,0.528410628802464,-0.31104426751487,0.755766968962048,0.999431561618104
"K05578",1.97781256751054,-1.6066956319984,2.05536533021316,-0.781708053736498,0.434386167474118,0.999431561618104
"K05579",5.39944110727659,0.00830002393220852,2.20871247154694,0.00375785623485674,0.9970016715853,0.999431561618104
"K05580",2.32064959666504,-3.03255479279147,2.93218495724863,-1.03423039030833,0.301028470038937,0.999431561618104
"K05582",6.83970128130153,0.673558207141464,0.98165709893945,0.68614408011632,0.492622256502145,0.999431561618104
"K05586",6.40488262324663,-0.24737442905218,0.936551300788363,-0.26413334629288,0.791677169404696,0.999431561618104
"K05587",1.83489486928108,-0.493382026810608,2.50847870273831,-0.19668575470544,0.84407345844096,0.999431561618104
"K05588",1.15624022992727,-0.932827253742743,2.38728769513064,-0.390747732518973,0.695983712765878,0.999431561618104
"K05589",10.5146739198982,0.034839431534115,0.905921659481492,0.0384574440510181,0.96932296109236,0.999431561618104
"K05590",2.01373344253795,1.83120653132086,2.36935774363091,0.772870427120318,0.439599068063494,0.999431561618104
"K05591",22.278175215176,-0.303176194642134,0.736004140081364,-0.411921860396898,0.680396697400878,0.999431561618104
"K05592",5750.26627542118,0.40843387293103,0.377033555209126,1.08328255479672,0.278683026174475,0.999431561618104
"K05593",7.08192424151308,-0.28776956374279,1.09573500481152,-0.262626969549347,0.792838110848418,0.999431561618104
"K05594",16.9714861199896,0.930720304616828,0.74692893134941,1.24606273174528,0.212741365609931,0.999431561618104
"K05595",48.0673654356457,0.356248931282465,0.346382999324848,1.02848272570203,0.303722812465544,0.999431561618104
"K05596",19.2051461711664,0.106042174837365,0.549533455061508,0.19296764166159,0.846984309985473,0.999431561618104
"K05601",1292.79052174255,0.291315846748797,0.613918729913698,0.474518584552306,0.635130148467789,0.999431561618104
"K05602",86.845270823543,-0.221773741988253,0.342970345636662,-0.646626581014083,0.517873650416436,0.999431561618104
"K05603",66.8619735180155,0.318476742092349,0.531615655203203,0.599073294729472,0.549124009135586,0.999431561618104
"K05605",68.7256126473961,-0.233344636206627,0.336697040614746,-0.693040353965044,0.488284227322123,0.999431561618104
"K05606",346.956628273725,0.170613680229612,0.276233865781491,0.61764215530536,0.536811250009018,0.999431561618104
"K05607",3.48992588836069,2.02594599188429,1.62178361109216,1.24920857383677,0.211588796884455,0.999431561618104
"K05657",13.3573613797085,0.174040964293983,0.911741755857456,0.190888443109973,0.848612994747879,0.999431561618104
"K05685",4.40151616465157,0.479154337700922,1.18601798387992,0.404002590359908,0.686210814338314,0.999431561618104
"K05710",3307.06089952362,0.0170610332243312,0.198633797449504,0.085891894750028,0.931552354752657,0.999431561618104
"K05711",0.0885755421913926,-0.0603928784247551,3.81694647031143,-0.0158223016472713,0.987376156521306,0.999431561618104
"K05712",297.515913931777,-0.0139918832697536,0.447290606562267,-0.0312814154030435,0.975045111514692,0.999431561618104
"K05713",31.3531997159574,0.352104340550073,0.619481076254253,0.568385950833403,0.569772927980309,0.999431561618104
"K05714",20.5747166476768,0.858138285696304,0.57310506138756,1.49734899150715,0.134302473379292,0.999431561618104
"K05715",27.0020326100929,0.15725357988265,0.583178422533678,0.269649173917385,0.787430165770817,0.999431561618104
"K05716",1.17282488054299,4.20745471354446,2.98561039325276,1.40924439540168,0.158762914445268,0.999431561618104
"K05739",0.313260684959905,2.32639373729202,3.79152128977883,0.613577917540251,0.539494279532316,0.999431561618104
"K05770",26.8059968622444,-0.153094353528334,0.570000166623038,-0.268586506623921,0.788247897021981,0.999431561618104
"K05772",95.4084578332087,-0.00164826401234236,0.358169203733908,-0.00460191438895147,0.99632821651886,0.999431561618104
"K05773",62.9959445824903,0.948145550458048,0.419372148400575,2.26086914468245,0.0237673613101769,0.999431561618104
"K05774",2.27934661800196,0.477138471484094,1.96997975831744,0.242204758434482,0.808621508111054,0.999431561618104
"K05776",0.667562853725475,0.228158282197852,3.74227120534732,0.0609678640799304,0.95138480217642,0.999431561618104
"K05777",2.92976045076379,0.176978701097361,2.34459281265895,0.0754837684999356,0.939829811550429,0.999431561618104
"K05778",2.78905163913839,0.964046567400596,2.32052163176157,0.4154439045969,0.677816971856853,0.999431561618104
"K05780",2.09232611941744,-1.87502153623961,1.92055762905314,-0.97629017108121,0.328920689313594,0.999431561618104
"K05781",3.33811103356514,0.535241289842181,1.86726373234811,0.286644720062713,0.774384368947434,0.999431561618104
"K05782",42.011926904776,0.276182849602834,0.556241866239894,0.496515753964701,0.61953057519228,0.999431561618104
"K05783",9.68122742610869,-0.95622533934468,1.42266089026966,-0.672138628316006,0.501495446961015,0.999431561618104
"K05784",40.69687032855,-0.853132149105657,0.658961647274043,-1.29466130940222,0.195437092497692,0.999431561618104
"K05785",38.9184956749114,-0.226560525369207,0.590322012102375,-0.383791423535663,0.701133045219642,0.999431561618104
"K05786",320.961604836587,-0.0498098646658749,0.300293361811126,-0.16587068180749,0.868258720374617,0.999431561618104
"K05787",0.38967316814323,2.59890514515267,3.76435381361847,0.690398744068767,0.489943466331164,0.999431561618104
"K05788",418.098909049352,-0.230900512733032,0.321844375467428,-0.71742907545824,0.473109384487016,0.999431561618104
"K05791",23.2762409892284,0.482121137021185,0.500613248232955,0.96306108302758,0.33551687032216,0.999431561618104
"K05792",47.9616742923119,0.827901086102474,0.367867383455915,2.25054224249182,0.0244145451251383,0.999431561618104
"K05793",13.3787612765777,0.923350949903386,1.00561257288722,0.918197499512511,0.358515477528278,0.999431561618104
"K05794",1981.05631674666,-0.109622939570098,0.286829071775425,-0.38218908178153,0.702321119737945,0.999431561618104
"K05795",1060.328693781,0.00829263558375939,0.280706177553893,0.0295420487572536,0.976432283504545,0.999431561618104
"K05797",29.6135347353871,0.699391192417325,0.447702804459303,1.56217737626636,0.118246208707226,0.999431561618104
"K05799",1277.05584187207,-0.0930436918946713,0.249069020511302,-0.373565896327317,0.708727310643266,0.999431561618104
"K05800",44.9190573333708,-0.100725384655051,0.549808046144393,-0.183201001442962,0.854640308628026,0.999431561618104
"K05801",28.3082423285685,0.531988172384133,0.612470150332825,0.868594448390739,0.385068992083816,0.999431561618104
"K05802",20.2759793880557,-0.36534475392249,0.619723269095674,-0.589528862544755,0.555506556387243,0.999431561618104
"K05803",0.795705596452948,-1.16667715701269,3.69901653748302,-0.315401984606036,0.752456460181589,0.999431561618104
"K05805",124.393930242023,0.09999494408319,0.310731548153258,0.321804929938658,0.747600479265666,0.999431561618104
"K05807",916.172467935054,-0.0399927110813858,0.238269240408563,-0.167846722526206,0.866703864615848,0.999431561618104
"K05808",1372.37852584295,-0.0669560067149463,0.220927504711534,-0.303067772400594,0.761838213729573,0.999431561618104
"K05809",3.15012624530322,-0.3218336596592,1.65511918098728,-0.194447423095675,0.845825560200086,0.999431561618104
"K05810",291.19562182873,-0.0707404504533189,0.256641763050378,-0.275638889058881,0.782825437157234,0.999431561618104
"K05811",1.70174799398928,-1.36430953109003,2.58557903707208,-0.52766112020887,0.597734563070962,0.999431561618104
"K05812",18.8512253602931,-0.353248276836079,0.935590210011182,-0.377567307840745,0.705752054555401,0.999431561618104
"K05813",212.506021021365,-0.309177832162596,0.371686872704187,-0.83182338378859,0.40550864286433,0.999431561618104
"K05814",55.9225122648222,-0.0214050676960079,0.55343455127646,-0.038676782370451,0.969148084540051,0.999431561618104
"K05815",53.3947472395079,0.239821504084014,0.435269774722764,0.550972105142755,0.581652796922503,0.999431561618104
"K05816",11.7439338070151,0.187087340145854,0.729352008447318,0.256511722705933,0.797555729770418,0.999431561618104
"K05818",3.70659167563253,-2.08957007412487,1.65199754870088,-1.26487480309405,0.205916211047589,0.999431561618104
"K05819",0.177151084382785,-0.640874455684684,3.81152694885504,-0.168141131962139,0.866472251331796,0.999431561618104
"K05820",24.4390179328454,-0.63275187529382,0.57660038742484,-1.09738371512332,0.272473689181587,0.999431561618104
"K05822",294.755891041557,0.329074602244764,0.631809891149192,0.520844334434546,0.602475215876597,0.999431561618104
"K05823",199.621685812401,0.324362514750567,0.599877605864982,0.540714491721789,0.588704388301664,0.999431561618104
"K05825",809.940831292333,-0.00813871714562959,0.223721973817698,-0.0363787115174547,0.970980388689907,0.999431561618104
"K05826",62.3649078457523,-0.162171169659965,0.421297453157358,-0.384932708338478,0.700287271858549,0.999431561618104
"K05827",30.8930398760119,0.0589582521971943,0.557416420231807,0.105770569465241,0.9157643879381,0.999431561618104
"K05828",8.0747823725196,0.310490750997095,1.14541616586688,0.271072436595225,0.786335320571169,0.999431561618104
"K05829",3.64021962339109,-0.337929263044095,1.8791109717647,-0.17983464953469,0.857282380656173,0.999431561618104
"K05830",10.3525477885627,1.24581284448297,0.955374072706353,1.30400528973313,0.192231778808276,0.999431561618104
"K05831",2.7744562592782,-0.148433744244437,1.96896300160985,-0.0753867615201892,0.939906992012223,0.999431561618104
"K05832",414.401245010279,-0.676417099439467,0.558848828391859,-1.21037580303411,0.22613472241602,0.999431561618104
"K05833",496.458752325464,-0.916553237440934,0.534731427831318,-1.71404407846038,0.0865206308873867,0.999431561618104
"K05834",68.4472133696979,-0.0674070550625658,0.381569272754797,-0.176657450889351,0.859777464397529,0.999431561618104
"K05835",23.2968988737843,-0.469370732429765,0.545574930126142,-0.860323131638843,0.389610945302069,0.999431561618104
"K05836",5.17026530671176,0.76680635750353,1.30348815302136,0.588272594366235,0.556349337618844,0.999431561618104
"K05837",539.591593488993,0.222289335669358,0.234289663717551,0.948779951032495,0.342732540844199,0.999431561618104
"K05838",1156.29116599588,-0.0560760794397084,0.218301830054517,-0.256874069382306,0.797275988695223,0.999431561618104
"K05841",3.17551154038232,0.124296789839661,1.35112422733719,0.091995086258372,0.92670194363545,0.999431561618104
"K05844",55.0500484924711,0.827669607260388,0.409125495919432,2.02302133578929,0.0430709478454587,0.999431561618104
"K05845",922.518768625707,0.00858517789157795,0.242005457269462,0.0354751417114481,0.971700867936007,0.999431561618104
"K05846",197.398781738288,0.229391121678778,0.357083838644276,0.642401298668954,0.520612656712595,0.999431561618104
"K05847",228.464184820837,0.19315438340708,0.33762485640966,0.572097639555052,0.567255828190769,0.999431561618104
"K05873",18.5800172836526,0.32216191164578,0.562520591590973,0.572711321970653,0.566840170215231,0.999431561618104
"K05874",6.79026867597694,-0.4179411658838,1.3456246017665,-0.310592690810748,0.756110284452595,0.999431561618104
"K05878",271.731154957037,-0.0394058203658527,0.255796448781452,-0.15405147551333,0.877569148378477,0.999431561618104
"K05879",88.07987060304,0.470966957731423,0.363025450894739,1.29733867576128,0.194514682554632,0.999431561618104
"K05881",129.049772208341,0.210979428774839,0.452481253711324,0.466272198117273,0.641020676398171,0.999431561618104
"K05882",67.8239403789473,0.173023602596951,0.409712004721008,0.422305425770405,0.672802098341361,0.999431561618104
"K05884",11.9496259584393,-0.843110222781087,0.809491388867279,-1.04153081104526,0.297629261132958,0.999431561618104
"K05886",3.31889330320036,-2.49886742409545,1.94159449179148,-1.28701818771116,0.198087948901085,0.999431561618104
"K05888",34.2635293131527,0.439976813370655,0.481976662799912,0.912859163791728,0.361316617126695,0.999431561618104
"K05889",11.0080694442785,-1.13775223412415,0.823748390732866,-1.38118902194386,0.167220849323798,0.999431561618104
"K05895",15.9107608630444,-0.137284374311256,0.565439160681053,-0.242792476817315,0.808166163856429,0.999431561618104
"K05896",484.044822010209,-0.120850409558953,0.201936626170031,-0.598457109297231,0.549534969469316,0.999431561618104
"K05898",136.585047182334,-0.260025895992597,0.316453550519947,-0.821687402670514,0.411254830601181,0.999431561618104
"K05901",1.98574043418753,0.726978533970936,1.49705241339793,0.485606600987924,0.627246115400514,0.999431561618104
"K05913",117.2446509389,-0.0119694242511089,0.305564559728509,-0.0391715068715548,0.968753650417403,0.999431561618104
"K05916",1904.24227071738,0.287106503175005,0.389261936031743,0.737566344405152,0.460778013413543,0.999431561618104
"K05917",2.59664451605058,0.533422943566305,1.4399822996433,0.370437153080591,0.711056795459078,0.999431561618104
"K05921",121.185955875695,-0.481685465920041,0.33972872261272,-1.4178532277624,0.156233620215913,0.999431561618104
"K05934",10.3564346992087,1.04271914346723,1.03215192968817,1.01023804100454,0.312381257784152,0.999431561618104
"K05936",25.0927110753976,0.442844818705482,0.49171517897645,0.90061246355523,0.367794405491589,0.999431561618104
"K05937",2.11476342364044,1.46979485180619,2.02586878861688,0.725513350156138,0.468137157798592,0.999431561618104
"K05939",119.341412278281,-0.393428438785219,0.325656725059133,-1.20810782800134,0.227005789086379,0.999431561618104
"K05942",7.00002287230958,-0.812229386370075,1.02551939338429,-0.7920175782241,0.428350426716354,0.999431561618104
"K05946",175.641309787895,-0.0819711632601946,0.247461941058873,-0.331247556329049,0.740457501128827,0.999431561618104
"K05947",20.98467302997,0.0128880987479228,0.831200222315732,0.0155054082059993,0.987628969887874,0.999431561618104
"K05966",8.98117008255958,0.967704794971912,0.993215159443326,0.974315369405244,0.329899975718007,0.999431561618104
"K05967",93.5433102746138,0.261061365604237,0.276088407097393,0.945571631742384,0.344367119106833,0.999431561618104
"K05970",17.5393818994085,-0.647220728711292,0.696400561298189,-0.929379964175763,0.352692207472493,0.999431561618104
"K05972",194.076865046885,-0.153876097724431,0.279036274578222,-0.551455533718769,0.581321440737521,0.999431561618104
"K05973",463.070790891805,-0.165596204625051,0.228800600538699,-0.723757735928857,0.469214480554715,0.999431561618104
"K05979",24.471422358417,-0.160753941537665,0.746671746558316,-0.2152939926797,0.829538112964284,0.999431561618104
"K05982",13.5452275413024,0.428713558019147,0.762182310463331,0.56248164269062,0.573787907506674,0.999431561618104
"K05985",46.9454679117988,0.407280767922754,0.943786866419963,0.431538923049098,0.666076557457279,0.999431561618104
"K05986",9.83358189030295,-0.195754226974815,0.762803625537101,-0.25662466776686,0.797468530449656,0.999431561618104
"K05988",1.32958957015434,1.03544523138224,2.66537584229201,0.388480009067627,0.697660845156851,0.999431561618104
"K05989",625.688341340013,0.436175658632159,0.24724813750834,1.76412110937517,0.0777115911649669,0.999431561618104
"K05991",39.8751214801009,0.635394577952183,0.539990870707887,1.17667651884416,0.239324643447761,0.999431561618104
"K05994",7.28320519573376,-0.192416496393151,0.916256345689266,-0.210002907263255,0.833665403964066,0.999431561618104
"K05995",146.363947134147,-0.326459646934526,0.26742871720578,-1.22073519383232,0.222186297950784,0.999431561618104
"K05996",53.1548330292141,0.169910903911396,0.517478171815763,0.328344098679951,0.742651504744766,0.999431561618104
"K06001",136.94258400077,0.146836510844969,0.318809231745337,0.460577976494299,0.645101415363689,0.999431561618104
"K06006",905.663949901531,-0.126738481073185,0.285752884957876,-0.443524764734633,0.657386210679475,0.999431561618104
"K06012",1.74566260281543,-2.56216325556031,2.13557247023462,-1.19975476893033,0.23023459536541,0.999431561618104
"K06013",196.351066074789,0.114155233148266,0.291078131329764,0.392180726964125,0.694924683474418,0.999431561618104
"K06015",598.740102382624,0.219349334205626,0.294414782956383,0.745035055655212,0.456250527962719,0.999431561618104
"K06016",93.2367762649043,-0.185587810828633,0.336814645287662,-0.551008732622446,0.581627688277823,0.999431561618104
"K06019",255.200567073813,0.2892961615877,0.461684465497704,0.626610127061204,0.530914828388757,0.999431561618104
"K06020",2452.56335867066,-0.0474614403221014,0.179902089298091,-0.263818171913833,0.791920031339597,0.999431561618104
"K06023",649.533804206878,0.0329972951960953,0.497790304586872,0.066287540942527,0.947148902295643,0.999431561618104
"K06024",497.012971987945,-0.0743385576956562,0.217964598652032,-0.341057943149445,0.733059961526127,0.999431561618104
"K06033",2.11888730947934,1.25358188679731,2.01835491031913,0.621090909427371,0.534539810142254,0.999431561618104
"K06034",0.995213797395215,-2.88886358701661,2.71657403834138,-1.0634216282139,0.287590788819111,0.999431561618104
"K06035",1.13492374146326,-3.07797702705723,3.70725882189057,-0.830256848775281,0.406393579672913,0.999431561618104
"K06037",174.662130863085,-0.442924593208556,0.632360267197612,-0.700430776859898,0.483658321473765,0.999431561618104
"K06041",205.718559488925,0.0758576476258778,0.266162435510387,0.285005085260867,0.775640245958639,0.999431561618104
"K06042",60.6809396091656,-0.179240041785997,0.50136573777095,-0.357503571310816,0.720714853096796,0.999431561618104
"K06044",541.010671251858,-0.0713577166899497,0.267280846491167,-0.266976544061147,0.789487220935923,0.999431561618104
"K06045",113.620914457775,-0.0436520590722487,0.359142522491249,-0.121545226027398,0.903259195022073,0.999431561618104
"K06048",699.640472412776,-0.0105253918834028,0.198033463701365,-0.0531495621329693,0.957612742357037,0.999431561618104
"K06075",645.361408027062,0.0574125075904363,0.237743866350011,0.241488911877594,0.809176209271669,0.999431561618104
"K06076",96.7167113570771,0.422547573395721,0.345615856763254,1.22259313375533,0.221483407788445,0.999431561618104
"K06077",344.134979945251,0.173531009247552,0.285895553936756,0.606973444875395,0.543868535318186,0.999431561618104
"K06078",17.164376812865,0.64265819857041,0.755664220579085,0.85045471397061,0.395072327880981,0.999431561618104
"K06079",1.95597659294275,4.94642620998034,2.58390491466254,1.91432207195843,0.0555790158938007,0.999431561618104
"K06113",200.473217809838,0.323959458363582,0.260059704208288,1.24571186201194,0.212870197206223,0.999431561618104
"K06117",191.174516172822,-0.153530676888744,0.278584037055949,-0.551110819238754,0.581557709162769,0.999431561618104
"K06118",540.08063515201,0.194377468732558,0.251176321927425,0.773868600515302,0.439008499681836,0.999431561618104
"K06123",1.03879945286409,0.771840291250278,2.83331143566299,0.27241632583524,0.785301921021286,0.999431561618104
"K06131",226.8602199336,-0.399451560708484,0.350295325170774,-1.14032798043692,0.254149684909894,0.999431561618104
"K06132",12.5388418169363,-1.24857124067855,0.747192470878273,-1.67101689235565,0.0947183412680194,0.999431561618104
"K06133",37.5425608425647,-0.810906514719793,0.539561784430429,-1.50289834847329,0.13286525897567,0.999431561618104
"K06134",22.7322894240052,-0.280676537758807,0.633880532278205,-0.442790910063192,0.657916978782613,0.999431561618104
"K06135",2.72388340985928,-0.609191322606905,2.0436966996567,-0.298083038793983,0.765639786550497,0.999431561618104
"K06136",398.193682738113,-0.100754856202985,0.28582192063927,-0.35250919865641,0.724456421122707,0.999431561618104
"K06137",1462.80696662717,-0.663700269237048,0.91347440847249,-0.726566900048011,0.467491311153444,0.999431561618104
"K06138",37.7981064275067,0.231894705964144,0.47213502618574,0.491161835285898,0.623311989604824,0.999431561618104
"K06139",82.973190785819,-0.187843753948745,0.403261879574562,-0.465810837728869,0.641350906861149,0.999431561618104
"K06140",55.2238810472952,-0.203978408618861,0.416350622109718,-0.489919788243063,0.624190659773899,0.999431561618104
"K06142",957.861702753432,0.0747968714252566,0.32391018599222,0.230918552919645,0.817378077076107,0.999431561618104
"K06143",6.71370871866448,-1.97625253377792,1.20565992179264,-1.63914591341771,0.101182874908704,0.999431561618104
"K06145",14.6991843106703,0.0874219474873642,0.70419129881741,0.124145168556012,0.901200335418312,0.999431561618104
"K06147",1277.31273884267,0.120391807180292,0.231221780812901,0.520676757860065,0.602591968023021,0.999431561618104
"K06148",24.790235055071,-0.50612000579157,0.572553340592966,-0.883970051187556,0.376712380020844,0.999431561618104
"K06151",50.4064345013623,-0.820260475932758,0.454871035499369,-1.80328139608242,0.07134403284409,0.999431561618104
"K06152",41.389766158391,-0.556914419533842,0.482345199774728,-1.15459720505965,0.248255411760952,0.999431561618104
"K06153",773.73542648779,0.0370023108718787,0.328817827162769,0.112531340502904,0.91040212142602,0.999431561618104
"K06155",68.0847269577727,-1.61126001245806,1.84217104264602,-0.874652773905135,NA,NA
"K06158",688.943230887188,0.0210082090738715,0.219431405183845,0.0957392997427616,0.92372762756345,0.999431561618104
"K06160",7.70498594784701,-0.459799087115369,0.945902642485297,-0.486095573120799,0.626899405468275,0.999431561618104
"K06162",8.77243405516538,-2.10746614461209,1.00044139476113,-2.10653633051167,0.0351577907337461,0.999431561618104
"K06163",4.51069029786321,1.39861527369399,1.56099767785527,0.895975242971285,0.370265985747132,0.999431561618104
"K06164",6.70786841183773,0.168727671331156,1.06407863442394,0.158566919654862,0.874010093278835,0.999431561618104
"K06165",0.572574222149464,-0.677750428921089,3.3384057388637,-0.203016194535951,0.839122374376694,0.999431561618104
"K06166",1.83172143693649,3.23031457733319,2.11602877388693,1.52659293540675,0.126862264824349,0.999431561618104
"K06167",64.9417880777507,0.292702776384455,0.386588287785669,0.757143414926048,0.448963946302839,0.999431561618104
"K06168",2469.97366487596,0.135870955774471,0.247162966627658,0.549722143362826,0.582509966589781,0.999431561618104
"K06169",2.57432543954365,-4.24762539258771,1.85254624348401,-2.29285795565317,0.0218561840871541,0.999431561618104
"K06173",454.785765855085,-0.0758226917838139,0.233572314460135,-0.324621914027207,0.745467239728685,0.999431561618104
"K06174",31.2887028241497,1.02785079715552,0.657365131199231,1.56359190406161,0.117913437359997,0.999431561618104
"K06175",1.93718493865649,-3.8403437534102,2.83654167181382,-1.35388236724,0.17577390986454,0.999431561618104
"K06176",35.3589673048624,0.365956603211936,0.517786064134107,0.706771828291526,0.47970828425816,0.999431561618104
"K06177",14.4278709356729,0.093995503625302,0.723963091279641,0.129834662509052,0.896697238297975,0.999431561618104
"K06178",814.492808165135,-0.255156821164716,0.229294854029127,-1.11278913015773,0.265799004881757,0.999431561618104
"K06179",90.5012177401569,-0.395756971597535,0.378830643733032,-1.04468046116256,0.296170678197089,0.999431561618104
"K06180",979.96490078297,0.161424422309943,0.323362732493815,0.499205400279175,0.617634690573555,0.999431561618104
"K06181",3.01085400257919,-0.501731594009307,1.60270882008447,-0.313052244875562,0.754240969827342,0.999431561618104
"K06182",29.7388407867612,-0.309221556402761,0.477859045689486,-0.647097840235703,0.517568623022365,0.999431561618104
"K06183",65.9637855900104,0.746836897378139,0.694840550331163,1.07483205610581,0.282449925709083,0.999431561618104
"K06186",50.9546601820057,-0.20399833842391,0.51166048062732,-0.398698641282199,0.690115269138452,0.999431561618104
"K06187",1127.38116141033,0.150407961836298,0.213072029334229,0.705901953936736,0.480249112373131,0.999431561618104
"K06188",74.1520229747997,0.0154432057626244,0.400014643933307,0.0386066010253343,0.969204039360847,0.999431561618104
"K06189",182.466679951383,-0.359256676896155,0.320335744950138,-1.12150043371549,0.262074907005942,0.999431561618104
"K06190",59.7529766733025,0.0932093434501488,0.430575315688976,0.216476281974042,0.828616511099413,0.999431561618104
"K06191",149.107933006083,-0.232458590113227,0.440819405358062,-0.527332933368506,0.597962407978853,0.999431561618104
"K06192",8.36680845259235,-0.122808144791601,0.911868506322993,-0.134677471521427,0.892866886008872,0.999431561618104
"K06193",13.803033446644,0.592969336155872,0.562243190096753,1.05464920980872,0.291585788722284,0.999431561618104
"K06194",68.5027653621273,0.0958718986186225,0.373382663214333,0.256765801050567,0.7973595719423,0.999431561618104
"K06195",77.406428595875,0.267954500567253,0.397765733622857,0.67364902986167,0.500534473914289,0.999431561618104
"K06196",380.087281417102,0.0266028101451204,0.224139902815308,0.118688416524572,0.905522213949562,0.999431561618104
"K06197",100.672641518427,0.0366261314164821,0.318590821548539,0.114962920897901,0.908474511965729,0.999431561618104
"K06198",20.8077858162658,0.351405004134126,0.786730146323256,0.446665233023547,0.655116788019775,0.999431561618104
"K06199",62.2088801137787,-0.339958795243259,0.369449449253963,-0.920176754708241,0.357480399571041,0.999431561618104
"K06200",445.794373593387,-0.26498987191798,0.301613446041134,-0.878574464753276,0.379632046156017,0.999431561618104
"K06201",17.4185700830645,0.57995196949937,0.889702108205405,0.651849606908515,0.514498196376284,0.999431561618104
"K06202",7.30004992932465,0.0497994989316889,0.858642588523557,0.0579979372061192,0.953750271633782,0.999431561618104
"K06203",78.6799848605937,0.0819149212467492,0.380874570356004,0.215070597047692,0.829712277640985,0.999431561618104
"K06204",2469.75355232473,-0.0976175041399957,0.233539620331733,-0.417991191393281,0.675953557542522,0.999431561618104
"K06205",18.4894333127911,0.137250196642212,0.865400274191602,0.158597357471861,0.873986110876736,0.999431561618104
"K06206",8.22719364258701,0.831180755209736,1.06539241660003,0.780163949225646,0.435294379178528,0.999431561618104
"K06207",13054.1361144131,0.0847587474431628,0.247495740996099,0.342465478807971,0.732000619001106,0.999431561618104
"K06208",287.771008255705,-0.0490808268769063,0.27672716643409,-0.177361794685222,0.859224214935019,0.999431561618104
"K06209",136.566767602735,0.412618266447007,0.612943926163119,0.673174574108104,0.500836234904189,0.999431561618104
"K06211",6.48410845629952,1.04196473795776,1.648624634061,0.632020604587913,0.527373413433229,0.999431561618104
"K06212",0.313260684959905,2.32639373729202,3.79152128977883,0.613577917540251,0.539494279532316,0.999431561618104
"K06213",374.793040108229,-0.255597291542199,0.267309621012816,-0.956184407331695,0.338979076246658,0.999431561618104
"K06215",6856.14218746036,0.0174155036644294,0.227075505652988,0.0766947699372003,0.938866365273019,0.999431561618104
"K06217",3144.90297281541,0.0404033685614463,0.179279774977133,0.225364900009495,0.82169541503328,0.999431561618104
"K06218",23.8121656404544,0.395574588243922,0.71922253216464,0.550003052676011,0.582317279785492,0.999431561618104
"K06221",813.032504269467,-0.06926939193398,0.247877671122748,-0.27944990615826,0.779899576289261,0.999431561618104
"K06222",19.9529732616218,0.082808426052568,0.694119621963898,0.119299935389054,0.905037734686745,0.999431561618104
"K06223",5.57675365205242,0.262959473670259,1.50440247862522,0.17479329993564,0.861242053167518,0.999431561618104
"K06281",36.9852913306532,-0.474343458286493,0.525388303311379,-0.902843583111455,0.3666089164329,0.999431561618104
"K06282",83.2974283492645,-0.577633761970677,0.611538170660914,-0.944558802186306,0.344884168156757,0.999431561618104
"K06284",542.568228532568,0.338762271686124,0.579984799750764,0.58408818960721,0.559160980321751,0.999431561618104
"K06285",28.7696452934169,0.0206886200733557,0.645192828272619,0.0320657936151361,0.974419582115103,0.999431561618104
"K06286",234.261361461537,0.411619315140908,0.500225726243178,0.822867144863327,0.41058354822051,0.999431561618104
"K06287",118.804996069106,-0.257274033749918,0.345922980454686,-0.743732126185294,0.457038549638853,0.999431561618104
"K06289",1.59588719263344,-3.58072529340945,2.9519102903472,-1.2130196859703,0.225122294101064,0.999431561618104
"K06295",13.4710552382698,-0.0698677223955737,0.948979959225154,-0.073624023053786,0.94130955537873,0.999431561618104
"K06296",14.0842311455971,0.588858337931937,0.588682827081926,1.00029814161708,0.317166246285124,0.999431561618104
"K06297",13.9433917032795,-0.412621289450491,0.977208052819772,-0.422245076941248,0.67284614246757,0.999431561618104
"K06298",19.6820476696431,0.253875368967825,0.598104799434003,0.424466363099028,0.671225731461924,0.999431561618104
"K06300",1.15647248443659,1.5323567477571,3.24270582316158,0.47255496838843,0.636530716285273,0.999431561618104
"K06301",2.16497613455187,-0.363938309577109,2.13459416270496,-0.170495317534236,0.864620616520171,0.999431561618104
"K06303",1.26519779525067,1.14186368524592,2.67741656857201,0.426479651560133,0.669758372288446,0.999431561618104
"K06304",0.442877710956963,-1.75197859936088,3.75062833962534,-0.467116024494148,0.640416869956229,0.999431561618104
"K06305",8.68576481113692,0.641220484424299,1.34253068251165,0.477620729847816,0.63292017373803,0.999431561618104
"K06306",15.2538854108287,0.927910982633607,0.978916917450144,0.947895542607032,0.343182634362107,0.999431561618104
"K06310",6.21218025333152,-0.729612524110506,1.40010505160028,-0.521112700276724,0.602288264143869,0.999431561618104
"K06311",1.29814475201829,0.708999374283794,1.6531465294666,0.42887872408537,0.668011484282842,0.999431561618104
"K06312",0.677636507578652,-2.31575466224027,3.72737250647871,-0.62128339955697,0.53441317414807,0.999431561618104
"K06313",5.28052265888184,-0.188926925629792,1.05863561688109,-0.178462657610559,0.858359645303612,0.999431561618104
"K06314",39.4912080207692,0.275283323685645,0.793181431956032,0.347062238971959,0.72854456126948,0.999431561618104
"K06315",1.67575937320673,-1.28356447316144,2.65666246209739,-0.483149248906874,0.62898976754664,0.999431561618104
"K06317",27.8014317545352,1.02652535162849,0.78005818689267,1.31595997436757,0.188187477182884,0.999431561618104
"K06318",0.313260684959905,2.32639373729202,3.79152128977883,0.613577917540251,0.539494279532316,0.999431561618104
"K06320",76.984500998111,-0.0392151675363085,0.353039823708082,-0.111078594829388,0.911554022538762,0.999431561618104
"K06324",11.9136758075351,0.756951728992509,1.04636073844347,0.723413734080394,0.469425735889186,0.999431561618104
"K06325",7.42283329945321,-1.73477188863103,1.17416813363361,-1.47744759795394,0.1395556951939,0.999431561618104
"K06327",303.626423746194,0.574146297373903,1.07840588773267,0.53240278442937,0.594447057099404,0.999431561618104
"K06328",10.8331409790349,0.302282379222521,1.32463987359294,0.228199667886044,0.819491019617039,0.999431561618104
"K06329",2.08780297214217,0.277758633186267,2.44443589663807,0.113628929099053,0.909531953765373,0.999431561618104
"K06330",51.4523326003399,-0.0507873913718161,0.647280799246735,-0.0784626879569412,0.93746000938465,0.999431561618104
"K06332",0.404135832675437,-1.6052574418564,3.75828403707027,-0.427125099120438,0.669288212568113,0.999431561618104
"K06333",0.315560290484045,-1.24660761453635,3.78051565677572,-0.329745391293933,0.741592352881727,0.999431561618104
"K06334",2.4004415826287,-0.110452567215052,1.65721069573749,-0.0666496828068674,0.946860592486188,0.999431561618104
"K06335",1.17910525459963,-0.545365935283214,2.76994050193429,-0.196887238156334,0.843915780684927,0.999431561618104
"K06336",591.640633687042,0.135919060174594,0.257754367421048,0.527320105317814,0.597971314700668,0.999431561618104
"K06338",0.776659137819701,-1.26726950915656,3.69920567893764,-0.34257881803439,0.731915339572413,0.999431561618104
"K06343",6.04576580051775,0.131134037860368,1.14147993199274,0.11488072123304,0.908539666139109,0.999431561618104
"K06345",4.3546153737137,2.09462401303901,1.07828134139161,1.9425579694588,0.0520695893939361,0.999431561618104
"K06346",1050.41115475395,-0.060537096092955,0.210694257824365,-0.28732200259306,0.773865776962501,0.999431561618104
"K06347",26.0166195144449,-0.220354831742135,0.801929234916139,-0.274780893559989,0.78348457799781,0.999431561618104
"K06348",95.5720492651674,-0.191572173109744,0.6035446942421,-0.317411742555886,0.75093119827688,0.999431561618104
"K06349",161.665205587898,0.267857105232826,0.726052812838642,0.368922343521523,0.712185608567431,0.999431561618104
"K06350",10.0480853125147,1.15635739752271,1.22429268569032,0.944510582345511,0.344908796706435,0.999431561618104
"K06351",49.3840978587988,0.0326980202664713,0.626941131584475,0.0521548493457962,0.95840530893973,0.999431561618104
"K06370",2.23253812737646,-4.05872574104793,2.25587660094259,-1.7991789707611,0.0719903748302215,0.999431561618104
"K06373",7.75630897984647,1.2981526568005,0.891797398114111,1.45565871749089,0.145486987389767,0.999431561618104
"K06374",3.90994973013106,-0.649315204480912,1.60735015386815,-0.403966244018648,0.686237542038519,0.999431561618104
"K06375",39.1543505787068,-0.139680220567643,0.757428525132924,-0.184413731372383,0.853688898478893,0.999431561618104
"K06376",40.1120191984914,0.245477438875535,0.664393381041284,0.369476045186973,0.711772925195321,0.999431561618104
"K06377",60.7516846899975,-0.746685666116199,0.555004298953485,-1.34536915754373,0.178506050227838,0.999431561618104
"K06378",5.9064731583136,-0.98393462190063,0.983222564081017,-1.00072420817588,0.316960160417061,0.999431561618104
"K06379",6.06227992441981,-2.84284576584187,1.26075130279024,-2.25488227499761,0.0241407191706866,0.999431561618104
"K06380",2.59259890822387,0.663320692215379,2.04382005257801,0.324549458930441,0.745522083999438,0.999431561618104
"K06381",987.772350491574,0.116857795706064,0.171433183626844,0.681652135449028,0.495458940057694,0.999431561618104
"K06382",6.3899270788859,-0.918124543777135,1.22309089478527,-0.750659290892953,0.452857728603528,0.999431561618104
"K06383",13.6681799204366,-1.7735395838562,1.04365919531807,-1.6993474419738,0.0892537385776267,0.999431561618104
"K06384",140.619363991665,-0.211984381651092,0.429898300403194,-0.493103558335251,0.621939416741083,0.999431561618104
"K06385",0.150217253095333,-0.060392878424755,3.81694647031143,-0.0158223016472713,0.987376156521306,0.999431561618104
"K06386",53.6590933354633,0.223561804648405,0.68293919657759,0.32735242869166,0.743401342418157,0.999431561618104
"K06387",10.1889077190202,-1.03706358650425,1.01491150922863,-1.02182660958536,0.306862972747659,0.999431561618104
"K06390",0.313260684959905,2.32639373729202,3.79152128977883,0.613577917540251,0.539494279532316,0.999431561618104
"K06391",0.150217253095333,-0.060392878424755,3.81694647031143,-0.0158223016472713,0.987376156521306,0.999431561618104
"K06392",0.731995832066111,-1.04816726794248,3.73887960719348,-0.280342610103262,0.77921466271835,0.999431561618104
"K06394",1.99880901005977,-1.08728812872455,1.81583191556645,-0.598782364933471,0.549318023725044,0.999431561618104
"K06395",0.177151084382785,-0.640874455684684,3.81152694885504,-0.168141131962139,0.866472251331796,0.999431561618104
"K06396",0.300434506190667,-1.00252203301266,3.79535279319863,-0.264144623079363,0.791668480296891,0.999431561618104
"K06398",9.67863060723847,0.13804375325925,1.28655346895035,0.107297330885031,0.914553101964972,0.999431561618104
"K06399",3.67048272921858,-0.752296195744322,1.39546180312318,-0.539101961845612,0.589816501982196,0.999431561618104
"K06400",796.101963393953,0.012143707009629,0.21647464022334,0.0560975964533313,0.955264058677672,0.999431561618104
"K06401",7.44324876884933,0.964284844696917,1.08460946124114,0.889061804415269,0.373969865006786,0.999431561618104
"K06402",371.285435702619,0.0870818927148378,0.225030121617998,0.386978827939598,0.698771882068076,0.999431561618104
"K06403",0.470076793869549,1.7472327718288,3.49036288112173,0.500587712893416,0.616661311608924,0.999431561618104
"K06404",0.237219734635964,-0.873927059337839,3.80302396467111,-0.229797936446455,0.818248788296786,0.999431561618104
"K06405",0.387436987731298,-1.507610126247,3.76381574219427,-0.400553648082697,0.688748777836439,0.999431561618104
"K06406",1.97942043611135,-1.88156718532475,1.83067360044734,-1.02780046910873,0.304043695571177,0.999431561618104
"K06407",4.26138033696146,0.980277207415299,1.58933604754031,0.616784102350412,0.537377139278328,0.999431561618104
"K06408",36.334380892608,0.505347991074008,0.933226734880766,0.541506122987972,0.588158778453278,0.999431561618104
"K06409",8.41542846577287,1.98418815042328,1.1377925029459,1.74389279704863,0.0811777848714068,0.999431561618104
"K06410",0.978562675681874,-1.54738971337613,2.909312478561,-0.53187470399931,0.594812778345029,0.999431561618104
"K06411",2.60310251567239,1.97970953953976,2.30864592720227,0.857519776511968,0.391157689940044,0.999431561618104
"K06412",1384.89361569575,-0.424834150066973,0.42916057410449,-0.989918868837043,0.322213775960986,0.999431561618104
"K06413",203.223541267998,-0.137545015962538,0.301290944087879,-0.456518918545456,0.64801686973224,0.999431561618104
"K06414",5.22992603633818,1.12062965943788,1.3419949273348,0.835047612037889,0.403690901413178,0.999431561618104
"K06415",435.556671813612,0.0555048175441867,0.263548398878911,0.210605785428007,0.833194897451069,0.999431561618104
"K06416",88.9467932643023,-0.151907566488329,0.331720045510035,-0.457939062002611,0.646996222161839,0.999431561618104
"K06417",0.827853760673986,-2.60431256956084,3.54659061633406,-0.734314402560731,0.462757141994535,0.999431561618104
"K06419",36.3714421026701,-0.0937404061192937,0.659582692339367,-0.142120779104772,0.886984605420455,0.999431561618104
"K06421",5.95481075007287,-0.642252129975535,1.13374659754471,-0.566486489455778,0.571063114728563,0.999431561618104
"K06422",169.482534490282,0.207996686396483,0.354638082249885,0.586504091937662,0.557536812533338,0.999431561618104
"K06423",0.313260684959905,2.32639373729202,3.79152128977883,0.613577917540251,0.539494279532316,0.999431561618104
"K06425",1.78870206146685,3.22036060566229,2.09072019558925,1.54031161723898,0.1234844133646,0.999431561618104
"K06426",5.43769274693483,-0.241382412010826,1.88795873425836,-0.127853648297905,0.898264793202585,0.999431561618104
"K06428",22.6505734307189,0.877874835597322,0.754114032634813,1.16411417584964,0.244377744539289,0.999431561618104
"K06429",0.355829601953947,-1.40073393539179,3.77030210630521,-0.371517691659057,0.710251981325311,0.999431561618104
"K06431",4.76246285885031,0.284545781363028,1.22284043282106,0.232692486873851,0.816000203702309,0.999431561618104
"K06432",1.2161786257688,-3.17958284696015,2.64196215361764,-1.20349295791628,0.228785614848973,0.999431561618104
"K06433",0.566824252526015,1.29709515689681,3.75885733192722,0.345076985465625,0.730036494921352,0.999431561618104
"K06434",5.63620747204758,0.749037143099643,1.73303531044093,0.432211126101677,0.665587973624176,0.999431561618104
"K06436",8.45272562681724,-0.0620638192745608,1.1389802195234,-0.0544906910679545,0.956544225023794,0.999431561618104
"K06438",0.200542578917755,1.62272230958218,3.81694647031143,0.425136250194722,0.670737353439905,0.999431561618104
"K06439",4.38019686319396,0.356119012348239,1.82466511489799,0.195169518746538,0.845260240695125,0.999431561618104
"K06440",0.907938993170608,-2.7565027854187,3.7144876144013,-0.742095026708816,0.458029762840776,0.999431561618104
"K06442",359.606386648358,0.183745775879325,0.297417591942297,0.617803992962775,0.53670455104312,0.999431561618104
"K06443",38.4607294819656,-0.339954555949331,0.474866450138009,-0.715895081344515,0.474056135822206,0.999431561618104
"K06445",95.8082247472175,0.548849294500744,0.363714659185046,1.50901065063068,0.131296061022324,0.999431561618104
"K06446",39.5918834291833,-0.245669787254899,0.58916717046586,-0.416978065937798,0.676694451306471,0.999431561618104
"K06447",16.0222113505676,0.0430083041971905,0.895886721037397,0.0480064088318987,0.961711134988607,0.999431561618104
"K06518",26.8585789731825,0.19991240739571,0.559470315460251,0.357324422532143,0.720848948684936,0.999431561618104
"K06596",120.53968882911,0.408664728105955,0.307139310071958,1.33055169007905,0.183336567447143,0.999431561618104
"K06597",2.80350844469158,1.42440364414091,1.65405760822674,0.8611572154781,0.389151460557742,0.999431561618104
"K06598",1.3552730151573,-3.31943654211437,3.08660074360382,-1.07543437517568,0.282180298511468,0.999431561618104
"K06601",15.5744577337739,0.223949021938226,0.701369609367342,0.31930243190924,0.749497188735547,0.999431561618104
"K06602",0.177151084382785,-0.640874455684684,3.81152694885504,-0.168141131962139,0.866472251331796,0.999431561618104
"K06603",36.436442028436,0.574466299207032,0.564097435184753,1.01838133516576,0.30849676879213,0.999431561618104
"K06605",266.080670264995,0.274103043638914,0.395592346930511,0.692892685527768,0.488376900289874,0.999431561618104
"K06606",6.1191855627104,0.0957865711042743,1.28651946527279,0.074454039515029,0.940649110766476,0.999431561618104
"K06609",509.167597457932,0.0649016465220787,0.466984629252649,0.138980262853503,0.889465745633111,0.999431561618104
"K06610",44.3123316902976,0.529588273577306,0.729908801964443,0.725554031067986,0.468112210437087,0.999431561618104
"K06714",71.4094950958855,-0.132323656403951,0.799176739955582,-0.165574959565647,0.868491454627897,0.999431561618104
"K06718",1.36334101248738,-3.35007180789821,3.09253272250031,-1.08327772363543,0.278685169905089,0.999431561618104
"K06720",29.5678669818686,0.409074924302861,0.720507737943924,0.567759238048182,0.570198461515228,0.999431561618104
"K06726",17.8241557108492,0.269491329762237,1.12686496081501,0.239151397135754,0.810988188661584,0.999431561618104
"K06857",31.1569697053273,-0.320931512204071,0.557031842943537,-0.576145719979247,0.56451669056029,0.999431561618104
"K06859",141.889074625218,-0.253289057038104,0.471594605508869,-0.537090658118947,0.591204993390837,0.999431561618104
"K06860",79.1215868542185,0.488829517048194,0.411948559116715,1.18662756849138,0.235374556684305,0.999431561618104
"K06861",330.799747345334,-0.106919759171869,0.279725906164364,-0.382230450650658,0.702290437155727,0.999431561618104
"K06862",1.7505534007655,-2.58407735286035,1.91344681266835,-1.35048297959053,0.176861109629194,0.999431561618104
"K06863",3.26911955568026,0.34653309214337,1.2418040671111,0.279056174255844,0.780201715458987,0.999431561618104
"K06864",260.391798209479,-0.254584305604102,0.265193970711115,-0.959992811757507,0.33705883270725,0.999431561618104
"K06865",2.14103244082838,0.0706076552539053,2.09852153571116,0.033646381060358,0.973159136450051,0.999431561618104
"K06867",21.4967406006021,-0.248250715992205,0.647841481586512,-0.383196697105995,0.701573926796145,0.999431561618104
"K06869",14.5776648363714,-0.704321671539552,0.881240607502928,-0.799238783985805,0.424151967139098,0.999431561618104
"K06871",30.8893011517676,-0.0200852437680253,0.783256398194512,-0.0256432552792724,0.979541884677963,0.999431561618104
"K06872",151.28795286839,0.111664708386444,0.261385389102073,0.427203329038556,0.669231236793355,0.999431561618104
"K06873",0.995657736076972,-2.90487876065237,2.72238044667985,-1.06703630060049,0.285955444176418,0.999431561618104
"K06875",2.76674987644778,0.943395833367388,1.34703856050457,0.700348053150026,0.483709968996877,0.999431561618104
"K06876",12.8571807678107,-0.603425851039209,0.84784944975593,-0.711713443009153,0.476642241496857,0.999431561618104
"K06877",532.361313064732,0.0695038386755411,0.197455965431073,0.351996651627136,0.724840773602379,0.999431561618104
"K06878",42.1547729692786,0.0829865614216769,0.40729388258144,0.203751062735599,0.838548036798647,0.999431561618104
"K06879",26.1088649672812,-1.23168189299517,0.52254293816239,-2.35709221777369,0.0184186722175583,0.999431561618104
"K06880",245.56584794388,-0.0588804005192704,0.362736791802278,-0.162322658880892,0.871051772094896,0.999431561618104
"K06881",832.908114404059,-0.05865234876402,0.221076838972453,-0.265303000697094,0.790776053092332,0.999431561618104
"K06884",165.512484633209,0.0477434310934197,0.273666488018995,0.174458449183979,0.861505182707905,0.999431561618104
"K06885",216.516366720651,0.429173100770866,0.486328297504446,0.882476103021627,0.377519397070459,0.999431561618104
"K06886",698.388573442321,-0.0943431831871141,0.21218575857461,-0.444625425480383,0.656590470107442,0.999431561618104
"K06888",626.999032846608,0.0536666552482577,0.181921259764666,0.294999360259934,0.767994368411655,0.999431561618104
"K06889",299.746380983138,0.0712667307517311,0.268660075155721,0.265267292545881,0.790803558964928,0.999431561618104
"K06890",3569.47770888316,-0.000671476571428241,0.195111080716943,-0.0034415091596073,0.997254078396131,0.999431561618104
"K06891",1149.72684497204,-0.0209984321605271,0.225679640691333,-0.0930453101405242,0.9258675650408,0.999431561618104
"K06893",254.817548772948,0.150473653080265,0.363718719541759,0.413708849711785,0.67908734516945,0.999431561618104
"K06894",99.9152715977792,-0.0175506323658621,0.303100360209991,-0.0579037001265946,0.953825335794792,0.999431561618104
"K06895",45.2074959348952,-0.410839208985286,0.73481401099915,-0.559106389964795,0.576089114030177,0.999431561618104
"K06897",36.7620526329307,0.477729378964825,0.594639549052846,0.803393214806788,0.421747495571663,0.999431561618104
"K06898",114.539275070371,0.0352861574640602,0.26949715176624,0.13093332242215,0.895828054106778,0.999431561618104
"K06901",1239.01841039637,0.351270579322442,0.424022643079472,0.828424106720653,0.407430358915268,0.999431561618104
"K06902",172.310159862883,-0.131856251104521,0.225885055637738,-0.583731627275003,0.559400885156481,0.999431561618104
"K06903",9.68175662414298,0.456484258742051,0.991834304572392,0.460242458480859,0.645342198217494,0.999431561618104
"K06904",12.2943035035759,-1.50717277210079,0.981973977760974,-1.53483982899153,0.124823176666899,0.999431561618104
"K06905",21.8039244912451,-0.0437833592422772,0.795500761530267,-0.05503873957085,0.956107600837359,0.999431561618104
"K06906",2.04715644421823,-1.70715277506657,2.4308231555128,-0.702294106091166,0.482495768142568,0.999431561618104
"K06907",290.662802609536,-0.228882499276711,0.360788526896918,-0.634395171169357,0.525822960162688,0.999431561618104
"K06909",41.7486184903484,0.206156070048709,0.551741266564062,0.373646276872735,0.708667499614729,0.999431561618104
"K06911",5645.50917823689,0.0479802177553184,0.264979185353974,0.181071647915377,0.856311338405812,0.999431561618104
"K06912",48.5274166031935,-0.654058937665294,0.509709360081517,-1.2831997779297,0.199422093774901,0.999431561618104
"K06913",5.28755600359136,-0.368063845637799,1.22626032125538,-0.300151476206125,0.764061615889088,0.999431561618104
"K06915",196.71480150418,-0.220374362761072,0.292819494991525,-0.752594572869713,0.451693579895268,0.999431561618104
"K06916",68.3695345444074,-0.299699060185775,0.477879001908565,-0.62714423314025,0.530564694503794,0.999431561618104
"K06917",184.856966742465,0.330092016962675,0.571023232678269,0.578071080250877,0.563216131009014,0.999431561618104
"K06918",55.4158135923915,-0.547791273939153,0.401531972947129,-1.36425318740753,0.172487893692137,0.999431561618104
"K06919",27.7561026356003,0.631601120351156,0.456079127817787,1.38484986886638,0.166098378571882,0.999431561618104
"K06920",170.917566395887,0.323419034828851,0.320426997337032,1.00933765730318,0.312812726024617,0.999431561618104
"K06921",22.5321808566286,0.122276523172256,0.618381314869449,0.197736445510277,0.843251273276708,0.999431561618104
"K06922",7.83176665710614,-0.341754510486947,0.935191480411207,-0.365438006702837,0.714784474835987,0.999431561618104
"K06923",119.579805875026,0.0220267884317063,0.294741652738191,0.0747325266960892,0.940427527465595,0.999431561618104
"K06925",194.490275927265,0.0959614274489478,0.272871896044713,0.351672080708611,0.725084201062292,0.999431561618104
"K06926",4.88610196824412,-0.212117285708556,0.998279162100337,-0.212482934395094,0.831730290200888,0.999431561618104
"K06927",45.9689988814734,-0.0106107897909015,0.440965430950714,-0.0240626340437272,0.980802648399703,0.999431561618104
"K06928",0.971597703407068,-2.85783918121042,3.36950755559278,-0.848147432246269,0.396355868692741,0.999431561618104
"K06929",296.938299702969,-0.217506104502032,0.243586718374057,-0.892930887011764,0.37189418523993,0.999431561618104
"K06932",5.83507034890363,-0.492062739120301,1.24330040661035,-0.395771397245681,0.692273679258004,0.999431561618104
"K06934",28.2617751711676,-0.426124930442389,0.502699991905768,-0.847672443412863,0.396620417115807,0.999431561618104
"K06937",859.30262064278,0.190419186321586,0.274036290199873,0.694868501477305,0.487137714087159,0.999431561618104
"K06938",16.512093749179,-0.466537154569721,0.759583657555518,-0.61420114812781,0.539082414776528,0.999431561618104
"K06940",73.0993837137258,-0.236596131208951,0.456469724861801,-0.518317247174678,0.604236941352521,0.999431561618104
"K06941",2544.88896259495,0.0184819573669887,0.194248867097998,0.0951457665782144,0.924199046465007,0.999431561618104
"K06942",1651.00128631503,0.244775069963496,0.378573497650735,0.646572122672256,0.517908905133074,0.999431561618104
"K06944",8.81798797942705,0.614062635781891,0.995513474862492,0.61683005934873,0.537346822863786,0.999431561618104
"K06945",219.808387514632,0.321654544266967,0.328611117740744,0.978830377007314,0.327663797647071,0.999431561618104
"K06946",1.99002537589663,3.31805710626402,1.96664875560207,1.68716304668661,0.0915720048126481,0.999431561618104
"K06948",96.3187573423891,0.710983950723078,0.794019140739782,0.8954241960221,0.370560371109044,0.999431561618104
"K06949",421.464372250039,-0.056076062916978,0.291126805515805,-0.192617312643626,0.847258685301887,0.999431561618104
"K06950",75.3830529523569,0.00970850749176156,0.40525558396896,0.0239565051681192,0.980887302587597,0.999431561618104
"K06952",44.7795754449602,-0.0178848116089257,0.390026005244473,-0.0458554336593923,0.963425475572057,0.999431561618104
"K06953",58.9281250578062,0.193205045538883,0.349964872606963,0.552069823750189,0.5809005156872,0.999431561618104
"K06954",15.4682468285132,0.409547890053694,0.700964935669133,0.584263019751116,0.55904336809791,0.999431561618104
"K06956",44.4634342615982,0.794889415533913,0.721947302639873,1.10103523155682,0.270881323799479,0.999431561618104
"K06958",697.589178072978,0.167082768528045,0.203099125018028,0.822666116918101,0.410697888637382,0.999431561618104
"K06959",756.102561091846,0.233673424007988,0.340543329576922,0.68617824433177,0.49260071505526,0.999431561618104
"K06960",2959.87244822919,0.252127300551344,0.368037768124439,0.685058226051669,0.493307179392742,0.999431561618104
"K06961",2.82912711293527,2.36745225285621,1.43845667469617,1.64582798669015,0.099799178569725,0.999431561618104
"K06962",128.108604449983,0.521598507581444,0.545320189372331,0.956499535037955,0.338819919166918,0.999431561618104
"K06963",0.477585590573452,-1.81697621611385,3.74747208496385,-0.484853836111063,0.627780030788703,0.999431561618104
"K06965",4.33112313281414,1.68306042386831,1.72511278860676,0.975623411398846,0.32925111854218,0.999431561618104
"K06966",5.99743518689597,-1.00084364667466,1.05674365735081,-0.947101635966961,0.343586991191368,0.999431561618104
"K06967",104.43567059094,-0.125082594891849,0.465402135629025,-0.268762399903453,0.788112529547978,0.999431561618104
"K06968",6.8342435844409,1.56061807981401,1.48625602682238,1.05003313806614,0.293702877317691,0.999431561618104
"K06969",68.3354298508238,-0.125871374231347,0.313204484622914,-0.401882413602384,0.687770566007102,0.999431561618104
"K06971",36.4262965405381,0.554685818570306,0.585482966667018,0.94739872916879,0.3434356384583,0.999431561618104
"K06972",17.5816903212619,1.01892700485099,0.707887450197956,1.43939125431034,0.150039700854499,0.999431561618104
"K06973",965.08453614378,0.266045433180892,0.264055402580372,1.0075364131204,0.313677068384698,0.999431561618104
"K06974",6.93449856992492,1.5670823933895,1.11519212801221,1.40521292611952,0.159957971531359,0.999431561618104
"K06975",326.363880145922,-0.252098844511726,0.268547188201094,-0.938750638948969,0.347858787456878,0.999431561618104
"K06976",140.091483601518,0.145028333374636,0.3400858316502,0.426446267022987,0.669782693920263,0.999431561618104
"K06977",8.59728212923705,0.215426636803975,1.17771114980263,0.182919756546482,0.854860980951164,0.999431561618104
"K06978",326.64462705518,-0.353543486532562,0.318787975423856,-1.10902390864177,0.267419868059847,0.999431561618104
"K06979",17.5856222408807,-0.725454217830871,1.02790857695829,-0.705757529504791,0.480338937724367,0.999431561618104
"K06980",617.321976494589,0.0797490227046609,0.218904551714675,0.364309568165616,0.71562685573967,0.999431561618104
"K06981",7.66270814446333,0.239997151808709,1.2206679996011,0.19661132419883,0.844131708156906,0.999431561618104
"K06982",52.9643868202819,0.323488395589343,0.610875720158538,0.529548621617159,0.596424924847381,0.999431561618104
"K06983",5.04654015651155,1.22399624675503,1.54341371582606,0.793044816308326,0.427751712256517,0.999431561618104
"K06984",9.18790343670397,-0.019971738656897,1.17273188655622,-0.0170300977451418,0.986412604722336,0.999431561618104
"K06985",55.1660861052518,-0.285018909927665,0.371967803032256,-0.766246184761718,0.443529832472328,0.999431561618104
"K06986",8.55858426896108,-1.5012121496979,0.900130708391497,-1.66777128666182,0.0953611378939384,0.999431561618104
"K06987",64.3824293287973,0.210896177081885,0.463458555988323,0.455048621623026,0.649074259641604,0.999431561618104
"K06988",1037.86364704059,-0.0547072783655432,0.236784177175615,-0.231042796094304,0.81728155484636,0.999431561618104
"K06989",88.3550164963747,-1.00753242907937,0.652464415489536,-1.54419521610758,0.122541047431696,0.999431561618104
"K06990",32.9868128129625,0.223202447597731,0.534517551300557,0.417577396765828,0.676256125699697,0.999431561618104
"K06991",16.8718704075646,-0.128388393172026,0.622082518853766,-0.206384827222908,0.836490321834957,0.999431561618104
"K06992",1.93399698471758,1.30391024875484,2.90984301579477,0.448103296871052,0.654078648802232,0.999431561618104
"K06994",4392.50087629977,0.274761499016246,0.274583337375934,1.00064884359705,0.316996607421547,0.999431561618104
"K06995",10.8518867736735,-0.283333241871004,0.863176612586525,-0.328244808466242,0.742726570692949,0.999431561618104
"K06996",669.037071207024,0.108050033687702,0.181119199192385,0.596568636398019,0.550795416252372,0.999431561618104
"K06997",166.311607305499,-0.366784201455805,0.309552589001468,-1.18488494197044,0.236062941839008,0.999431561618104
"K06998",239.532025732349,-0.145172011230293,0.217866117962066,-0.666335879062985,0.50519643727496,0.999431561618104
"K06999",524.180429962798,-0.06410294947486,0.328847535019292,-0.194932127045134,0.84544608286394,0.999431561618104
"K07000",18.5225728656662,-0.290246029757761,0.731525621710899,-0.396768098264187,0.691538477766444,0.999431561618104
"K07001",1685.89631779588,0.0283314861828403,0.294463586300585,0.0962138868808037,0.923350701847606,0.999431561618104
"K07002",83.5158886827491,0.238229892566168,0.389180784667465,0.61213169290905,0.540450630363599,0.999431561618104
"K07003",164.364548207202,-0.307244165696672,0.342251592350372,-0.897714349805384,0.369337857171075,0.999431561618104
"K07004",2140.90037134142,0.153119934046662,0.283518044782186,0.540071211919852,0.589147923071916,0.999431561618104
"K07005",742.365485359071,0.223408810861875,0.441679680701249,0.505816365623096,0.612985568601416,0.999431561618104
"K07006",369.522686551433,0.259230616226757,0.320884071550224,0.807863771406251,0.419169008964614,0.999431561618104
"K07008",20.3054512405755,0.158057713022415,0.690733991076472,0.22882573474644,0.819004363973417,0.999431561618104
"K07009",58.0522193937134,0.252060082998603,0.356825443333488,0.706396048005546,0.479941877855138,0.999431561618104
"K07010",405.210147669555,0.00161547230053443,0.223627222016371,0.00722395192306313,0.99423617042402,0.999431561618104
"K07012",0.237219734635964,-0.873927059337839,3.80302396467111,-0.229797936446455,0.818248788296786,0.999431561618104
"K07013",1.69643875891301,1.58926560977605,2.52431386468492,0.6295832035825,0.528967315734782,0.999431561618104
"K07014",3.93439013190669,1.92571778952603,1.64063387438974,1.1737644940693,0.24048936937153,0.999431561618104
"K07015",3.62263975378265,0.695070751012847,1.868803809254,0.371933505042623,0.709942358382602,0.999431561618104
"K07016",0.994214929837861,-0.672928325907363,3.45965168461039,-0.194507536380254,0.845778495240773,0.999431561618104
"K07017",8.34504481057928,-0.181375968792306,0.913954911482604,-0.198451768805619,0.842691617119008,0.999431561618104
"K07018",588.052298576543,-0.0281176490151832,0.217126396314422,-0.129498989954524,0.896962824122463,0.999431561618104
"K07019",10.3282778513838,0.315988252963756,0.720512266366287,0.438560546036723,0.660979990169703,0.999431561618104
"K07020",63.987340213798,-0.250246670105495,0.400921303641841,-0.624179029231757,0.532510017421786,0.999431561618104
"K07023",12.6470967384645,0.181139222478765,0.798156646285949,0.226946957494695,0.820464987739871,0.999431561618104
"K07025",174.176833842779,0.126836167104731,0.297690713387825,0.426066925841559,0.670059079609343,0.999431561618104
"K07026",3.91608448507463,1.02733432207147,1.5664425386237,0.655839136604465,0.511927632222987,0.999431561618104
"K07027",591.828181162456,-0.0278326233621587,0.227377759963492,-0.122406973164955,0.902576716254928,0.999431561618104
"K07028",40.4320127165223,0.556084169059735,0.493250981709245,1.12738583333936,0.259579386087029,0.999431561618104
"K07029",660.132489286829,0.12555853588706,0.216565564083807,0.579771472063172,0.562068738083394,0.999431561618104
"K07030",789.687091666891,0.207331917809542,0.29012869363962,0.714620519634219,0.474843561820277,0.999431561618104
"K07031",70.0093992242201,0.186716968278995,0.351723613953626,0.53086275948368,0.595513885877602,0.999431561618104
"K07032",617.790023883485,0.258896855004597,0.226842255484345,1.14130788574558,0.253741821709771,0.999431561618104
"K07034",471.745958094346,-0.179923137433251,0.315381061836447,-0.570494424698707,0.568342402482622,0.999431561618104
"K07037",346.317715657282,0.0734614873128712,0.344204668413412,0.213423855206517,0.830996375346006,0.999431561618104
"K07038",186.604660865291,0.309033047390866,0.402905396668097,0.767011437291419,0.443074715415378,0.999431561618104
"K07039",62.950550164224,-0.0198346271454021,0.308528887606506,-0.0642877472488054,0.948741109552311,0.999431561618104
"K07040",21781.6665899117,0.399716516564159,0.529954673925474,0.754246610570266,0.450701154263889,0.999431561618104
"K07041",132.75406923948,0.723004180244129,0.528137445593002,1.36896973747493,0.171008734783358,0.999431561618104
"K07042",527.80849265934,-0.068429304506466,0.194385612321476,-0.352028649081791,0.724816777088808,0.999431561618104
"K07043",2.87970147215042,1.20733749818265,1.68033913367222,0.718508230861783,0.472443974674147,0.999431561618104
"K07044",208.087266814614,-0.0690734935960417,0.294578511513896,-0.234482458483002,0.814610449739418,0.999431561618104
"K07045",559.502506620555,-0.0016086518225208,0.230678397756773,-0.00697356942897164,0.994435941716287,0.999431561618104
"K07046",59.5102261125682,-0.103396464266646,0.469289917105809,-0.22032534793057,0.825617780361794,0.999431561618104
"K07048",72.6378770294086,-0.107191781497557,0.375482271349403,-0.285477610200695,0.775278255500109,0.999431561618104
"K07051",115.488889397038,0.122889667120549,0.305440834268545,0.402335422553566,0.687437188756227,0.999431561618104
"K07052",677.917522631227,0.0483788311117281,0.171230616573454,0.282536102946139,0.777532467554242,0.999431561618104
"K07053",345.793904728735,-0.0670956083740337,0.217958074622884,-0.30783722277839,0.758206196344713,0.999431561618104
"K07054",823.188025640521,0.0453182732863399,0.201569524627072,0.224827008796018,0.822113853930849,0.999431561618104
"K07056",180.689341644453,-0.292357113683338,0.294500167242699,-0.992723082029373,0.320844923182171,0.999431561618104
"K07058",1543.16621528468,-0.118799963695577,0.196063765395116,-0.605925135917726,0.544564467263523,0.999431561618104
"K07059",164.06140537557,0.296399404510799,0.278514684796176,1.06421463818941,0.287231477232424,0.999431561618104
"K07060",0.156630342479952,1.62272230958218,3.81694647031143,0.425136250194722,0.670737353439905,0.999431561618104
"K07062",13.8224330276185,-0.0213445421580595,0.917587646685228,-0.0232615840406814,0.981441614910239,0.999431561618104
"K07063",17.7609878358753,-0.78458615849929,0.706939705184477,-1.1098346191979,0.267070298313975,0.999431561618104
"K07064",46.6980115823755,-0.0363296307664661,0.413627650963618,-0.0878317266310167,0.930010420996225,0.999431561618104
"K07065",26.177003448792,0.156168303111931,0.547695386407177,0.285137152854944,0.775539067108621,0.999431561618104
"K07066",5.79210348111989,-0.727372362495214,1.27220031316723,-0.571743580760779,0.567495704889621,0.999431561618104
"K07067",1325.62142917552,-0.048411043705513,0.170603486750728,-0.283763506992371,0.77659162258953,0.999431561618104
"K07068",208.932861572128,0.2175686741606,0.407286369551392,0.534190904547682,0.593209461277123,0.999431561618104
"K07071",246.63018278284,-0.139222976566126,0.224260454682778,-0.620809303018051,0.534725101503625,0.999431561618104
"K07072",7.40957446547954,-0.276342034914293,0.855495440812357,-0.323019880330262,0.746680186136699,0.999431561618104
"K07074",34.6306505294468,0.607859849482409,0.650180377036493,0.934909558871987,0.349834910472243,0.999431561618104
"K07075",25.250238256201,-0.120467330071372,0.576240309892797,-0.2090574505171,0.834403390295845,0.999431561618104
"K07076",13.330279421517,0.319135508650012,0.624442487156597,0.511072701191742,0.609300150439453,0.999431561618104
"K07077",185.267448695999,-0.45183727798553,0.265332274995652,-1.70291110643412,0.0885847052453381,0.999431561618104
"K07079",44.4740833734845,-0.0995359592158802,0.571352565782482,-0.174211100425467,0.861699562056822,0.999431561618104
"K07080",514.40263297143,-0.125122934518024,0.319627557981038,-0.39146478891988,0.695453710609339,0.999431561618104
"K07082",1393.76952723479,0.0585034715942843,0.21214497189786,0.275771191138349,0.782723812133549,0.999431561618104
"K07085",63.4161658479261,-0.359600692530001,0.357877078503216,-1.00481621799863,0.314985353066327,0.999431561618104
"K07089",176.700955178201,-0.185981355139309,0.331537033985647,-0.560967059708211,0.574819993097537,0.999431561618104
"K07090",1079.93539452516,0.0899802655850668,0.184630633615665,0.487352850515442,0.626008300498203,0.999431561618104
"K07091",185.933084339384,-0.153861484823258,0.294389424008387,-0.522646101644178,0.601220552288903,0.999431561618104
"K07092",21.1053819927438,-0.446399599540135,0.603564272671228,-0.739605738365658,0.459539258734524,0.999431561618104
"K07093",868.241276007977,0.37816124038275,0.348973075137668,1.08364016402574,0.278524375425202,0.999431561618104
"K07094",45.8659616481634,0.496556892785444,0.623763992380089,0.796065336972621,0.425994060227046,0.999431561618104
"K07095",151.778308615394,0.373469942054748,0.298866776951022,1.24962013464598,0.211438344399352,0.999431561618104
"K07096",164.67809585225,0.0372457719377844,0.286762464095018,0.129883707253412,0.896658434816359,0.999431561618104
"K07097",82.2361930855943,-0.286248695088293,0.543923991077417,-0.526265985291962,0.598703412972987,0.999431561618104
"K07098",539.009418658991,0.055624244131724,0.186436096057897,0.298355550818067,0.765431810275881,0.999431561618104
"K07100",277.692631851255,0.0486197219998379,0.359900135651863,0.135092258055908,0.892538931242952,0.999431561618104
"K07101",111.759286273761,0.204354266667612,0.274088378739251,0.745578005195252,0.455922373599496,0.999431561618104
"K07102",122.353785803424,-0.058629576899842,0.297456822023035,-0.197102814792063,0.843747080752361,0.999431561618104
"K07104",2464.06251271231,-0.141490210720061,0.345060434399486,-0.410044724386608,0.681773139675713,0.999431561618104
"K07105",11.0416511083441,-0.934181010924299,0.978993268100532,-0.954226184554692,0.339969163079394,0.999431561618104
"K07106",151.100781358466,0.0300310094114444,0.395213933254668,0.0759867172802661,0.939429665718729,0.999431561618104
"K07107",417.536585750865,0.058012068316212,0.224944103993926,0.257895482860838,0.796487571129272,0.999431561618104
"K07108",17.9861885860408,1.23589907830301,0.653633047159278,1.89081485961319,0.0586490628677591,0.999431561618104
"K07110",5.31825166206295,1.25492741066797,1.46216942109128,0.858264023693894,0.390746690193195,0.999431561618104
"K07112",276.251872681555,-0.130244427047839,0.400848561434958,-0.324921777395408,0.745240274415671,0.999431561618104
"K07113",370.253218353268,-0.15381858099621,0.254919517870442,-0.603400564543612,0.546242246763826,0.999431561618104
"K07114",757.043991377752,0.0584758841703219,0.249026019324583,0.234818370903258,0.814349708445074,0.999431561618104
"K07115",33.2597131052029,0.503092119423735,0.471567862131889,1.06684988486987,0.286039628115551,0.999431561618104
"K07116",28.3203687748948,-0.154901224825758,0.538559664534905,-0.287621288830699,0.773636647060044,0.999431561618104
"K07117",35.6716426930982,-0.041184200025525,0.649325274528678,-0.0634261465571615,0.949427167221661,0.999431561618104
"K07118",135.228779779011,0.138168241836989,0.450236488191539,0.306879263366611,0.758935273437142,0.999431561618104
"K07120",120.969311736427,-0.136668767136157,0.308533648395054,-0.442962276066443,0.657793021074095,0.999431561618104
"K07121",15.8762735322582,0.0212627250813698,0.610813742327628,0.0348104890376958,0.972230856659207,0.999431561618104
"K07122",11.9377055387433,-0.0660044760155593,0.690617642033794,-0.0955731102107142,0.923859622358162,0.999431561618104
"K07123",1.90601397741872,-1.56864811420974,2.48897819303527,-0.630237789386494,0.528539018385749,0.999431561618104
"K07124",410.358044270023,-0.298833920139603,0.236247705536588,-1.26491776697202,0.205900807666187,0.999431561618104
"K07126",95.5166593673581,0.00852117298822863,0.281247931489373,0.0302977267889724,0.975829609501601,0.999431561618104
"K07127",132.116771505,0.807273531502586,0.630047609402379,1.28128973026072,NA,NA
"K07130",161.149374650935,-0.149255901289821,0.386775466287267,-0.385898057916023,0.699572168994763,0.999431561618104
"K07131",121.661741593336,-0.0284787673040503,0.35363046193333,-0.0805325625749386,0.935813699140498,0.999431561618104
"K07133",12.640377328652,0.243387319559569,0.792856979983065,0.306975060703593,0.758862355009083,0.999431561618104
"K07136",2.83316074645239,1.32488749535874,1.69131246006063,0.783348746399734,0.433422345076594,0.999431561618104
"K07137",270.5712379227,0.331721432174575,0.496229065237551,0.668484487130507,0.503824380943391,0.999431561618104
"K07139",100.417720453085,0.00238155322977112,0.622678007599386,0.00382469462660604,0.996948342647735,0.999431561618104
"K07140",16.9170508093548,-0.266816398510768,0.68284043340785,-0.390744873116503,0.695985826550472,0.999431561618104
"K07141",104.720782516899,0.128506713554045,0.389083480287069,0.330280569761616,0.741187973043945,0.999431561618104
"K07142",6.4617500317211,1.38774969087231,1.2144746883731,1.1426748570045,0.253173612694049,0.999431561618104
"K07143",0.935589085823793,-2.81369188102694,3.39000525492522,-0.829996318424292,0.406540865181593,0.999431561618104
"K07144",23.9049556395597,0.0622763782237896,0.582480500464818,0.106915816364828,0.914855765469754,0.999431561618104
"K07145",1.83616079929782,-0.236130466654869,1.86521278273561,-0.126597066479755,0.899259318870299,0.999431561618104
"K07146",203.937889101332,0.442764964754243,0.468328068470847,0.945416246777455,0.34444641092401,0.999431561618104
"K07147",474.771991791269,-0.106022019120619,0.249486053587632,-0.424961706660605,0.670864590189234,0.999431561618104
"K07148",70.4929276414996,-0.0358657443271593,0.32684072928888,-0.109734623359805,0.912619840749552,0.999431561618104
"K07149",266.098532906738,0.0494946198331686,0.393963866911978,0.125632384058782,0.900022927273853,0.999431561618104
"K07150",53.6779906340442,0.856949230683202,0.694728394879156,1.23350252703038,0.217388334490223,0.999431561618104
"K07151",13.274717203322,0.429683997677256,1.00144192457308,0.42906531785199,0.6678756909618,0.999431561618104
"K07152",1041.08301053483,-0.0551678612191339,0.250570328582978,-0.22016916979404,0.825739406448515,0.999431561618104
"K07154",15.1660774686725,-0.0843172114622973,0.789985583489414,-0.106732595156817,0.915001123104215,0.999431561618104
"K07155",51.9998252281282,0.565274689413114,0.43135732228942,1.31045576417465,0.190041699546184,0.999431561618104
"K07156",217.251939216401,0.554753925456406,0.387613670597968,1.43120319931078,0.152371986916131,0.999431561618104
"K07157",546.925497654192,0.193702623050301,0.197104816361682,0.982739167037208,0.325735828662062,0.999431561618104
"K07158",0.0885755421913926,-0.0603928784247551,3.81694647031143,-0.0158223016472713,0.987376156521306,0.999431561618104
"K07159",57.1085522031178,0.0736999456300101,0.432075555811309,0.170571893361622,0.864560399848659,0.999431561618104
"K07160",172.743647413048,0.0752622285724944,0.320796447482967,0.234610542488911,0.814511026193997,0.999431561618104
"K07161",419.802480659667,0.0113454425855772,0.271792625786219,0.0417430110649914,0.966703565953213,0.999431561618104
"K07164",237.783793279744,-0.269407456611653,0.270753938550735,-0.995026916519518,0.319723173377279,0.999431561618104
"K07165",79.4452009948395,0.219477199529758,0.428861903513095,0.511766603029724,0.60881436642572,0.999431561618104
"K07166",0.453969496585304,-1.758518336616,3.75030445726701,-0.46890015374845,0.639141006408701,0.999431561618104
"K07167",2.61503418078838,2.11294323102988,1.93610499071438,1.09133711299936,0.275124572924637,0.999431561618104
"K07168",18.6283004120434,0.268491314336423,0.713912856919271,0.376084156118208,0.706854332743697,0.999431561618104
"K07169",1.46945401062036,2.56359813760141,3.07444866017221,0.833839956676268,0.404371175955496,0.999431561618104
"K07171",4223.9531199588,0.220375677801054,0.490141234268569,0.449616686769719,0.652986853916956,0.999431561618104
"K07172",12.5020993820434,0.257705022800752,0.718533255211551,0.358654273732784,0.719853739717967,0.999431561618104
"K07173",177.059081297054,0.537509813462738,0.767701270237013,0.700154909600179,0.483830567427606,0.999431561618104
"K07175",401.758508388597,0.149215095537017,0.261473836084803,0.570669317325586,0.568223821154829,0.999431561618104
"K07176",5.18856726492561,-0.634441577484005,1.20851237087116,-0.524977313245593,0.599598962103618,0.999431561618104
"K07177",359.722103737703,-0.121017892067555,0.263555054878837,-0.459174999027016,0.64610850249064,0.999431561618104
"K07178",56.321486643446,0.365711379500229,0.414325058226395,0.882667780379332,0.377415795181715,0.999431561618104
"K07179",0.776659137819701,-1.26726950915656,3.69920567893764,-0.34257881803439,0.731915339572413,0.999431561618104
"K07180",3696.99817985473,-0.0732068642161517,0.211501416429577,-0.34612942765103,0.729245448659098,0.999431561618104
"K07181",277.338495782223,-0.139179401383579,0.361111422865798,-0.385419548013863,0.699926601944578,0.999431561618104
"K07182",45.1746351770262,0.629376713299641,0.513578957227561,1.22547215855024,0.220397373836918,0.999431561618104
"K07183",8.84284950406295,0.506489758255833,0.943489804586155,0.536825894454679,0.591387883256585,0.999431561618104
"K07184",0.595921741907125,3.21268659319819,3.71860447081998,0.863949532252827,0.3876156150646,0.999431561618104
"K07186",0.967997359916142,-0.599648965240707,2.86739510739197,-0.209126730981317,0.834349307730821,0.999431561618104
"K07192",337.619887088865,0.0290643335376402,0.237141183594885,0.122561307559684,0.902454495471827,0.999431561618104
"K07213",346.309546507304,-0.0514780681119645,0.252711583813155,-0.203702843119472,0.838585720294523,0.999431561618104
"K07214",0.855054654420815,0.214622500050603,3.58022562354505,0.0599466409712161,0.952198132540149,0.999431561618104
"K07216",53.5422447997527,0.868689128508835,0.513741657673292,1.69090653937444,0.0908546541490773,0.999431561618104
"K07217",757.938664246432,-0.495734690766659,0.262940831814782,-1.88534693278775,0.0593830136136427,0.999431561618104
"K07218",173.602614795919,0.0549432959653958,0.539076841692115,0.101921083816054,0.918819314642981,0.999431561618104
"K07219",172.378176863795,0.126502159755257,0.42475263846388,0.297825483115898,0.76583636394056,0.999431561618104
"K07220",1877.66019795583,0.00685490813596209,0.249695299602442,0.0274530924165424,0.978098352559869,0.999431561618104
"K07221",102.619824297342,-0.619467582907101,0.372964179529205,-1.66093050461055,0.0967274048988871,0.999431561618104
"K07222",632.467104628636,0.222165938880463,0.273599973616404,0.812010088831174,0.416785842481836,0.999431561618104
"K07223",23.5862602259543,0.224194760875681,0.628685400358486,0.356608823344462,0.721384671161977,0.999431561618104
"K07224",501.076036503419,-0.160930242794316,0.205385301787072,-0.783552870600042,0.433302519195806,0.999431561618104
"K07225",3.76057693672308,-0.304167487619947,1.71644891119582,-0.177207422624679,0.859345465525087,0.999431561618104
"K07226",22.9916461079184,0.845904904921713,0.722859139807973,1.17022094393996,0.241912066508268,0.999431561618104
"K07228",28.6189676743439,-0.244185438714556,0.533166482977509,-0.457990977510222,0.64695892339703,0.999431561618104
"K07229",169.665472721257,0.069297205659551,0.247311441190055,0.280202182827026,0.77932239207084,0.999431561618104
"K07230",1.13406694217823,-3.08861846120364,2.60590025776304,-1.18524047572526,0.235922380772344,0.999431561618104
"K07231",5.3305830352485,-1.96044237198204,1.2570643951481,-1.55954013139563,0.1188685938368,0.999431561618104
"K07232",40.4997641582866,-0.320268195465167,0.52253223988108,-0.612915665333981,0.539932104530045,0.999431561618104
"K07233",0.691189231221269,-2.36230375602333,3.71715283805614,-0.635514292508532,0.525093048148574,0.999431561618104
"K07234",54.0456075518872,-0.217507289682289,0.397836738424537,-0.546724997152434,0.584567678035982,0.999431561618104
"K07238",64.7466045782445,0.0102276598603456,0.424734044092834,0.024080150867563,0.980788676045011,0.999431561618104
"K07239",0.990897192538557,-0.619930020684153,2.88126977240218,-0.215158617433904,0.829643653804222,0.999431561618104
"K07240",366.591266960015,-0.47277623373236,0.329217281432544,-1.4360614110995,0.15098486738478,0.999431561618104
"K07241",98.2161661693988,-0.699568056016901,0.37620475747693,-1.85954069456392,0.0629505366193629,0.999431561618104
"K07243",1049.82619312842,0.00211300183259925,0.215627147687591,0.00979933118468296,0.992181390074549,0.999431561618104
"K07244",2.22283601667177,-1.39932781410004,2.04462483306127,-0.684393435643118,0.493726760026636,0.999431561618104
"K07246",242.7891429117,0.0168404195661263,0.330077901457469,0.0510195305161809,0.959309957712811,0.999431561618104
"K07248",26.7834164902985,-0.319697732870297,1.01404558857803,-0.315269585974534,0.752556975247449,0.999431561618104
"K07250",624.175624037626,-0.314503330363943,0.305513023496685,-1.02942691857899,0.303279105170065,0.999431561618104
"K07251",18.0874041055658,0.238589139587183,0.638022769291779,0.373950822871138,0.708440903748937,0.999431561618104
"K07254",2.42445343130565,3.50791420340677,2.27426308311601,1.54243993557707,0.122966723317125,0.999431561618104
"K07255",11.2103530378698,-0.00851539895833586,0.979729597077892,-0.00869158080324776,0.993065209181379,0.999431561618104
"K07257",7.85180016112184,-0.521160989344113,0.787777246761918,-0.661558824510729,0.508254003434571,0.999431561618104
"K07258",1143.49697786539,0.055601764162856,0.217530828252745,0.255604065913147,0.798256578532849,0.999431561618104
"K07259",448.700194769472,0.0739500976061849,0.268009572916843,0.27592334408566,0.782606943672689,0.999431561618104
"K07260",265.900189465618,-0.0957054750073027,0.28233653797987,-0.338976583378401,0.734627370677614,0.999431561618104
"K07261",70.7126272818026,-0.404929436096354,0.364678995562007,-1.11037224798845,0.266838651889866,0.999431561618104
"K07262",99.5238032413442,-0.103788295380594,0.336086441913425,-0.308814288341123,0.757462799523714,0.999431561618104
"K07263",4860.78295327204,0.101832567399952,0.180309809205593,0.564764434328917,0.57223400093152,0.999431561618104
"K07265",19.1567962770693,0.149627909240535,0.807318015214254,0.185339490040769,0.852962765971196,0.999431561618104
"K07266",7.29507108058439,-0.413550362456616,1.24710672089533,-0.331607837186314,0.740185400931822,0.999431561618104
"K07267",9.48698388429246,-0.860101812855822,0.731906186851371,-1.17515308424423,0.239933476164071,0.999431561618104
"K07273",938.649964195204,0.108844150865393,0.370945973046597,0.293423190367727,0.769198701789903,0.999431561618104
"K07274",43.6249282353269,-0.2515482213476,0.447969192520585,-0.561530180082732,0.574436162214808,0.999431561618104
"K07275",25.1433691671026,0.4088089762359,0.688107935568636,0.59410588819626,0.552441292865583,0.999431561618104
"K07276",59.7817042434354,0.308953545088999,0.497443218480315,0.621083037442645,0.534544989309876,0.999431561618104
"K07277",1616.64800485371,-0.18799546952277,0.201399105152239,-0.933447392334059,0.350589020640234,0.999431561618104
"K07278",26.3213717422379,-0.933415590558384,0.497140667131842,-1.87756836700475,0.0604402365310302,0.999431561618104
"K07280",1.94238703322798,0.452390273282604,1.85569418429602,0.243784928093755,0.807397393858782,0.999431561618104
"K07281",10.8684188070535,-0.590427248328671,0.771489101393502,-0.765308605477656,0.444087800937471,0.999431561618104
"K07283",10.6971007830542,-0.674624184598229,0.823697357769463,-0.819019483594171,0.412775297504501,0.999431561618104
"K07284",927.648335708553,0.0601026477309717,0.329136790063802,0.182606896419331,0.85510647277418,0.999431561618104
"K07285",3.06533788064845,1.21510437470647,1.61139767894559,0.754068589388541,0.450808037217651,0.999431561618104
"K07287",92.2827981228467,0.128642807463574,0.314141790634047,0.409505552266471,0.682168693020537,0.999431561618104
"K07289",37.424162782389,-0.666985391595906,0.520050637905408,-1.28253932017525,0.199653520819357,0.999431561618104
"K07290",158.797424034549,-0.0501478223045704,0.440198112443301,-0.113921029843193,0.909300394689619,0.999431561618104
"K07300",350.101461604243,0.299640651047368,0.220507295550457,1.35886955712448,0.174187927118936,0.999431561618104
"K07301",61.426280186592,0.0650580714193754,0.332642173125522,0.195579745069865,0.844939115188616,0.999431561618104
"K07302",192.858325197116,0.16121649602505,0.264347948351099,0.609864752235289,0.541951403351835,0.999431561618104
"K07303",311.179281276367,0.184911291647814,0.278565822201414,0.663797483074271,0.506819936821968,0.999431561618104
"K07304",5497.74528288883,-0.0708212188537028,0.171631200883035,-0.412636038723325,0.679873293024424,0.999431561618104
"K07305",2562.56396902887,-0.0639020902315504,0.193942344629435,-0.329490139730176,0.741785245623567,0.999431561618104
"K07313",81.5842451122153,0.213451879159649,0.395850096778923,0.539224016607628,0.589732290599759,0.999431561618104
"K07315",2037.07760607203,0.0744705931891741,0.200666639216578,0.37111596366947,0.71055116143485,0.999431561618104
"K07316",5.2585513730301,-1.04724849635788,1.0980155598231,-0.95376471397783,0.34020275444417,0.999431561618104
"K07317",7.5265334326903,0.810486413537812,0.878002577722736,0.923102544459448,0.355953768769934,0.999431561618104
"K07318",5.85242133926904,1.67626841699289,1.19702717539638,1.40035953355681,0.161405681464971,0.999431561618104
"K07319",8.11651030753415,0.803604766136459,1.07509175588604,0.747475517077301,0.454776576019859,0.999431561618104
"K07320",14.5718833978319,-0.0920954130159337,0.791319535256947,-0.116382079441562,0.907349737408504,0.999431561618104
"K07321",3.35210143548042,1.35185622803846,1.63440975851449,0.827121975377313,0.408167929813799,0.999431561618104
"K07322",1740.68807402488,0.329085111330783,0.495766648004379,0.663790338973905,0.506824509890185,0.999431561618104
"K07323",268.044623118445,-0.00121713720760294,0.259200760080406,-0.00469573162989712,0.996253361999666,0.999431561618104
"K07326",0.817244470130945,0.0336474016380426,2.31195907949126,0.0145536319982993,0.98838829163558,0.999431561618104
"K07334",17.4186621328846,-0.101830561795435,0.833310476039764,-0.122200025948763,0.902740605905519,0.999431561618104
"K07335",5181.75357516111,0.0226172797867485,0.211892401618678,0.106739456507037,0.914995679634867,0.999431561618104
"K07336",31.2840209811872,-0.461122294667148,0.474552281904634,-0.971699667771939,0.331199982120047,0.999431561618104
"K07337",30.4402617985781,0.174981236202297,0.572084439415978,0.305866099733336,0.759706598211853,0.999431561618104
"K07338",2.08083204162764,-2.85266612008282,2.12899798220484,-1.33991020373281,0.180274540359675,0.999431561618104
"K07339",9.14251287104149,-1.10427334726951,0.776470178460886,-1.42217097050449,0.154976623887919,0.999431561618104
"K07340",152.748308903837,0.0638596690945797,0.289939625094828,0.22025160953317,0.825675204733056,0.999431561618104
"K07341",46.4786144949646,-0.313515623902047,0.435796328992185,-0.719408593062445,0.471889203816429,0.999431561618104
"K07342",0.113492374146326,-0.060392878424755,3.81694647031143,-0.0158223016472713,0.987376156521306,0.999431561618104
"K07343",47.2103025718179,-0.708541796013558,0.424280121007892,-1.66998584409374,0.0949221643983813,0.999431561618104
"K07344",1.01832268573856,0.432182134410768,2.43673394881261,0.177361231668876,0.859224657146732,0.999431561618104
"K07345",4.55420586413089,-1.25952784466561,1.51961365334129,-0.828847412561864,0.407190755533447,0.999431561618104
"K07347",0.38967316814323,2.59890514515267,3.76435381361847,0.690398744068767,0.489943466331164,0.999431561618104
"K07386",789.861037831318,0.0948771629233289,0.248194930699812,0.38226873794647,0.702262040555995,0.999431561618104
"K07390",1864.313209597,-0.000477840562803669,0.160220685768971,-0.002982389948653,0.997620400633294,0.999431561618104
"K07391",106.000190946427,0.0677820762084807,0.266287247705546,0.254544957719614,0.799074576299632,0.999431561618104
"K07393",448.872343444758,-0.00791179697137278,0.256972757717696,-0.0307884658344387,0.975438238991351,0.999431561618104
"K07394",0.701519664026177,0.97189015356979,3.73915850205091,0.259922159768492,0.794923817569509,0.999431561618104
"K07395",74.0939009929294,-0.476479710156415,0.33739474532668,-1.4122321605663,0.157881613888819,0.999431561618104
"K07396",394.899802347619,0.125442345539421,0.224690825162351,0.558288686014583,0.576647269481818,0.999431561618104
"K07397",285.185529202718,0.205685836990767,0.248919155854724,0.826315822438393,0.408624960275698,0.999431561618104
"K07399",799.026608318008,0.0670927467121298,0.37894603359206,0.177050927479441,0.859468387064723,0.999431561618104
"K07400",150.543096498383,-0.220313815970896,0.294225686971582,-0.748791916295789,0.453982632750172,0.999431561618104
"K07401",20.3577700670601,-0.165083741693109,0.773666528968908,-0.213378420174286,0.831031811126816,0.999431561618104
"K07402",869.166558582008,0.228759234756324,0.225900540526904,1.01265465865089,0.31122514227185,0.999431561618104
"K07403",187.062230602036,-0.0211181932942628,0.31984015346194,-0.0660273360479606,0.947356061917855,0.999431561618104
"K07404",299.189043350063,0.0194566509814147,0.396016539255037,0.0491309050324398,0.960814974485227,0.999431561618104
"K07406",342.499228019085,-0.203935021293036,0.480499109660735,-0.424423307333551,0.671257125816471,0.999431561618104
"K07407",611.300934433768,0.307257100784573,0.34040921542667,0.902610995414611,0.366732388840663,0.999431561618104
"K07441",2.35855202086343,0.999949485114202,2.825047931498,0.35395841393175,0.723370049094427,0.999431561618104
"K07442",206.862610642858,-0.0618404598011271,0.274282787924728,-0.225462415155625,0.821619561013615,0.999431561618104
"K07443",47.3366009140417,0.336245692471218,0.400636707815561,0.8392782935557,0.401313161037093,0.999431561618104
"K07444",5.32006253764212,0.341779604528129,1.09005162298697,0.31354442057669,0.753867078014735,0.999431561618104
"K07445",13.1394457732923,-0.214244771054113,0.706086682436764,-0.303425594028677,0.761565543263054,0.999431561618104
"K07447",449.426653101852,-0.0290297637658235,0.294448852385764,-0.0985901745943671,0.921463671549954,0.999431561618104
"K07448",24.2731128321753,0.310216980734611,0.562432531926871,0.551563010894515,0.581247784714783,0.999431561618104
"K07450",9.26487698145537,-0.0569792650092951,0.909180534969557,-0.0626710128711709,0.950028480381289,0.999431561618104
"K07451",243.854076598129,-0.0782841771644952,0.305930421431561,-0.25588882857146,0.79803668102222,0.999431561618104
"K07452",52.7979590416546,-0.517690301080289,0.525975637120392,-0.984247680965865,0.324993747011184,0.999431561618104
"K07454",5.59722621103408,-0.83878368682683,1.19536049801877,-0.701699351967088,0.482866677242672,0.999431561618104
"K07455",113.31267411493,-0.0243339652743424,0.415262781066692,-0.0585989556103135,0.953271542557515,0.999431561618104
"K07456",475.397803973159,0.323109859409024,0.266830553734318,1.21091777117377,0.225926920967726,0.999431561618104
"K07458",8.42658056016684,-0.612188820381343,1.05339473346381,-0.581158041647241,0.561133943341399,0.999431561618104
"K07459",2.11791717558004,0.202314432648446,2.0301749736596,0.099653692550329,0.920619265449822,0.999431561618104
"K07460",34.750940096511,-0.564067079303895,0.574935851335518,-0.98109567875029,0.326545561203024,0.999431561618104
"K07461",27.1453063678391,0.244453932197704,0.538903495626525,0.453613558237367,0.650106993202164,0.999431561618104
"K07462",769.973066780587,0.158904911472158,0.358619133485688,0.443102156674246,0.657691845321256,0.999431561618104
"K07464",0.820880600659946,-0.188739915298582,2.60936160298111,-0.0723318359107274,0.94233782964918,0.999431561618104
"K07465",273.720651903701,-0.0648170608534498,0.262002969472715,-0.247390558144799,0.804605980646034,0.999431561618104
"K07469",0.313260684959905,2.32639373729202,3.79152128977883,0.613577917540251,0.539494279532316,0.999431561618104
"K07473",0.626892902779194,1.06403989748566,3.75023426176807,0.283726248339488,0.776620177738799,0.999431561618104
"K07474",25.2832131843385,0.085219156188165,0.65180110664943,0.130744110924009,0.895977736352926,0.999431561618104
"K07476",66.599731408053,-0.386303405442042,0.475065414175175,-0.813158343915132,0.416127279062647,0.999431561618104
"K07477",4.52607241667826,0.0484888595672218,1.22792759406305,0.0394883703254672,0.968501025422014,0.999431561618104
"K07478",481.959153271164,0.140903880287018,0.222515714069408,0.633231144489268,0.526582710292856,0.999431561618104
"K07480",188.679318712755,0.00948115586260737,0.282706263976485,0.0335371269431652,0.973246259454393,0.999431561618104
"K07481",402.609441070876,-0.0342148863734542,0.245352523349698,-0.139451944110182,0.889093027846003,0.999431561618104
"K07482",465.765694852747,-0.131865598422884,0.210709296325933,-0.625817658367142,0.531434548133539,0.999431561618104
"K07483",349.439145977763,0.0167621334076839,0.252629282859765,0.066350714445833,0.947098607857586,0.999431561618104
"K07484",461.479876557153,0.0102424549290958,0.260950262371107,0.0392506021493459,0.968690590012976,0.999431561618104
"K07485",556.356341077367,0.0988267926504027,0.25310168190626,0.390462804933096,0.696194354230814,0.999431561618104
"K07486",2345.75008254191,0.00575726214527197,0.192607035553947,0.0298912349110914,0.97615379625521,0.999431561618104
"K07487",1113.55554000499,-0.128979342610162,0.220017283246998,-0.586223685279151,0.557725207047112,0.999431561618104
"K07488",651.33328355787,-0.211461209947121,0.276318009902283,-0.76528203869846,0.444103617089769,0.999431561618104
"K07491",167.529221963604,-0.239780551793676,0.271447671024232,-0.883339875007697,0.377052665540086,0.999431561618104
"K07492",2596.02013809673,-0.0227234667317087,0.21737994308195,-0.104533410072438,0.916746056101625,0.999431561618104
"K07493",1159.41081100486,0.033133015544749,0.194734676841211,0.170144404079434,0.864896573184594,0.999431561618104
"K07494",2951.31537456734,-0.0258087573993264,0.234616796973854,-0.11000387752375,0.91240629976077,0.999431561618104
"K07495",1160.6503091099,0.172587952786067,0.233610836369146,0.738784019904573,0.460038156866986,0.999431561618104
"K07496",398.702007425141,0.138661454044701,0.20277321924876,0.683825283034997,0.494085499308875,0.999431561618104
"K07497",2411.44173495361,-0.0145386637149562,0.204596756608432,-0.071060088908355,0.943349932272765,0.999431561618104
"K07498",873.528187640592,-0.109067021820701,0.228473572930876,-0.477372592469148,0.633096827143857,0.999431561618104
"K07499",400.042910238731,0.102933790274311,0.266720101569589,0.385924381659158,0.699552672860066,0.999431561618104
"K07501",50.2722751884986,-0.0447387728048792,0.411349023348326,-0.108761101316618,0.913391977388958,0.999431561618104
"K07502",98.9799534488539,0.0585374766531624,0.299076429356587,0.195727482700981,0.844823472355534,0.999431561618104
"K07503",189.047295036051,-0.184389952355704,0.244491060368624,-0.754178709347065,0.450741920097871,0.999431561618104
"K07504",1.45840912925883,0.0294881040971137,2.58233333951866,0.0114191702697105,0.990889018353178,0.999431561618104
"K07506",235.205436506521,-0.0848188253062094,0.250472597783881,-0.338635148342235,0.734884600867822,0.999431561618104
"K07507",66.0539583827214,0.0806348286020312,0.373448010076816,0.21591982398151,0.829050244264813,0.999431561618104
"K07508",153.430258557724,0.131723892238861,0.335473088367172,0.392651144924897,0.69457715900298,0.999431561618104
"K07511",19.6814179756423,-1.04770247067157,0.639257106477603,-1.63893754180468,0.101226268112952,0.999431561618104
"K07516",1484.13319528444,-0.628948402490965,0.489727791101983,-1.28428162321707,0.199043434402525,0.999431561618104
"K07517",6.1174571475225,-0.903280535925938,0.904757070705117,-0.998368031787772,0.318100929369567,0.999431561618104
"K07518",10.3529708138779,0.419773497560089,1.04869017962694,0.400283616376974,0.688947633745025,0.999431561618104
"K07533",1269.35163116442,0.00760878545512644,0.332667162131036,0.0228720665015003,0.981752322267612,0.999431561618104
"K07535",35.2823468295373,-0.298515705287375,0.605517645018853,-0.492992578734978,0.622017831083618,0.999431561618104
"K07536",5.04446381602872,0.423395323129951,1.55428133313219,0.272405847065488,0.785309977334459,0.999431561618104
"K07537",0.837584587357909,-1.3805426967489,3.64480312144366,-0.378770169677117,0.704858540863526,0.999431561618104
"K07538",0.35430216876557,-1.43729179354141,3.76803072382159,-0.381443756404322,0.702873997874643,0.999431561618104
"K07543",0.667562853725475,0.228158282197852,3.74227120534732,0.0609678640799304,0.95138480217642,0.999431561618104
"K07544",17.1072508356359,0.0493262687315588,0.574277209629273,0.0858927847117624,0.931551647280435,0.999431561618104
"K07545",4.05189542769112,0.991686000985231,1.76956855719519,0.56041117873222,0.575199008443032,0.999431561618104
"K07546",3.64001528250407,-0.137858921116507,1.42007756516351,-0.0970784445148489,0.922664098781795,0.999431561618104
"K07552",1064.96579533046,0.00621359628267684,0.320757773541819,0.019371615577905,0.984544653646192,0.999431561618104
"K07556",61.702928825637,0.325858406493057,0.485247302600022,0.671530588108502,0.501882580145217,0.999431561618104
"K07558",2.77749998153006,-0.788389896857917,2.04685880115362,-0.385170631415111,0.700111000667897,0.999431561618104
"K07559",10.1909681824004,-0.583166786743741,0.802989553302396,-0.726244549938905,0.467688865606278,0.999431561618104
"K07560",302.66852855987,0.0948724735398949,0.344330740208896,0.275527167520211,0.7829112565632,0.999431561618104
"K07565",0.300434506190667,-1.00252203301266,3.79535279319863,-0.264144623079363,0.791668480296891,0.999431561618104
"K07566",384.154744599748,0.0299520329998052,0.202656990116449,0.147796693233203,0.882503219096234,0.999431561618104
"K07568",683.913875273396,0.313032566003165,0.245022035276623,1.27756903843264,0.201401423289901,0.999431561618104
"K07569",10.4511554957925,1.01280177933091,1.73880574799226,0.582469767252817,0.560250299845809,0.999431561618104
"K07570",724.494515061743,0.415675186172577,0.63940214245352,0.650099770666305,0.51562777736645,0.999431561618104
"K07571",807.659170935538,0.386622414649451,0.538606452213939,0.717819872116722,0.472868358785944,0.999431561618104
"K07572",15.7349783123082,0.333391721901438,0.687394454473171,0.485007872455058,0.627670761185261,0.999431561618104
"K07573",8.38921294445502,3.31326204259487,3.39720882255172,0.975289484885481,0.32941668488127,0.999431561618104
"K07574",98.6433559726792,0.0797840883902132,0.355056746008177,0.224707991855408,0.822206446998293,0.999431561618104
"K07576",14.3913584140497,-0.109317276173177,0.727574858648348,-0.150248836767478,0.880568297002324,0.999431561618104
"K07577",95.5186096557133,-0.502519998966818,0.34170243425947,-1.47063628638136,0.141389505226475,0.999431561618104
"K07581",1.11535109790157,-3.04250312730877,2.66458814490912,-1.14182866613803,0.253525244301453,0.999431561618104
"K07583",2.35826208664672,0.0477045341805832,1.51237467565801,0.0315428014951572,0.974836658455812,0.999431561618104
"K07584",8354.90609789805,0.574294766777609,0.939915081639561,0.611007077124271,0.541194895092297,0.999431561618104
"K07586",235.083706049792,0.153205490714604,0.469586911805038,0.326255879078274,0.744230766795556,0.999431561618104
"K07588",381.015989938471,-0.105841908629695,0.247316428978997,-0.427961494780776,0.668679154406151,0.999431561618104
"K07590",3752.99267653131,0.434702907112044,0.923461159322521,0.470732204298614,0.637831983776988,0.999431561618104
"K07636",158.720566730157,-0.0329521569908239,0.329804615417804,-0.0999141778203419,0.920412460403923,0.999431561618104
"K07637",30.6548960517791,-0.369231748003833,0.426129417014877,-0.866477960123888,0.386228107689728,0.999431561618104
"K07638",59.7210300706784,-0.25491745000987,0.37727437822452,-0.675681850459947,0.499242661620446,0.999431561618104
"K07640",4.30646708068111,-2.4964475285739,1.50548166497005,-1.65823841409823,0.0972693540614985,0.999431561618104
"K07641",4.97119722075523,-1.74744506374417,1.2727463405544,-1.37297198040498,0.169761057533211,0.999431561618104
"K07642",7.29406262277014,-1.38771098309053,1.00388946637738,-1.38233443976477,0.166869035996358,0.999431561618104
"K07644",3.2257990275296,-0.809333688279734,1.75992740497275,-0.459867654764013,0.645611218232584,0.999431561618104
"K07645",1.06290650629671,-2.99640625284206,3.70894511617593,-0.80788638251177,0.419155991150218,0.999431561618104
"K07646",133.05010106977,0.0788787018901792,0.355174738974305,0.222084211613613,0.824248328288459,0.999431561618104
"K07649",12.4675070894275,0.467616168948778,0.873343735481326,0.535431983938215,0.592351178418444,0.999431561618104
"K07651",86.4479169941232,0.421994089036744,0.652868103614573,0.646369590887338,0.518040029101399,0.999431561618104
"K07652",494.999113817808,0.421573178313596,0.605349401201367,0.696412976500758,0.486170238764644,0.999431561618104
"K07653",97.1788796960221,0.0366363618213208,0.407125171833955,0.0899879554395689,0.928296786161178,0.999431561618104
"K07654",378.80061691871,0.109659772859693,0.233822072690002,0.468988113902653,0.639078132060262,0.999431561618104
"K07655",6.25328875097873,0.661597203859413,1.00516253945301,0.65819922439553,0.510410123136654,0.999431561618104
"K07657",88.563295716768,-0.12373600593178,0.322987255926282,-0.383098724985055,0.701646564964657,0.999431561618104
"K07658",11.282928246766,0.554004376766837,1.02280630032929,0.541651314220959,0.588058734800932,0.999431561618104
"K07659",117.091483443651,-0.255123042613972,0.44435963905786,-0.574136398064614,0.565875504512298,0.999431561618104
"K07660",60.6673733651851,-0.0990104654925859,0.383126488666135,-0.258427617044422,0.796076904967601,0.999431561618104
"K07662",14.064146203198,0.250953024383253,0.940916835199997,0.266711164042369,0.789691557540252,0.999431561618104
"K07663",0.711659203907893,-2.4018007369524,3.7245435961061,-0.644857732223463,0.519019385057449,0.999431561618104
"K07664",1.73133035084404,-0.0960358992634534,1.83924634109554,-0.0522148105545503,0.95835753191588,0.999431561618104
"K07665",3.00760976471131,0.901285603675661,1.43548792520512,0.627860107946831,0.530095585833533,0.999431561618104
"K07666",14.8538093375937,1.58516759863592,0.709265567842635,2.23494227057646,0.0254211389782567,0.999431561618104
"K07667",62.9295630455547,0.0197564265069004,0.360922773150341,0.0547386531873701,0.95634667472017,0.999431561618104
"K07668",71.3431801428907,0.14347091220805,0.7233335439466,0.198346825484208,0.842773717931657,0.999431561618104
"K07669",144.06726561723,0.221942205590396,0.332538789639325,0.667417493854227,0.504505494681146,0.999431561618104
"K07670",674.198026724748,-0.0382287639960882,0.214350002093216,-0.178347392688447,0.858450161393148,0.999431561618104
"K07671",1.30739517938533,0.688744380668608,2.67198754220358,0.257764817309216,0.796588418830596,0.999431561618104
"K07673",1.0037233713078,1.19935147160361,2.84664408049623,0.421321190036002,0.673520558904795,0.999431561618104
"K07675",121.000477707286,-0.0630765400495826,0.259149633483115,-0.243398144931941,0.807696980737227,0.999431561618104
"K07676",0.237219734635964,-0.873927059337839,3.80302396467111,-0.229797936446455,0.818248788296786,0.999431561618104
"K07678",0.389010048382059,-1.50695560307088,3.76385406248269,-0.400375672928423,0.688879839330309,0.999431561618104
"K07682",371.667134894791,0.521861522399279,0.363769189478997,1.43459517048903,0.151402491627476,0.999431561618104
"K07683",46.30996991977,0.608967615760342,0.885513151859749,0.687700249828467,0.491641562651511,0.999431561618104
"K07684",131.389139871538,0.39222672781999,0.294839180847164,1.33030734481422,0.183417028201634,0.999431561618104
"K07687",2.52470581495937,-1.42096568790011,1.55361075701812,-0.914621427201883,0.360390405958098,0.999431561618104
"K07689",107.509076347,-0.0617847157571409,0.33103615067118,-0.186640388464739,0.851942597714067,0.999431561618104
"K07692",340.767033747787,0.00290059427410882,0.434307202284409,0.0066786695197593,0.994671232318124,0.999431561618104
"K07693",50.5846977286814,0.277891327769703,0.369238456420121,0.752606677169936,0.451686304009383,0.999431561618104
"K07695",321.619642416387,0.558216252226594,0.349094168701549,1.59904204158687,0.10981126140786,0.999431561618104
"K07696",146.985510350616,-0.0344462894913546,0.28191908973549,-0.122185019551793,0.902752490223518,0.999431561618104
"K07697",222.647945866845,-0.253500115836811,0.447121606011747,-0.566960112033037,0.570741282060774,0.999431561618104
"K07699",632.315968431379,-0.629632524150363,0.484966401101672,-1.29830133122637,0.194183809140252,0.999431561618104
"K07704",5.1647952568211,-2.07969230713445,1.39495502858109,-1.49086692009695,0.135996437870351,0.999431561618104
"K07705",14.5214303848612,-0.659149138548903,0.930837996816373,-0.708124443569458,0.478867981362367,0.999431561618104
"K07708",89.0936355469205,-0.291665510947977,0.381998930488778,-0.763524417659451,0.445150705802338,0.999431561618104
"K07709",4.79764350912049,0.78572734095797,1.47960701979108,0.531037856976992,0.595392545764458,0.999431561618104
"K07711",18.8616747971035,1.67491833224445,0.817617334986407,2.04853573985475,0.0405075338478574,0.999431561618104
"K07712",133.981083349238,0.0521765236393559,0.393212056323092,0.132693092188617,0.894436106189115,0.999431561618104
"K07713",621.906705668054,0.0199917104965731,0.27103203217203,0.0737614308403367,0.941200217117992,0.999431561618104
"K07714",14.2443479187926,0.177813411591419,0.752391003641041,0.236331124017868,0.813175737383237,0.999431561618104
"K07715",29.7397902037501,-1.25193787305211,0.565571691582856,-2.2135794483425,0.0268577223725139,0.999431561618104
"K07716",47.4702190896692,0.211448758641968,0.371385651703802,0.569350909686217,0.569118024126686,0.999431561618104
"K07717",29.7882787391575,0.256374843516925,1.00624201789773,0.254784474268478,0.798889567368861,0.999431561618104
"K07718",285.666022606204,-0.200599164521106,0.516891048337547,-0.388087905887099,0.69795098164089,0.999431561618104
"K07719",26.4097051901612,1.23809677833649,1.04898114812926,1.18028506093222,0.237886857765693,0.999431561618104
"K07720",716.931184332297,-0.277062532563431,0.475887349029035,-0.582201928941227,0.560430674231051,0.999431561618104
"K07721",0.715096912111202,2.59121243441431,3.65793705296852,0.708380815987927,0.47870880243495,0.999431561618104
"K07722",12.4291984971326,0.628480582892299,0.764547390371813,0.822029596604414,0.411060052574865,0.999431561618104
"K07723",2630.66271161715,0.207980150688709,0.522223770610681,0.398258682184267,0.690439513612887,0.999431561618104
"K07726",19.2539975344571,0.487157180349751,0.78610134403871,0.619712946739042,0.53544679041242,0.999431561618104
"K07727",32.4651897370096,0.636217230219027,0.438234653678727,1.45177298252968,0.146564738545063,0.999431561618104
"K07729",32.6052203839825,0.516262847731038,0.566568591250767,0.911209791194615,0.362184846065817,0.999431561618104
"K07732",2.43390307306621,0.184899219511245,1.7779107672147,0.103998031240291,0.917170910942234,0.999431561618104
"K07733",59.5327567463161,-0.316650960318652,0.383156962318748,-0.826426220738306,0.408562354417891,0.999431561618104
"K07734",142.674409267256,-0.407435540566483,0.371970045105821,-1.09534503094348,0.273365506339777,0.999431561618104
"K07735",489.476525584859,0.125285034435667,0.218027129870532,0.5746304806657,0.565541233130065,0.999431561618104
"K07736",9459.13142206935,-0.0545436737726266,0.190564309132614,-0.286221874499435,0.774708190835799,0.999431561618104
"K07738",962.434388469874,0.00453642895016835,0.21756157086675,0.0208512419362277,0.983364321455142,0.999431561618104
"K07739",8.7169088060477,-0.341127432714069,1.26967400052215,-0.268673244134936,0.78818114303101,0.999431561618104
"K07740",3.79944615850867,1.41619783719498,1.66297043504658,0.85160734511514,0.394432061515895,0.999431561618104
"K07742",1776.53665999125,-0.00328485633845619,0.224242746456464,-0.0146486626228239,0.988312476249602,0.999431561618104
"K07743",1.12749845502823,2.11221641269693,2.75659378410553,0.766241448005843,0.443532650384768,0.999431561618104
"K07746",18.9616795267946,-0.672773877834231,0.603201590015669,-1.11533836941105,0.264705448986235,0.999431561618104
"K07749",456.075481726061,-0.27060141192781,0.429724642620433,-0.629708853273343,0.528885089090442,0.999431561618104
"K07755",575.312674255932,0.0873411576244491,0.271484994931897,0.321716335174837,0.747667601573919,0.999431561618104
"K07766",2.94575220364753,-0.189718631107522,1.95518340949777,-0.0970336747877049,0.922699652007367,0.999431561618104
"K07768",369.788682745126,0.0385291966695922,0.353173982739407,0.109094096826553,0.913127856994692,0.999431561618104
"K07774",25.1088005286605,0.49562985787447,0.541017892005143,0.916106223469885,0.35961118393578,0.999431561618104
"K07775",162.431567408361,0.186446981533078,0.478148482619939,0.389935319906216,0.696584375573809,0.999431561618104
"K07776",345.512238543342,-0.104980952864693,0.321739873647401,-0.32629139706738,0.744203896519204,0.999431561618104
"K07777",323.211060525568,0.142827438844489,0.604637653946931,0.236219887914929,0.81326204782507,0.999431561618104
"K07778",180.878981316604,-0.0296538003987444,0.236652784276229,-0.125305098308632,0.900282016131721,0.999431561618104
"K07782",0.38967316814323,2.59890514515267,3.76435381361847,0.690398744068767,0.489943466331164,0.999431561618104
"K07787",141.031139237346,0.552438345704165,0.506206268999614,1.09133050998344,0.275127477335024,0.999431561618104
"K07788",27.2277645558101,0.488536027947299,0.638099043158694,0.765611597737189,0.44390744157455,0.999431561618104
"K07789",19.0358059479228,-0.101534164810132,0.805262991811218,-0.126088204527764,0.899662104374079,0.999431561618104
"K07792",5.74674932977151,0.456972905113837,1.96680619337088,0.232342620566309,0.816271911587908,0.999431561618104
"K07793",1566.46524575426,-0.586200254826957,0.43328289404512,-1.35292729734655,0.176078857746622,0.999431561618104
"K07794",557.1859549805,-0.435916411262438,0.409623010702746,-1.06418926640518,0.287242968454531,0.999431561618104
"K07795",5270.35560504636,-0.302596289426628,0.330212852130345,-0.916367389925766,0.359474233144993,0.999431561618104
"K07798",107.581517881004,0.791843802048729,0.75324079943029,1.05124921890534,0.29314414318329,0.999431561618104
"K07799",110.032234663102,0.165703704103645,0.314942893406019,0.526138889217681,0.598791710088064,0.999431561618104
"K07807",14.8280822517305,-1.19260530198597,0.896797266196366,-1.32984939510825,0.183567897484385,0.999431561618104
"K07810",18.9677052457921,0.291771932221613,0.606195765318664,0.481316348470753,0.630291679547448,0.999431561618104
"K07814",18.8066253617715,0.798795284657164,0.664624708922578,1.20187419145474,0.229412275081825,0.999431561618104
"K07816",141.728652348802,0.265103731924794,0.531399637786344,0.498878269900859,0.617865143373571,0.999431561618104
"K07823",57.4628576866395,-0.0391246821943197,0.40546612775536,-0.0964930965033058,0.923128956535327,0.999431561618104
"K07978",22.2490827264811,-0.0383188545531631,0.57014733262528,-0.0672086886326759,0.946415568237825,0.999431561618104
"K07979",9.15483182890561,0.227450734542169,0.759310333531682,0.299549109893258,0.764521106858194,0.999431561618104
"K08081",0.62652136991981,3.31200695895109,3.71282221378867,0.892045664521982,0.372368456764256,0.999431561618104
"K08082",18.6941213419077,-0.737459642547052,0.681779585068114,-1.08166870745092,0.27939976261248,0.999431561618104
"K08083",9.41127696726946,-0.65317691552227,1.01440983184062,-0.643898447176025,0.519641288801505,0.999431561618104
"K08084",28.0336692010395,0.0280811496023168,0.590712734930635,0.0475377420221257,0.96208465054039,0.999431561618104
"K08086",207.47029800619,-0.140163676094475,0.277878600864854,-0.504406153112318,0.613975995026049,0.999431561618104
"K08092",0.300434506190667,-1.00252203301266,3.79535279319863,-0.264144623079363,0.791668480296891,0.999431561618104
"K08093",9.15542388617725,-0.375449391713189,0.989515680697852,-0.37942743004174,0.704370484491767,0.999431561618104
"K08094",18.807462335551,-0.560976882124545,0.683474418904603,-0.820772316575675,0.411775969990785,0.999431561618104
"K08095",6.21396114236307,0.59492043244355,1.10702894161431,0.537402781517182,0.590989422407947,0.999431561618104
"K08096",6.20359321986751,-0.743875605268943,1.01949066517817,-0.729654160334015,0.465601607447477,0.999431561618104
"K08097",201.812153462541,0.204520962945261,0.308745418608219,0.662425903733934,0.507698307072591,0.999431561618104
"K08138",1.1656287004932,-3.11510789445265,3.18496208674985,-0.978067496442797,0.328040942361016,0.999431561618104
"K08139",52.0955794108041,-0.102094456741606,0.417640145070545,-0.244455562873059,0.806878013762313,0.999431561618104
"K08150",1.28706185659726,2.07572273933891,2.23965368063137,0.926805227651871,0.354027670252971,0.999431561618104
"K08151",29.884893901951,0.487275507732638,0.451822266884057,1.07846722803876,0.280825299249593,0.999431561618104
"K08152",88.9816434306113,-0.279456703090533,0.551885163155342,-0.506367486838693,0.612598694664325,0.999431561618104
"K08156",1.60545154507341,-3.58930409871716,2.92757652106455,-1.22603254702015,0.220186427351383,0.999431561618104
"K08161",34.289381394268,0.486478896865518,0.593851990200625,0.819192163860842,0.412676785029816,0.999431561618104
"K08162",8.80539948880122,-0.3812108570267,0.872848053204386,-0.436743664177521,0.662297259126509,0.999431561618104
"K08164",8.67339360172509,-0.883722751442707,0.963631302417092,-0.917075596471442,0.359103027845188,0.999431561618104
"K08166",2484.19916526184,0.140794887135498,0.230149311603217,0.611754543842528,0.540700168552398,0.999431561618104
"K08167",723.30681393428,-0.165286775629596,0.218647242192598,-0.75595179693143,0.449678096859645,0.999431561618104
"K08168",67.716009628267,0.206238105097341,0.520499315351453,0.39623127065611,0.691934424484773,0.999431561618104
"K08169",16.7903641665655,0.117338861170929,0.790156044559869,0.148500871414949,0.881947498290874,0.999431561618104
"K08170",0.953865182955519,-0.0952894493554601,2.47078561606633,-0.038566457864996,0.969236045132809,0.999431561618104
"K08172",2291.75148562946,-0.078925909142033,0.970785094654085,-0.0813011134767745,0.935202488497084,0.999431561618104
"K08173",7.36117447613233,0.780459282682897,1.32092448712614,0.5908432240369,0.554625470519874,0.999431561618104
"K08174",0.746138995002459,2.48571957576508,3.01251192045197,0.825131863840773,0.409296731298656,0.999431561618104
"K08177",1434.25228426353,0.00130431658835202,0.42848997174695,0.0030439839304391,0.997571255969296,0.999431561618104
"K08178",12.7992480255491,-0.783410877338152,0.827927358893965,-0.946231416225594,0.344030565635788,0.999431561618104
"K08191",207.396304804916,-0.333134166623164,0.388833205901796,-0.856753388256917,0.391581190985265,0.999431561618104
"K08194",81.2647933631281,-0.287959708763943,0.617796237491793,-0.466107903041038,0.641138266647869,0.999431561618104
"K08195",15.8810042770007,-0.300803351588252,0.566310803095899,-0.531163011448529,0.595305822380556,0.999431561618104
"K08217",821.597461574411,-0.00303819911571898,0.222366256780019,-0.0136630402459155,0.989098810305141,0.999431561618104
"K08218",78.0201408974382,-0.280069417212402,0.427272011818469,-0.655482712336872,0.512157013321176,0.999431561618104
"K08219",26.6686626221056,0.0644117568554505,0.554123214635238,0.116240856102466,0.907461657715149,0.999431561618104
"K08221",640.047917572151,-0.0375437625815898,0.469112506573037,-0.08003146804986,0.936212228349163,0.999431561618104
"K08222",10.8261904857543,0.0481296967870021,0.720269419231818,0.0668217968192144,0.946723570837037,0.999431561618104
"K08223",353.905303778989,-0.0389476226571671,0.285704803573966,-0.136321203458814,0.891567362416577,0.999431561618104
"K08224",155.761354067782,0.0882980573943832,0.377416190058411,0.233954079661283,0.81502062848495,0.999431561618104
"K08225",96.0067897119432,0.145413360588526,0.315624382958344,0.460716498597377,0.645002016507156,0.999431561618104
"K08226",5.77121471178049,3.09696466291201,1.29655262074943,2.38861471054056,0.0169120278445961,0.999431561618104
"K08227",17.3097602779605,0.712874252692412,0.623231342707157,1.14383568964274,0.252691785672683,0.999431561618104
"K08234",419.338544802325,0.0435341967679664,0.214551877569222,0.202907554392856,0.839207289555902,0.999431561618104
"K08254",154.911908988284,0.555078975398496,0.608321355538832,0.912476555926307,0.361517905374559,0.999431561618104
"K08256",501.142733271472,0.170007743927995,0.269533483359978,0.630748142340965,0.528205215550598,0.999431561618104
"K08260",29.6544237342287,0.713581580659673,0.882842955963715,0.808276914755155,0.418931188882635,0.999431561618104
"K08261",0.751844989848599,2.50325995882616,3.61248647553294,0.692946527490285,0.488343109340645,0.999431561618104
"K08264",945.612032944919,-0.263374237968252,0.238206388505208,-1.10565564433841,0.268875595350936,0.999431561618104
"K08281",152.854672333841,-0.158544384113212,0.264673238232495,-0.599019323494818,0.54915999879361,0.999431561618104
"K08282",4.39602263103835,-5.03564271048188,1.65262898432034,-3.04704973606211,0.00231099467990087,0.999431561618104
"K08289",89.4796483908842,-0.301407069282168,0.405094678187035,-0.744041048949565,0.456851641677608,0.999431561618104
"K08295",59.4994488870658,0.596011617545539,0.459717270998074,1.29647427918373,0.194812135822017,0.999431561618104
"K08296",84.9360165017963,-0.216671464258946,0.43617688437658,-0.4967513685844,0.619364393170989,0.999431561618104
"K08299",2.19829941335222,0.183655002833148,1.89025757979165,0.0971587178364288,0.9226003512817,0.999431561618104
"K08300",2511.94436561549,-0.102003036286311,0.172445629043818,-0.591508389350895,0.554179835702995,0.999431561618104
"K08301",387.789139531103,0.128992460660393,0.28772095102663,0.448324879367071,0.653918747674268,0.999431561618104
"K08303",325.678745564727,0.443479796594568,0.48253731325238,0.919058038445654,0.358065215808599,0.999431561618104
"K08304",107.70964792302,-0.567114056013499,0.381683963017512,-1.48582102200474,0.137326468142082,0.999431561618104
"K08305",239.326443182952,-0.0986022998710185,0.314961503681279,-0.313061433599192,0.754233988888621,0.999431561618104
"K08307",698.846425832166,0.0382960404353168,0.225255724170454,0.170011397385568,0.865001173321162,0.999431561618104
"K08309",1715.07547144881,0.0984448854814562,0.213400612451575,0.461314915409605,0.644572685407156,0.999431561618104
"K08310",25.7777528355318,-0.709038104956915,0.634558936631606,-1.11737155372937,0.263835492701989,0.999431561618104
"K08311",113.078123258058,-0.312906628663517,0.467711543975117,-0.669016261613086,0.503485104716636,0.999431561618104
"K08312",0.0885755421913926,-0.0603928784247551,3.81694647031143,-0.0158223016472713,0.987376156521306,0.999431561618104
"K08316",265.179677195603,0.125910421580746,0.247446181188039,0.508839623130269,0.610864643393251,0.999431561618104
"K08318",2.99277568381561,2.24330123413024,2.25569635075161,0.994504971106928,0.319977086460035,0.999431561618104
"K08319",135.60737302455,0.0802210428699948,0.66616579122169,0.120422038968522,0.904148833866368,0.999431561618104
"K08321",13.7722760143985,-0.369287801124717,0.706725041325282,-0.522533912810295,0.601298640723203,0.999431561618104
"K08322",130.009879454187,0.137724110998973,0.58845338733522,0.234044214823284,0.814950653264182,0.999431561618104
"K08323",101.134626779475,-0.148058714472701,0.367753557410513,-0.40260307885323,0.68724024432982,0.999431561618104
"K08330",1.5701046622652,4.61410937656038,2.76126086496788,1.67101538108898,0.0947186397664324,0.999431561618104
"K08344",131.335432671546,0.358850435701559,0.442575694443309,0.810822736555691,0.417467475528621,0.999431561618104
"K08351",18.4948006496799,-1.04201948855641,0.656870421831428,-1.5863394878569,0.112662319246122,0.999431561618104
"K08355",96.6846472365393,0.444941651796749,0.660870483596582,0.67326603750752,0.500778055306218,0.999431561618104
"K08356",2.65727559208633,1.83104331540808,1.94978024850967,0.939102402338752,0.347678170974274,0.999431561618104
"K08358",9.00947055755564,0.0736542859665059,1.17821719406199,0.0625133348398842,0.950154043043378,0.999431561618104
"K08363",5.30843951138142,1.53687060720084,1.46110416354882,1.05185560724706,0.292865801894296,0.999431561618104
"K08364",25.9575022944661,-1.41231694708774,1.97115328143662,-0.716492705254464,0.47368717021412,0.999431561618104
"K08365",6.55755332463213,1.0439858018631,1.19153939951273,0.876165573954189,0.38094002870145,0.999431561618104
"K08368",165.72511702764,-0.65952197791521,0.708801207303763,-0.930475246259797,0.352125074846197,0.999431561618104
"K08369",86.460282353421,1.26099823418027,0.616007758113529,2.0470492742526,0.0406532467653471,0.999431561618104
"K08372",1410.81330622265,-0.287072557130343,0.25390783233,-1.13061717906063,0.258216253738665,0.999431561618104
"K08384",16.7358711506803,1.34542297740288,1.31967187454589,1.01951326185977,0.307959360379946,0.999431561618104
"K08478",0.156630342479952,1.62272230958218,3.81694647031143,0.425136250194722,0.670737353439905,0.999431561618104
"K08481",33.0845350146544,0.0646847934611814,0.532711760116938,0.121425503065639,0.90335401780642,0.999431561618104
"K08482",429.132861180246,-0.0251563344345379,0.282099658710005,-0.0891753451584224,0.928942559013181,0.999431561618104
"K08483",1052.21406134619,0.412025276451233,0.537138194241189,0.767074992746137,0.443036929220242,0.999431561618104
"K08484",133.181605205119,0.0666795853131072,0.335553831359981,0.198715017029782,0.842485676397485,0.999431561618104
"K08591",118.250362933255,-0.172191041636691,0.306023111173149,-0.562673325477255,0.573657351306559,0.999431561618104
"K08602",1136.24417939227,0.108217280908491,0.255223757695484,0.424009433469779,0.671558933536986,0.999431561618104
"K08604",4.93792485968127,3.00158664137494,1.65574965381558,1.81282637411879,0.0698586047771419,0.999431561618104
"K08640",2.54923485309748,2.15715359461107,2.76069378487132,0.781380972577377,0.434578458707963,0.999431561618104
"K08641",25.3432757864923,-1.10891293869581,0.532091096415133,-2.0840659544332,0.0371541683651707,0.999431561618104
"K08642",0.680954244877956,-2.34218293847924,3.7264859130922,-0.628523223514809,0.529661238058797,0.999431561618104
"K08646",9.82333964094756,0.293057899609836,1.08993841101787,0.268875650814211,0.788025375029392,0.999431561618104
"K08651",74.7425546981732,0.205938408739006,0.315150273471249,0.653460986946579,0.513459132597216,0.999431561618104
"K08659",6.79443706125836,1.50891393475051,1.36664137257763,1.10410380150027,0.269548112424924,0.999431561618104
"K08676",241.936792758361,-0.099828514511026,0.351015283474827,-0.284399338748978,0.776104365689641,0.999431561618104
"K08677",11.5336794564428,1.25768781971253,0.986341747036811,1.27510350595106,0.202272608632279,0.999431561618104
"K08678",72.1046136988282,-0.80285668173732,0.423725984715527,-1.89475441841578,0.0581249445324289,0.999431561618104
"K08679",86.4529426590284,-0.29477021967013,0.320181962586471,-0.920633433841611,0.357241840512072,0.999431561618104
"K08680",31.3820803477002,0.13796448171723,0.482156511821416,0.28614045094206,0.774770550798866,0.999431561618104
"K08681",844.024349577218,0.148954040391444,0.27170711429013,0.548215459063726,0.583543968493258,0.999431561618104
"K08682",1.5980466675045,-1.2336792150291,2.61962047116757,-0.470938148715583,0.637684904450661,0.999431561618104
"K08683",301.296508818236,0.0648411698792109,0.233424672002371,0.277781989894163,0.781179717276936,0.999431561618104
"K08685",0.466269205491933,-0.0923134011125454,3.79244595195204,-0.0243413887190746,0.980580299477283,0.999431561618104
"K08688",5.87316844126298,-1.48054618689406,1.12555178344346,-1.31539588730831,0.18837688700683,0.999431561618104
"K08691",156.645908493142,0.298961667850482,0.293722010616523,1.01783883074667,0.308754555056389,0.999431561618104
"K08692",1.83504722106106,-3.76971731941535,1.95972539075969,-1.92359467157489,0.0544054094782761,0.999431561618104
"K08693",815.273092777587,0.0560869140399023,0.49007901859859,0.114444634255688,0.908885333382325,0.999431561618104
"K08713",29.7821635342476,0.451450058863709,0.993740653411303,0.454293640210829,0.649617492920665,0.999431561618104
"K08714",1.92215412977345,1.58310886400383,1.99821598337614,0.792261135520019,0.428208427934022,0.999431561618104
"K08715",5.41984869776054,-2.09096248703079,1.45796934891427,-1.43416079946255,0.151526380828048,0.999431561618104
"K08716",0.71436138652766,-2.38768244544,3.72499645412027,-0.640989186123642,0.521529708850439,0.999431561618104
"K08717",2.6952142268997,-1.54323538020906,1.40673274414731,-1.09703523048686,0.272625991651814,0.999431561618104
"K08722",0.907938993170608,-2.7565027854187,3.7144876144013,-0.742095026708816,0.458029762840776,0.999431561618104
"K08724",31.7714428485477,0.657849513937838,0.768329225184958,0.856207849935,0.391882821308529,0.999431561618104
"K08726",14.2324587741285,-0.626236432655325,0.954019134335719,-0.656419153575333,0.511554469986636,0.999431561618104
"K08738",393.323550713973,-0.309520476647339,0.29170678875694,-1.06106710085943,0.28865940779768,0.999431561618104
"K08744",386.979122001499,0.0387692402598637,0.195571665688676,0.19823546587561,0.842860840297942,0.999431561618104
"K08762",0.626229783018024,-2.20386276123859,3.18134305588704,-0.692746026606709,0.488468949096456,0.999431561618104
"K08764",4.29898622921389,2.50990380659914,1.42002827809375,1.76750269365652,0.0771440782982466,0.999431561618104
"K08869",27.533914838592,0.537561123451117,0.501577412139871,1.07174109208333,0.283836338515313,0.999431561618104
"K08884",57.4099923188019,0.313551560951675,0.480685887690416,0.652300325391737,0.514207450182397,0.999431561618104
"K08906",9.34493981752054,-0.00657787340246548,0.848451577907078,-0.00775279765368753,0.993814224416061,0.999431561618104
"K08926",1.27771570812357,1.37596439928896,2.69490571422081,0.5105797920974,0.609645328940292,0.999431561618104
"K08928",0.827853760673986,-2.60431256956084,3.54659061633406,-0.734314402560731,0.462757141994535,0.999431561618104
"K08929",2.02295671566435,-1.24659032062022,2.1143986635343,-0.589572033940136,0.555477605469231,0.999431561618104
"K08955",14.8832285510426,-1.11213286672381,0.670693656898368,-1.65818306955054,0.0972805209762194,0.999431561618104
"K08956",166.974299900367,-0.131439519285369,0.376216729880652,-0.349371808444207,0.72681019508388,0.999431561618104
"K08963",243.973293793526,0.279451500875419,0.280379282047917,0.996690978143171,0.31891453017922,0.999431561618104
"K08964",72.6277132660776,-0.438152455224393,0.483492860420216,-0.906223216706,0.364817716901504,0.999431561618104
"K08965",148.453621521837,-0.420703709188826,0.486780693930201,-0.864257178714551,0.387446627925163,0.999431561618104
"K08966",15.7684735560404,-1.04121095781,0.766507759901434,-1.35838280090457,0.174342248841555,0.999431561618104
"K08967",146.20837738463,0.158967628181907,0.310477109456554,0.512010783855072,0.608643462311,0.999431561618104
"K08968",125.0081154975,0.192029669526664,0.419364945506155,0.457905868347896,0.647020070651527,0.999431561618104
"K08969",67.1115076499473,0.323764376257543,0.683947984524396,0.47337572970945,0.635945142108487,0.999431561618104
"K08970",255.93134603237,-0.0232675782432991,0.345847530604682,-0.0672769824396836,0.946361200716735,0.999431561618104
"K08972",163.612014437743,0.0500181156386114,0.293533852901353,0.170399819796665,0.864695713851031,0.999431561618104
"K08973",60.2065515051925,-0.234921043104943,0.41727431187862,-0.562989468599923,0.573442055250759,0.999431561618104
"K08975",32.8951344844539,0.165107212462457,0.519603713094289,0.317756028876754,0.750670007125517,0.999431561618104
"K08976",92.6023644042982,-0.280229347907348,0.529542116914074,-0.529191803553597,0.59667240199838,0.999431561618104
"K08977",1.76493363293393,0.626693592275726,2.54717949706521,0.246034326594488,0.805655660267846,0.999431561618104
"K08978",2.49010473292812,1.84342287778721,1.63716702086633,1.12598339344249,0.260172548557841,0.999431561618104
"K08979",35.8605177943557,-0.251058142135721,0.50075529969192,-0.501358931778015,0.616118537230502,0.999431561618104
"K08981",111.824455913169,-0.352851953916839,0.317348755637853,-1.11187438944774,0.266192161609911,0.999431561618104
"K08982",40.2408831264884,0.107003651673306,0.599333077684181,0.178537870939424,0.858300582228901,0.999431561618104
"K08983",4.00962346621994,-3.88048532077269,1.75414216758913,-2.21218404783346,0.0269539506158444,0.999431561618104
"K08984",10.4353930289467,0.136694570762661,0.811461199534686,0.168454845211386,0.866225464265117,0.999431561618104
"K08985",0.527419254483319,-1.95348896993475,3.74127855494876,-0.522144753790326,0.60156954824238,0.999431561618104
"K08986",99.2876542153525,0.308493103195593,0.632587847367008,0.487668399700721,0.625784738246693,0.999431561618104
"K08987",10.8007336103193,-0.709790736400815,0.717506045887521,-0.9892470460271,0.322542285561307,0.999431561618104
"K08988",18.2510025772025,1.3088501010792,0.605303169800074,2.16230505039566,0.0305946707052833,0.999431561618104
"K08989",98.7817979015806,-0.0962161281721047,0.416929254975901,-0.230773271541394,0.817490947010262,0.999431561618104
"K08990",24.4057217132782,-0.594580272152736,0.617672778871849,-0.962613688818714,0.335741425360297,0.999431561618104
"K08992",107.27689728523,0.027292986751289,0.27124506907732,0.10062113513853,0.919851218440979,0.999431561618104
"K08994",5.15562829559159,-0.962599373894574,1.40085258601357,-0.687152512338116,0.491986625740182,0.999431561618104
"K08995",954.669211440281,-0.201405607270235,0.232125741952249,-0.867657354916143,0.385581937985336,0.999431561618104
"K08996",6.31113573549671,-1.306012734843,0.993665895332886,-1.31433788859732,0.188732522250407,0.999431561618104
"K08997",899.421321953593,-0.0142593665433755,0.198006651647698,-0.07201458347342,0.942590302051818,0.999431561618104
"K08998",817.426050818673,0.185359519732221,0.192923516895195,0.960792767596688,0.336656375805321,0.999431561618104
"K08999",1617.97520284124,0.0129843492718091,0.208862635922387,0.0621669319381474,0.950429896025341,0.999431561618104
"K09001",79.00952114952,0.230548636610046,0.301569417035454,0.764496078138261,0.444571672934028,0.999431561618104
"K09002",0.150217253095333,-0.060392878424755,3.81694647031143,-0.0158223016472713,0.987376156521306,0.999431561618104
"K09003",103.0079287893,-0.019299688884271,0.372639522780055,-0.0517918462869606,0.958694552553779,0.999431561618104
"K09004",33.1433642290358,-1.36891655551788,0.608711512741248,-2.24887574304805,0.0245204026839055,0.999431561618104
"K09005",98.7294083762548,0.15664424815862,0.389225059721075,0.402451600292318,0.687351701302347,0.999431561618104
"K09007",120.370058104932,-0.732027159927856,0.537550693110038,-1.3617825617388,0.173266516483548,0.999431561618104
"K09008",110.968644139231,0.682674236890519,0.351422461697572,1.94260273971337,0.0520641756364903,0.999431561618104
"K09009",77.8032270203232,0.000584757342289249,0.338937382358027,0.00172526659119458,0.998623437106517,0.999533535818505
"K09012",912.463649609522,0.262119778703225,0.221451520298156,1.18364406959282,0.236553987640219,0.999431561618104
"K09013",12298.2845895627,-0.0141779152246853,0.154847952774363,-0.0915602368043233,0.927047445126389,0.999431561618104
"K09014",31857.9088550303,-0.0335199944587794,0.156009422326255,-0.214858781982288,0.829877421554632,0.999431561618104
"K09015",7202.50711538558,0.121543324496504,0.159403496650108,0.762488446306123,0.445768536206119,0.999431561618104
"K09016",16.3966981399777,-0.17852896791815,0.702898100828508,-0.253989828266312,0.79950341635475,0.999431561618104
"K09017",154.299089386975,-0.0451888828250941,0.270022094171292,-0.167352538183146,0.867092667476844,0.999431561618104
"K09018",16.0626197033365,0.731898574966196,0.803100010076351,0.911341757917067,0.362115330780101,0.999431561618104
"K09019",252.321500625351,-0.0905323279792162,0.401910042042518,-0.225255202679506,0.821780747189809,0.999431561618104
"K09020",18.9536009447502,0.433024965432713,0.630707113122111,0.686570606900505,0.492353356221546,0.999431561618104
"K09021",3.11807035477337,0.814022812542044,1.64934743554182,0.493542351963359,0.621629422388647,0.999431561618104
"K09022",573.908571825466,0.0341336714059554,0.20811201478304,0.164015861561575,0.869718657186662,0.999431561618104
"K09023",0.697650043836686,0.480847025396392,3.18157643816592,0.151134833546097,0.879869354895794,0.999431561618104
"K09024",10.5524773332641,-0.403258957965239,1.07796621231389,-0.374092391170248,0.70833557937695,0.999431561618104
"K09065",7.75133162513892,1.08293979662011,0.890874057017416,1.21559247133733,0.224140203522163,0.999431561618104
"K09117",1776.00486889104,0.528832502327733,0.431255343126605,1.22626307304089,0.22009969272664,0.999431561618104
"K09118",3636.2447225064,-0.142013992376879,0.199701537852186,-0.711131190597012,0.477002943389669,0.999431561618104
"K09120",3.33847600340244,4.21889167580423,1.5691902307827,2.6885788561785,0.00717568851850114,0.999431561618104
"K09121",148.00343686796,-0.00587798743894205,0.327690072493347,-0.0179376427067725,0.985688599301575,0.999431561618104
"K09122",15.7652574727883,0.537059708958721,0.806187854356636,0.666171917694433,0.505301220360427,0.999431561618104
"K09123",1.99334302466796,0.209882290829992,2.1030710994331,0.099798000593783,0.920504695422351,0.999431561618104
"K09125",198.744195115724,-0.340454364894865,0.356265089904573,-0.95562089731008,0.339263799829188,0.999431561618104
"K09128",8.07646219964442,-0.140529097178975,1.01036159329356,-0.139087924671483,0.889380670191896,0.999431561618104
"K09129",3.37709447275049,-0.160918054626311,1.90884007638651,-0.0843014858169437,0.932816731098233,0.999431561618104
"K09131",54.2095524802855,-0.0173409775044796,0.360461879703548,-0.0481076598688918,0.961630441583124,0.999431561618104
"K09136",43.4690637554059,0.392232040530621,0.505120671385379,0.776511560009728,0.437446997943742,0.999431561618104
"K09137",18.7330907305286,-1.33300303551184,0.721622700917008,-1.84722990811946,0.06471382649401,0.999431561618104
"K09138",0.613695191150572,0.662908793525938,3.7697792808552,0.175848171507684,0.86041322386348,0.999431561618104
"K09140",2.50266677872749,0.870842501942935,1.99084327593156,0.437423936113428,0.66180392823346,0.999431561618104
"K09141",7.62914155797524,-0.0386496076793453,0.946440164837442,-0.0408368210852333,0.96742598484946,0.999431561618104
"K09142",3.8887373584148,2.13487113057025,1.51677566365095,1.40750618679596,0.159277343994739,0.999431561618104
"K09143",5.95280558767237,-2.50114789720522,1.18108712856434,-2.11766586623078,0.0342033756130805,0.999431561618104
"K09144",3.08210529443349,-0.837484309821376,1.42627783090749,-0.587181747954757,0.557081649286782,0.999431561618104
"K09145",5.27297241793815,-0.00722308948181611,1.00872602665832,-0.00716060584432875,0.994286711974975,0.999431561618104
"K09146",2.08031332671003,-3.93037845093702,1.99374651243974,-1.97135314164258,0.0486834968359144,0.999431561618104
"K09147",6.37311282797714,-0.34986794621872,1.12756631350767,-0.310285915805997,0.756343540544912,0.999431561618104
"K09148",2.12051865151362,0.19593337282614,2.47114565573665,0.0792884759226108,0.93680317232519,0.999431561618104
"K09152",0.566161132764845,-2.06963175814997,3.73644230690342,-0.553904379662477,0.579644287630659,0.999431561618104
"K09153",30.4521299812469,0.127470815935282,0.602265105435512,0.211652335134217,0.832378276608597,0.999431561618104
"K09154",9.81278955954838,0.0321632372891976,0.886954874571161,0.0362625407574972,0.971073018427474,0.999431561618104
"K09155",88.0707401017711,0.61539172519627,0.589917853826632,1.0431820654425,0.29686397813008,0.999431561618104
"K09157",118.698593431596,-0.103062236735703,1.21055738297626,-0.0851361845254416,0.932153123631834,0.999431561618104
"K09158",69.0591613482329,-0.509942876304003,0.365440882725492,-1.39541824795519,0.1628897517168,0.999431561618104
"K09159",99.0195719417641,-0.329212500015934,0.357700208701009,-0.92035870264508,0.357385341984149,0.999431561618104
"K09160",59.357833443273,-0.410927069555185,0.464087066825055,-0.885452534513509,0.37591260899007,0.999431561618104
"K09161",4.95795046586313,1.22119306625435,0.949545647521902,1.28608147427286,0.198414628817961,0.999431561618104
"K09163",48.9849759944299,0.605290504902268,0.543856317028631,1.11296032784777,0.265725468333537,0.999431561618104
"K09164",558.612518177644,0.446426462330669,0.275340897433783,1.62135907339385,0.104940652672463,0.999431561618104
"K09165",437.169028515824,-0.211550193493566,0.236233123097279,-0.895514527005813,0.370512103704442,0.999431561618104
"K09166",99.9735475863649,-0.152668631951103,0.333399649726218,-0.457914794081133,0.647013657786127,0.999431561618104
"K09167",74.5208616484466,0.0290502951094375,0.396731048634484,0.0732241532630889,0.941627746452493,0.999431561618104
"K09181",142.64952659928,-0.427217317101263,0.338753502796918,-1.26114509097011,0.207256577409888,0.999431561618104
"K09190",2.51867838089812,-0.336852069679813,1.48194082829577,-0.227304669152811,0.820186842669798,0.999431561618104
"K09251",5.52066655166685,-1.04204436317513,1.47788233752967,-0.705092913497393,0.480752416302924,0.999431561618104
"K09252",63.9749566286912,0.0485695761981343,0.330378252041628,0.147012026057982,0.883122528038347,0.999431561618104
"K09384",18.6475034525539,0.324624359153221,0.73800932778939,0.439864845781273,0.660034998345758,0.999431561618104
"K09386",298.218816792929,-0.0449542059158745,0.247127365988374,-0.181907032983103,0.855655685064341,0.999431561618104
"K09388",24.3121490412033,0.563654428087532,0.761194787875101,0.740486452437477,0.459004878548356,0.999431561618104
"K09456",175.232025431126,-0.250636509968961,0.270441932153814,-0.926766452128479,0.354047806708053,0.999431561618104
"K09457",360.75897712158,-0.091664361125234,0.277574687663741,-0.330233141561805,0.741223806817226,0.999431561618104
"K09458",5280.16316554298,0.159806029817219,0.185446406230035,0.861737000279147,0.388832259849007,0.999431561618104
"K09461",188.718667170174,-0.274134632394383,0.613196458203978,-0.447058407997512,0.654832888424456,0.999431561618104
"K09470",2.97054110944782,-1.09720877690882,1.91725758503813,-0.572280316151153,0.56713208283294,0.999431561618104
"K09471",33.1046522633967,0.47392858530063,0.529345172526345,0.895311055806489,0.370620831892656,0.999431561618104
"K09472",5.72390727287062,0.300984329374005,1.20458681652605,0.249865202943217,0.802691593838514,0.999431561618104
"K09474",3.91490309347919,0.172752660188091,1.68065385452425,0.102788959025113,0.91813046826869,0.999431561618104
"K09476",15.7268672674718,2.49466377457922,1.19845025602133,2.08157473540963,0.0373813310998087,0.999431561618104
"K09478",35.2725888788957,-0.252528035123948,0.410755931339356,-0.614788529773697,0.538694385241949,0.999431561618104
"K09482",6.53634456152717,0.255143058515836,1.11414210652465,0.229004053452126,0.818865765639982,0.999431561618104
"K09516",0.177151084382785,-0.640874455684684,3.81152694885504,-0.168141131962139,0.866472251331796,0.999431561618104
"K09539",49.3153797867843,0.239015534250759,0.360027808584345,0.66388075740756,0.506766633010608,0.999431561618104
"K09607",5782.42549569989,-0.163360002957908,0.350880266218021,-0.465571930615225,0.641521938616556,0.999431561618104
"K09667",36.4596957139699,0.159590239645397,0.453412774242616,0.351975614079197,0.724856550873484,0.999431561618104
"K09681",31.2170656518068,-0.312090638138616,0.634320585994671,-0.492007740296226,0.622713871702665,0.999431561618104
"K09684",417.782664025381,0.116792317610705,0.200399852138872,0.582796426066076,0.560030351170865,0.999431561618104
"K09685",356.383463513012,0.152948523665906,0.652612422159098,0.234363488147976,0.814702801591191,0.999431561618104
"K09688",2.60071709908708,-0.795993082505239,1.70327721044067,-0.467330319237525,0.640263567582096,0.999431561618104
"K09689",11.529321225897,0.690849303709962,0.761685342271118,0.907000916743463,0.364406312442004,0.999431561618104
"K09690",708.472870942453,-0.177321892685838,0.278379384640108,-0.636979253744245,0.524138357197361,0.999431561618104
"K09691",306.773430086611,-0.0972268328093658,0.237708366888587,-0.409017293257228,0.682526970298012,0.999431561618104
"K09692",231.674655593503,0.0119508655702993,0.343896711714914,0.034751322601207,0.972278036100006,0.999431561618104
"K09693",140.168776285369,0.0118875055184538,0.565618376469699,0.0210168304513894,0.98323222988227,0.999431561618104
"K09694",122.724645407686,-0.0529264202141333,0.287281543676799,-0.184231884640933,0.853831547240265,0.999431561618104
"K09695",135.330991838046,-0.255122461740333,0.31317085856074,-0.814643044735438,0.415276663729123,0.999431561618104
"K09696",1.84256693609437,0.661906794400364,2.20530373190755,0.300143143469778,0.764067971616359,0.999431561618104
"K09697",5.12334055198248,-0.655524518744011,1.2169764276799,-0.538650136382455,0.590128286064695,0.999431561618104
"K09698",393.646275123542,0.619097112190955,0.629557180273044,0.983385038865648,0.325417970842739,0.999431561618104
"K09699",300.874163810772,-0.103217516614687,0.252665595625896,-0.408514330409725,0.682896111857182,0.999431561618104
"K09700",31.5410609888698,0.33150332943378,0.553033123269899,0.599427621032376,0.548887762497356,0.999431561618104
"K09701",12.1279737393432,-0.923278480209001,1.02465470049086,-0.901063040814339,0.367554802374291,0.999431561618104
"K09702",20.2975312131564,-0.0509524383151777,0.620525382632176,-0.082111771317146,0.934557832578143,0.999431561618104
"K09703",70.7573894007856,-0.187909215226796,0.433433235484608,-0.43353670148691,0.664624908946341,0.999431561618104
"K09704",6.50714851361426,0.456620316411286,1.24791646838003,0.365906154763741,0.714435103547882,0.999431561618104
"K09705",34.3498541516008,0.282550292726155,0.506199326051474,0.558179906974872,0.576721540034878,0.999431561618104
"K09707",25.0167589370573,0.932549918668462,0.495282760815855,1.88286367393914,0.059718845243865,0.999431561618104
"K09709",78.5663149032526,0.554091022751084,0.384686189422024,1.44037149756685,0.149762323113335,0.999431561618104
"K09710",1408.25603249837,0.0511479589048657,0.180839324122412,0.282836485665271,0.777302184259916,0.999431561618104
"K09712",2.4885857464201,3.25812181737204,2.32339932829962,1.40230815154642,0.16082324727078,0.999431561618104
"K09716",1.90762044440497,-1.90276911685332,3.0110028307583,-0.631938667548219,0.527426955126332,0.999431561618104
"K09721",9.71755413346516,-1.31573630517619,0.841494620770263,-1.5635706666453,0.117918428078939,0.999431561618104
"K09722",2.64851970373537,0.966859526202908,1.69604882916595,0.570065855166665,0.568633032754665,0.999431561618104
"K09723",8.6983625530279,0.17663718052029,1.06727486550612,0.165502989182198,0.868548097251248,0.999431561618104
"K09726",41.3329552053826,-0.154213727953538,0.486600454601859,-0.316920640938811,0.751303819534077,0.999431561618104
"K09733",4.76672046262018,0.892760135103244,0.952370648444254,0.937408283803804,0.348548581470238,0.999431561618104
"K09735",19.8122940236712,0.574835129690213,0.865252691714826,0.664355205357362,0.506462995614745,0.999431561618104
"K09736",1.48228018938959,4.53579524946863,2.7985589472451,1.62076101842831,0.105068901648606,0.999431561618104
"K09738",1.43385841178952,1.50759878397878,2.62172536945991,0.575040697069408,0.565263773484861,0.999431561618104
"K09740",4.68191784239847,0.197062074275981,1.32129439151843,0.149143200441135,0.881440638050484,0.999431561618104
"K09741",5.69341762413455,-0.312505268208116,1.45725796404081,-0.214447459488623,0.830198135061436,0.999431561618104
"K09744",20.7214811275217,-0.357341373080272,0.821350889710399,-0.435065423994691,0.66351493972525,0.999431561618104
"K09747",1003.30479436506,0.154493528596817,0.218233420543712,0.707927906788559,0.478990028544422,0.999431561618104
"K09748",2315.29542304612,0.0662444686395436,0.157026850625681,0.42186714167411,0.673121994854522,0.999431561618104
"K09758",13.6991329230009,0.530973645618792,0.721469684250539,0.735961132130404,0.461754352040889,0.999431561618104
"K09759",30.6698095191195,0.383233137561983,0.68525293167385,0.559257932141742,0.575985701071081,0.999431561618104
"K09760",137.860565965102,-0.173788479718214,0.272241486639607,-0.638361485104124,0.52323839635861,0.999431561618104
"K09761",342.492340996693,0.194512739678257,0.352798737584981,0.551341937926872,0.581399294702383,0.999431561618104
"K09762",856.042496637692,0.108563377534777,0.260243411491691,0.417160906831423,0.676560717472778,0.999431561618104
"K09763",109.853772588567,-0.0654452031715624,0.325433849389972,-0.201101401388454,0.840619286230384,0.999431561618104
"K09764",775.81308370393,0.19037860825497,0.261720669200902,0.727411437683708,0.466973949936978,0.999431561618104
"K09766",12.7226356714473,0.283190890307395,0.58862203029664,0.48110820820736,0.63043959461087,0.999431561618104
"K09767",471.304626709195,0.0314326806262239,0.207312580638234,0.151619745070247,0.879486859144382,0.999431561618104
"K09768",214.654386864597,0.140635558035158,0.581869768422602,0.241695935529369,0.809015779186282,0.999431561618104
"K09769",523.625650561317,0.153956411359129,0.361518491404803,0.425860405537981,0.670209567836105,0.999431561618104
"K09771",23.1405550772745,-0.0949703460418609,0.58637452776807,-0.161961922874359,0.871335839055687,0.999431561618104
"K09772",877.39044094371,-0.155240741025651,0.244131716478689,-0.635889278397806,0.524848591335295,0.999431561618104
"K09773",123.696737128077,-0.200674371697666,0.333558984999396,-0.601615848237546,0.547429877047953,0.999431561618104
"K09774",219.321109209113,0.138140667225935,0.230166854554159,0.600176196062279,0.548388815981753,0.999431561618104
"K09775",1.05582183279175,-0.321028706258166,2.81204035906836,-0.114162197289559,0.909109218131221,0.999431561618104
"K09776",11.4258604989069,-0.353525775857399,0.872023294952322,-0.405408637479952,0.685177162952823,0.999431561618104
"K09777",1.85949428709434,0.717677396846482,2.05769970319192,0.348776546807688,0.727257072034196,0.999431561618104
"K09779",405.770628396079,0.318631774204622,0.440603311534531,0.723171537442362,0.469574503060889,0.999431561618104
"K09780",100.668668647944,0.423153637747456,0.336342728705673,1.25810252945218,0.208354678676655,0.999431561618104
"K09781",110.986875570858,-0.219336344336432,0.340498205393173,-0.64416299663948,0.519469743204765,0.999431561618104
"K09785",3.67633645982786,-0.721795951029214,1.50974609395059,-0.478090954446831,0.632585469929157,0.999431561618104
"K09786",635.364190003542,0.181968173427522,0.224313918643109,0.811221053638848,0.417238737180113,0.999431561618104
"K09787",269.091923623696,0.398567909770071,0.737763539235935,0.540238014720608,0.589032899460463,0.999431561618104
"K09788",19.4530933187863,-0.282673204761905,0.630857763554868,-0.448077555817097,0.654097225412552,0.999431561618104
"K09790",14.8379615728885,-2.21232522806894,1.2106220593859,-1.82742847853869,NA,NA
"K09791",187.371042519016,-0.126199328733526,0.236900676264938,-0.532709871171457,0.594234431944639,0.999431561618104
"K09792",26.1790032481327,0.45709082687555,0.57983580783004,0.788310795406295,0.430514934635704,0.999431561618104
"K09793",96.548804707432,-0.201490135207919,0.372413262709905,-0.541039096571787,0.588480635162362,0.999431561618104
"K09794",316.361914545318,-0.265192539458724,0.350900121929094,-0.755749351128213,0.44979948896103,0.999431561618104
"K09795",147.616873005978,-0.348896044780488,0.331167519183672,-1.05353340702167,0.292096591633308,0.999431561618104
"K09796",263.727351117009,-0.212564043298604,0.321735388270638,-0.66067971086786,0.508817737971811,0.999431561618104
"K09797",18.5743393175183,-0.146158456303746,0.650045835918968,-0.224843308313977,0.822101173388027,0.999431561618104
"K09798",46.2273374999902,0.569917955200547,0.624876160564414,0.912049444622393,0.361742689702362,0.999431561618104
"K09799",249.775405012099,-0.222737061791516,0.266011539698319,-0.837321050222559,0.402412130018371,0.999431561618104
"K09800",235.128966147805,0.205252404650302,0.281239479447185,0.729813627353294,0.465504113529717,0.999431561618104
"K09801",7.21383232953313,-2.74721238684177,1.36229577039642,-2.01660494478548,0.0437367565900811,0.999431561618104
"K09803",74.856724748241,-0.198428592263004,0.316002574715573,-0.627933466813064,0.530047526092955,0.999431561618104
"K09804",40.8017177620885,1.34074670631531,0.467834250340919,2.86585837898419,0.00415880247877745,0.999431561618104
"K09806",58.7409017999986,0.264577330644807,0.375130952124822,0.705293255984837,0.480627756513478,0.999431561618104
"K09807",205.698019637253,0.21772619819901,0.317134252616262,0.686542675232445,0.492370963101598,0.999431561618104
"K09808",152.408228396252,-0.0867049900381064,0.37536314400421,-0.230989620113406,0.817322865945599,0.999431561618104
"K09809",376.775334063049,-0.197529489493714,0.284291870075443,-0.694812304837614,0.487172935845189,0.999431561618104
"K09810",57.9759808224677,0.350823309599496,0.326302935962594,1.07514604048709,0.282309349301871,0.999431561618104
"K09811",1665.13350604317,-0.0194466721377021,0.253543766973437,-0.07669946837912,0.938862627468655,0.999431561618104
"K09812",1802.55637698132,-0.0574034367511129,0.214810859832086,-0.267227815185806,0.78929376120308,0.999431561618104
"K09815",204.007336800863,0.171588459310093,0.282725773698382,0.60690773630404,0.543912143709187,0.999431561618104
"K09816",189.888803649626,-0.31291989924728,0.26495898582836,-1.18101259434163,0.2375977201509,0.999431561618104
"K09817",130.694176453464,-0.0844471070741179,0.42961828919058,-0.196563110088307,0.844169441234818,0.999431561618104
"K09818",10.1171849256526,0.735883908929423,1.01651275573548,0.72392983243677,0.469108813923808,0.999431561618104
"K09819",3.31509583910945,1.26910843062386,1.65622076087679,0.766267674335883,0.443517048378848,0.999431561618104
"K09822",11.2709244078726,0.299713342072659,0.993238990609794,0.301753500321863,0.762839980734431,0.999431561618104
"K09823",95.1063581980863,-0.0342569680790318,0.313452888351769,-0.109289049015198,0.912973232186837,0.999431561618104
"K09824",1.94836584071615,4.92855392105199,3.2268725084557,1.52734696153542,0.126674757653736,0.999431561618104
"K09825",127.647176394804,-0.0855379409751903,0.352209099757541,-0.2428612464416,0.808112887728756,0.999431561618104
"K09826",583.067221489371,-0.0685686834565008,0.246815063687206,-0.277814013586299,0.781155133204027,0.999431561618104
"K09828",14.6255497978665,-0.782174951751,0.706576464148305,-1.10699264897511,0.26829710657156,0.999431561618104
"K09833",3.52068363662951,-1.38467364498263,1.79958672093859,-0.769439799078117,0.441632269659296,0.999431561618104
"K09834",2.28618259543435,2.21007232307529,1.95385920790365,1.13113182062209,0.257999612925246,0.999431561618104
"K09857",6.1919707611754,-0.537486808476272,1.45611324461365,-0.369124318087555,0.712035063676957,0.999431561618104
"K09858",18.7082090138264,-0.370191080339343,0.624910686724526,-0.592390381863531,0.553589205471577,0.999431561618104
"K09859",71.0683225316457,-0.371705911155011,0.851088081406772,-0.436742000358664,0.662298465902065,0.999431561618104
"K09860",0.779346336286459,3.60401889511665,3.69791107403559,0.974609400540161,0.329754048813815,0.999431561618104
"K09861",68.9984158788872,0.0882682355838215,0.411407966355436,0.214551595502072,0.830116936178544,0.999431561618104
"K09862",37.1451845442803,0.386592970416591,0.472749830207219,0.817753800666912,0.413497783037487,0.999431561618104
"K09874",6.54685552715837,-1.8949106711282,1.14035877161866,-1.66167939273927,0.0965770751460132,0.999431561618104
"K09879",12.1942613856885,-0.186776014217454,0.915297169637472,-0.204060517625583,0.838306207478631,0.999431561618104
"K09880",25.0822785562606,0.546040531673829,0.639320009567431,0.854095794754312,0.393051913766073,0.999431561618104
"K09882",1053.8490199881,-0.241284138442707,0.205434376227492,-1.17450712423862,0.240191960050753,0.999431561618104
"K09883",460.411484179232,-0.228744429758009,0.209603066301604,-1.09132196295669,0.275131236871395,0.999431561618104
"K09888",83.5982704902293,0.0328692228847236,0.419794168327154,0.0782984266210863,0.937590668996824,0.999431561618104
"K09889",12.866128362649,0.324345488750161,1.06231634783389,0.305319116486832,0.760123117757561,0.999431561618104
"K09890",7.20398963236302,-1.79237320981206,1.00193083797822,-1.78891909687984,0.0736278457962742,0.999431561618104
"K09892",33.1860633183849,0.513602714521722,0.718262722797271,0.715062467005804,0.474570444821789,0.999431561618104
"K09895",1.19901610687383,-1.06820933840517,3.30115939763047,-0.323586113161308,0.746251402873435,0.999431561618104
"K09897",2.01890743265181,4.98154491901961,2.03484366031032,2.44812169906946,0.0143603141991794,0.999431561618104
"K09898",1.39131271081906,-3.36755296189852,2.17456204890823,-1.548612035968,0.121475010852553,0.999431561618104
"K09903",3218.38670811495,0.0946547291364142,0.153091701064756,0.6182877875031,0.53638565071809,0.999431561618104
"K09912",4.42217328677912,-1.20272494570178,1.29088034598805,-0.931709084765095,0.351486890201281,0.999431561618104
"K09913",42.3275835644431,-0.382146166321741,0.563083249531883,-0.678667260373021,0.497348714985036,0.999431561618104
"K09914",3.5182942030702,1.56079840923188,1.23686900301966,1.26189467552457,0.206986688189769,0.999431561618104
"K09915",36.4006437853562,0.77111846278347,0.470958613165247,1.63733806162051,0.101559852233361,0.999431561618104
"K09919",120.420541497274,0.127427706120571,0.376709258702352,0.338265394802135,0.735163199186101,0.999431561618104
"K09920",7.84479324219182,0.317894760649532,0.870672129785992,0.365114202894802,0.715026159329283,0.999431561618104
"K09921",43.8226825651448,0.238436408049884,0.480975307271308,0.49573523722578,0.62008122252827,0.999431561618104
"K09922",21.9634135809487,0.439264867867957,0.581669445489042,0.755179546174447,0.450141259471857,0.999431561618104
"K09924",116.400530655804,-0.0577101621571933,0.457033472957945,-0.126271193625469,0.899517257873725,0.999431561618104
"K09925",0.118609867317982,-0.060392878424755,3.81694647031143,-0.0158223016472713,0.987376156521306,0.999431561618104
"K09926",14.2118641516391,0.83986872487149,0.960933117911678,0.874013715644136,0.382110784425197,0.999431561618104
"K09927",191.278132492848,-0.197209356765259,0.283980859865602,-0.694445945612644,0.487402588546792,0.999431561618104
"K09928",93.0411224784921,-0.138652560302287,0.433231293144223,-0.32004280968718,0.748935878419141,0.999431561618104
"K09930",85.6051412872783,0.241247424463265,0.339099662755144,0.711435164821923,0.476814614532051,0.999431561618104
"K09931",13.7007263434314,-2.2529854010983,0.958199566031802,-2.35126948598882,0.0187094781458814,0.999431561618104
"K09932",144.625060058282,-0.266281115954063,0.360142256191739,-0.739377596980165,0.459677742102509,0.999431561618104
"K09933",15.0899497803706,0.0234730227202301,0.631571815088705,0.0371660390147925,0.970352616834135,0.999431561618104
"K09934",1.79561695535771,-0.767383650948892,2.22565985880937,-0.344789275823759,0.730252795929887,0.999431561618104
"K09935",1.3064574830226,-1.16135975530327,2.32372033359242,-0.499784650723365,0.617226719641558,0.999431561618104
"K09936",38.1567693581986,-0.32325265476694,0.394152796760228,-0.820120160059606,0.412147610574722,0.999431561618104
"K09937",33.3079738994902,-1.11519549621825,0.483618760507249,-2.30593927962712,0.0211140254219785,0.999431561618104
"K09938",4.22644577935858,-0.812278487361173,1.00521451209971,-0.80806482356136,0.419053266238885,0.999431561618104
"K09939",2.93149531495595,-1.19143926559197,1.64742311575499,-0.723213881241402,0.469548491871968,0.999431561618104
"K09940",242.055535208462,-0.0500045565775462,0.26748744123992,-0.186941698442938,0.851706344833426,0.999431561618104
"K09941",11.2666050312319,0.554567868489377,1.06857019829854,0.518981223107664,0.603773835327921,0.999431561618104
"K09942",242.588206089144,-0.348470160820816,0.327043046641293,-1.06551771823183,0.286641711925637,0.999431561618104
"K09945",543.818851057662,-0.110883047341572,0.253822465140625,-0.43685277140516,0.662218125061158,0.999431561618104
"K09946",7.71372477715821,1.40597618751808,0.933194762009686,1.50662674583624,0.131906357841547,0.999431561618104
"K09947",0.177151084382785,-0.640874455684684,3.81152694885504,-0.168141131962139,0.866472251331796,0.999431561618104
"K09948",95.0692370330351,-0.367353946286538,0.340143267145314,-1.07999770029139,0.280143204255148,0.999431561618104
"K09949",57.8456571313543,-0.168948290357575,0.436555954971574,-0.387002601690719,0.698754281875943,0.999431561618104
"K09950",73.4426655623569,0.246119315303319,0.32919703915008,0.747635264092134,0.454680188134567,0.999431561618104
"K09953",1.1127443617434,-0.430064427663334,3.37112312292784,-0.127573040788205,0.898486867106115,0.999431561618104
"K09954",1.73313105693339,-2.59917200167843,2.15575392175298,-1.20569048974053,0.227936853339706,0.999431561618104
"K09955",201.146069388293,-0.191297202037539,0.410778977347961,-0.465693749160624,0.641434727284186,0.999431561618104
"K09956",31.027610704728,-0.971520394204029,0.755630057320507,-1.28570903816224,0.198544625750477,0.999431561618104
"K09957",30.3517110280094,0.377826289876516,0.515922795210765,0.732331064616299,0.463966523058803,0.999431561618104
"K09958",93.1434005700022,-0.423673218510384,0.429008549351734,-0.987563579212088,0.323366430688908,0.999431561618104
"K09959",53.0449858909299,0.535816033662805,0.879752003732487,0.609053496200657,0.542488980415909,0.999431561618104
"K09960",0.0885755421913926,-0.0603928784247551,3.81694647031143,-0.0158223016472713,0.987376156521306,0.999431561618104
"K09962",14.5812887623805,-0.457243696791174,0.825781759652513,-0.553710095247903,0.579777265212722,0.999431561618104
"K09963",71.0293615909524,-0.36364300422292,0.733602075985407,-0.495695167893927,0.62010949682407,0.999431561618104
"K09964",2.43977335588505,-1.99980870137796,1.69137385783888,-1.18235757996944,0.237063847429578,0.999431561618104
"K09965",29.19807156293,-0.0190017097414522,0.63173305618393,-0.03007870105173,0.976004287142944,0.999431561618104
"K09966",28.5661449579962,0.487433426516108,0.549362308175449,0.887271331254923,0.374932836579961,0.999431561618104
"K09967",58.6775223319632,-0.0672767618898168,0.405670410635685,-0.16584093916141,0.868282127406457,0.999431561618104
"K09968",1.99463708469174,-0.215264371766585,2.10310114317797,-0.102355691482009,0.918474351968516,0.999431561618104
"K09969",199.375043023732,-0.0901387022298174,0.400258141385432,-0.225201421057461,0.821822583999312,0.999431561618104
"K09970",15.0235314367087,-1.26475929168573,0.972385226624906,-1.30067719773535,0.193368970479894,0.999431561618104
"K09971",71.6081887685518,-0.142598412217644,0.328732899500654,-0.433781992718865,0.664446759169909,0.999431561618104
"K09972",32.0673944529598,-1.08238558531856,0.578247937456019,-1.87183648260031,0.0612292292722351,0.999431561618104
"K09973",53.4638349618114,-0.334124347375654,0.475044393943151,-0.703353942569921,0.481835201689622,0.999431561618104
"K09974",0.98082353868538,1.21001431486417,3.37582285542419,0.35843537018536,0.720017526039535,0.999431561618104
"K09975",6.06655263805592,0.27017049429046,1.06519587686735,0.253634566334418,0.7997778895702,0.999431561618104
"K09977",1.87558134107276,-1.54703728920285,2.07545287058563,-0.74539745572075,0.456031481521858,0.999431561618104
"K09978",5.71077574988352,-1.16761935686226,0.915695840776379,-1.27511702561878,0.202267824038887,0.999431561618104
"K09979",1.81839594119855,-1.45817071329949,2.58302828892678,-0.56451983880724,0.572400402539019,0.999431561618104
"K09980",6.8509400455392,-1.33995982327968,0.943949361162326,-1.4195251126922,0.155745980788827,0.999431561618104
"K09981",66.4807409504652,0.468469563891687,0.43360473821998,1.08040692962635,0.27996101138574,0.999431561618104
"K09983",82.1963241624563,-0.157087366721884,0.35761902836748,-0.439258971870103,0.660473899047788,0.999431561618104
"K09984",11.4902972449111,-1.00761758503211,0.766106141625977,-1.31524540828449,0.188427438786079,0.999431561618104
"K09985",244.778646822825,-0.0412501246466225,0.248886647127709,-0.165738600775381,0.868362667116528,0.999431561618104
"K09986",57.6966128680804,0.0714135343146724,0.456175616982632,0.156548337210648,0.875600821295294,0.999431561618104
"K09987",539.391817116662,-0.208408914403952,0.257523297430047,-0.809281787254855,0.418353079808774,0.999431561618104
"K09988",43.9036835898308,-0.819301655536066,1.00822826653869,-0.812615240741843,0.416438690654153,0.999431561618104
"K09989",111.237120778012,-0.316666987676916,0.334176813009693,-0.947603111134258,0.343331541758469,0.999431561618104
"K09990",116.847504845362,0.231174334080337,0.388466239995074,0.59509504373731,0.551779941441196,0.999431561618104
"K09991",62.9165625463117,-0.0674178774091332,0.399585294107783,-0.168719616070125,0.866017188585428,0.999431561618104
"K09992",1184.98468718172,-0.166317829829066,0.368477628937693,-0.451364796035392,0.651726651475262,0.999431561618104
"K10001",111.118561925491,-0.240370704264068,0.329056610429839,-0.730484350246232,0.465094175524652,0.999431561618104
"K10002",19.548183499587,-0.170188018746072,0.666869319661406,-0.255204451199649,0.798565193315212,0.999431561618104
"K10003",13.0443029716909,0.563134426790283,0.646289757490345,0.871334289710905,0.383571653019044,0.999431561618104
"K10004",15.7857225203808,1.7730764297769,0.956951259859275,1.8528388060617,0.0639054662580436,0.999431561618104
"K10005",595.118294708742,-0.328279842488925,0.256106466576249,-1.28181004906875,0.199909288171798,0.999431561618104
"K10006",158.69012539927,-0.253321622493085,0.388809615597696,-0.651531269625797,0.514703598551882,0.999431561618104
"K10007",67.6697686743616,0.024444114303436,0.551084040654681,0.0443564184409999,0.964620300478769,0.999431561618104
"K10008",189.347544709264,-0.0702814880918423,0.301970236034084,-0.232743097514781,0.815960901061566,0.999431561618104
"K10009",193.985757604778,0.301046293356129,0.495135493711235,0.608007903250218,0.543182232182374,0.999431561618104
"K10012",17.8117786915172,-0.213883624547354,0.741971688788968,-0.288263862057123,0.773144767470635,0.999431561618104
"K10013",3.86418850479387,0.0380250536671487,1.60060387257661,0.0237566922826051,0.981046684842086,0.999431561618104
"K10014",4.2675674091745,0.724356984429331,1.91463202479923,0.378326997066336,0.705187692471819,0.999431561618104
"K10018",125.137887031973,-0.266834151078926,0.380493576699126,-0.701284246093658,0.483125643267817,0.999431561618104
"K10019",28.8144822696462,-0.581823814289968,0.645902534603715,-0.900791966464318,0.367698939715141,0.999431561618104
"K10020",12.637920116901,-1.50967937489182,1.17141069015052,-1.28877035832569,0.197477933898144,0.999431561618104
"K10021",21.6252230768322,0.279854624654213,0.506830370026925,0.5521662497047,0.580834455458175,0.999431561618104
"K10022",2.99993856987615,-2.30419762292041,2.15134723636875,-1.07104868241058,0.284147540740054,0.999431561618104
"K10026",112.002764711806,0.439559994986797,0.363243722375816,1.21009660431797,0.226241826015665,0.999431561618104
"K10027",78.0244668817628,-0.280353691710134,0.419804694758272,-0.667819334110985,0.50424892350687,0.999431561618104
"K10039",11.1972844106698,-0.111224429731137,0.84791501163924,-0.131174030656812,0.895637638960794,0.999431561618104
"K10040",47.0571022290258,-0.22538227817585,0.661204836194999,-0.340866046099792,0.733204426940731,0.999431561618104
"K10046",106.21229149938,0.201973201280231,0.310646574341287,0.65017037998409,0.515582171655221,0.999431561618104
"K10094",4.19778978390632,-0.91511855144723,1.69642700726544,-0.539438801391376,0.589584113825365,0.999431561618104
"K10106",1.01656607092242,2.07067076090476,3.35461524725982,0.617260284199856,0.537063058482009,0.999431561618104
"K10107",16.4192379129097,-0.181474179333909,0.658205332162168,-0.27571058827156,0.782770362474439,0.999431561618104
"K10108",1.44765795656056,-2.25116811593802,2.24738511658823,-1.00168328931337,0.3164965800082,0.999431561618104
"K10109",1.16901950442969,4.19080677975245,3.67557968174938,1.14017573896204,0.254213092869963,0.999431561618104
"K10111",38.7392340307669,0.13624787813817,0.413263994612148,0.329687269915783,0.74163627358319,0.999431561618104
"K10112",2674.05402947097,0.111628087040312,0.258044929016103,0.432591671016121,0.665311441396866,0.999431561618104
"K10117",3113.69892989643,-0.26532477154299,0.258641584758105,-1.02583956787589,0.304967211862279,0.999431561618104
"K10118",1287.72583962493,-0.192241164011312,0.280566148782589,-0.685190158703996,0.493223933178752,0.999431561618104
"K10119",1157.0493198194,-0.150428204450961,0.301723482206818,-0.498563132543491,0.618087183046824,0.999431561618104
"K10120",107.49371027811,0.356714064119207,0.541295660506926,0.659000413535817,0.509895503107527,0.999431561618104
"K10125",26.6233778067544,0.298757026558134,0.508892820303673,0.587072591002278,0.557154954832803,0.999431561618104
"K10126",1.53052750390581,-2.35280601115608,2.21134320268641,-1.06397143975563,0.287341637838909,0.999431561618104
"K10187",2.87767380314051,-0.602965846327738,1.85191314871152,-0.325590779863113,0.744733989008506,0.999431561618104
"K10188",549.472707151289,0.81830525798827,0.549488200457864,1.48921352143033,0.136431151331035,0.999431561618104
"K10189",167.88636347896,0.963277294916668,1.14398663033574,0.842035448118796,0.399768111829,0.999431561618104
"K10190",178.903482123846,0.723704376091456,1.07326366329827,0.674302504444645,0.500119012140768,0.999431561618104
"K10193",0.300434506190667,-1.00252203301266,3.79535279319863,-0.264144623079363,0.791668480296891,0.999431561618104
"K10200",42.3457243516062,0.352677826989602,0.541063803007143,0.651822992093497,0.514515367538871,0.999431561618104
"K10201",32.3849619635622,0.135711267682997,0.696836719937709,0.194753324272475,0.84558606435006,0.999431561618104
"K10202",28.1616961352259,0.762461410866525,0.455853301506577,1.67260258584641,0.0944055575178439,0.999431561618104
"K10206",5.52026562138198,-1.66904850924591,1.1799663945535,-1.41448817267162,0.157218617623576,0.999431561618104
"K10210",7.50958598821944,-0.656787446252136,0.897981057566352,-0.731404566630967,0.464532076759337,0.999431561618104
"K10211",2.99647302719251,0.320353010525767,1.40575237309009,0.227887227265763,0.81973391265478,0.999431561618104
"K10212",1.51005143924836,1.08963665532608,2.23753092376958,0.486981718889658,0.626271286142825,0.999431561618104
"K10215",914.940529600793,0.109494096142789,0.244737474241236,0.447394075967545,0.654590552356148,0.999431561618104
"K10216",50.8773552430523,-0.637194481411423,0.420539960251359,-1.51518177019508,0.12972637833614,0.999431561618104
"K10217",35.1600226898644,-0.267704563881337,0.477167746160935,-0.561028204515416,0.574778310054046,0.999431561618104
"K10218",199.731299853382,-0.0285104512724838,0.26363828382176,-0.108142303383218,0.913882811653827,0.999431561618104
"K10219",105.546738162712,-0.160067201924059,0.533533646253213,-0.300013322586391,0.764166993498163,0.999431561618104
"K10220",71.8304403319041,-0.133612761231493,0.343623050211118,-0.388835269198045,0.697398008819892,0.999431561618104
"K10221",21.7827629016675,-0.149107620462092,0.668602468395365,-0.223013864755762,0.823524715716845,0.999431561618104
"K10227",222.51347891967,0.058669471344892,0.321443673028534,0.182518668954122,0.855175704718117,0.999431561618104
"K10228",86.5109157906686,0.234834333492286,0.383525073008946,0.612305035626207,0.54033595862007,0.999431561618104
"K10229",67.3992183628467,0.0801649232795349,0.520738148231119,0.153944786937245,0.877653270117313,0.999431561618104
"K10231",670.279700501863,-0.401503579434733,0.617388366232465,-0.650325793932364,0.515481799026217,0.999431561618104
"K10232",852.377700393185,-0.159095642175103,0.282930458885552,-0.562313590419964,0.57390238041344,0.999431561618104
"K10233",144.470096414577,-0.0670781103891734,0.433145122023369,-0.154862901550936,0.876929401018094,0.999431561618104
"K10234",99.0379823034478,-0.0488373806675361,0.481896792187679,-0.101344066736423,0.919277336044059,0.999431561618104
"K10236",683.69450294143,0.0979910210550837,0.31966197166632,0.306545756895262,0.759189146561224,0.999431561618104
"K10237",219.985724434873,0.135934512368146,0.424814344148738,0.319985693139758,0.748979176051716,0.999431561618104
"K10238",223.714790325448,0.0683079415730267,0.381597570895914,0.179005179232806,0.857933634941583,0.999431561618104
"K10240",76.8811673381857,0.0915354191049626,0.411261164943883,0.222572484123204,0.8238682537596,0.999431561618104
"K10241",36.576879733038,0.304928014652609,0.672964628696472,0.453111503413266,0.650468452402078,0.999431561618104
"K10242",13.6019487132174,0.359446676906846,0.738934874542472,0.486438912670626,0.62665600682012,0.999431561618104
"K10255",632.194556946419,0.230907341706542,0.371805317804049,0.621043677025181,0.53457088585272,0.999431561618104
"K10300",1.10565549670161,-0.426213697171526,2.3627121639869,-0.180391714093655,0.856845058818925,0.999431561618104
"K10439",4008.58241524244,-0.446349232181096,0.340246362220001,-1.3118413060137,0.18957368469628,0.999431561618104
"K10440",1217.65143589026,-0.159343511696246,0.234787162569934,-0.678672163980787,0.497345607282958,0.999431561618104
"K10441",563.419658306757,-0.232740886884477,0.228589306528943,-1.01816174351536,0.308601096801333,0.999431561618104
"K10531",5.8213792711349,0.417832077038747,1.49213486097765,0.280022997897779,0.779459860668628,0.999431561618104
"K10532",30.9326053099637,-0.82224020399306,0.570366880505609,-1.44159878859757,0.149415590391504,0.999431561618104
"K10533",1.89253365959847,-0.53824059847065,1.81767498844833,-0.296114873061065,0.767142356008065,0.999431561618104
"K10535",4.58550933369789,-1.35145270846343,1.31783270579433,-1.02551158619852,0.305121861351769,0.999431561618104
"K10536",74.4819936062242,-0.07353027100035,0.379625145561902,-0.193691782169788,0.846417226868809,0.999431561618104
"K10537",19.6491816499252,-1.58741221881023,0.797789195187361,-1.98976399829209,0.0466169390359578,0.999431561618104
"K10538",4.51706662416838,-3.22144413925442,1.78513178192889,-1.80459738147374,0.0711377081398885,0.999431561618104
"K10540",2714.1525382105,0.110856393270853,0.530581269528849,0.208933861101603,0.834499870124874,0.999431561618104
"K10541",916.878979777713,0.232821927370648,0.50734335421469,0.45890406454822,0.64630305984781,0.999431561618104
"K10542",388.317041790557,0.0220844694175655,0.574824705827913,0.0384194854425358,0.969353225313825,0.999431561618104
"K10543",1430.87890878085,0.0864517602760661,0.332126726859863,0.260297510812924,0.794634292530083,0.999431561618104
"K10544",185.816947426426,0.365193044488657,0.315074837424702,1.15906762810258,0.246428619887834,0.999431561618104
"K10545",779.31140989664,-0.120530280718025,0.255808850302642,-0.471173223973402,0.637517038185001,0.999431561618104
"K10546",2592.99258367456,-0.290712021511807,0.256449230678351,-1.13360457640222,0.256960452524707,0.999431561618104
"K10547",454.378694073513,-0.124487745429847,0.319219693839726,-0.389975141985915,0.696554928409092,0.999431561618104
"K10548",478.771480737556,-0.157241705382662,0.352269096452479,-0.446368151410846,0.655331334618338,0.999431561618104
"K10550",1.94883118210917,-0.622336456920529,2.07439632399093,-0.30000846497993,0.764170698749887,0.999431561618104
"K10552",803.192978100442,-0.409905776084902,0.382837302979382,-1.07070489969202,0.284302139006512,0.999431561618104
"K10553",308.313354543536,-0.0546980496155531,0.34924428878451,-0.156618308078626,0.875545672855097,0.999431561618104
"K10554",200.141499967192,-0.16362747403225,0.470586254275147,-0.34770984606061,0.728058101468836,0.999431561618104
"K10556",0.300434506190667,-1.00252203301266,3.79535279319863,-0.264144623079363,0.791668480296891,0.999431561618104
"K10557",1.21841480618073,-0.708237700296383,2.69852310025979,-0.262453821584184,0.792971582810703,0.999431561618104
"K10559",863.842915590429,0.0213179909808019,0.293448263029731,0.0726465059315823,0.942087418080184,0.999431561618104
"K10560",93.3483603616314,0.332817467799056,0.425812695545666,0.781605319147566,0.434446559913149,0.999431561618104
"K10561",151.182533722387,0.366240974085004,0.503188761244848,0.727840131363335,0.466711455042304,0.999431561618104
"K10562",148.5973455159,0.121676041879979,0.323706455048311,0.375883891045111,0.707003216896777,0.999431561618104
"K10563",703.695329709038,0.00616381604728244,0.188899297918482,0.0326301691705725,0.97396951111583,0.999431561618104
"K10564",0.313260684959905,2.32639373729202,3.79152128977883,0.613577917540251,0.539494279532316,0.999431561618104
"K10565",1.55736643305058,0.4314705506015,2.580470089239,0.167206181695656,0.867207820605379,0.999431561618104
"K10619",7.81763403661856,-0.200624624672974,1.51510494361456,-0.132416322393053,0.894655004955004,0.999431561618104
"K10621",64.7926151941754,-1.95175030679908,0.811855527549372,-2.40406111748791,0.016214062265113,0.999431561618104
"K10622",0.62652136991981,3.31200695895109,3.71282221378867,0.892045664521982,0.372368456764256,0.999431561618104
"K10670",10.516370526097,0.403023958900667,1.04992147353575,0.383861049668248,0.701081436671405,0.999431561618104
"K10672",0.926955876110476,1.66508220731929,3.4602706146811,0.481199996397607,0.630374363425696,0.999431561618104
"K10674",12.7066970274358,-0.626159530056431,0.865339662011099,-0.723599711818594,0.469311518376436,0.999431561618104
"K10676",91.6202590997275,0.310781562425807,0.319732861527475,0.972003818878971,0.331048648715166,0.999431561618104
"K10679",6.31050978081363,-0.833169629422444,1.51012175700149,-0.551723478957611,0.581137821219383,0.999431561618104
"K10680",416.570616812896,-0.236758976310409,0.365834053907204,-0.647175881473473,0.517518119000944,0.999431561618104
"K10708",1927.88678171992,-2.35265408928263,1.17300565531212,-2.00566304060709,0.0448922110122844,0.999431561618104
"K10709",736.456726813073,-1.8588504647717,1.07653591615847,-1.72669618994679,0.0842222402946446,0.999431561618104
"K10710",622.732594499137,-1.57185799011601,0.670491956975868,-2.34433534028595,0.0190610249087475,0.999431561618104
"K10711",280.512256170999,-0.219087469233961,0.596673534125976,-0.367181476475049,0.713483655435635,0.999431561618104
"K10713",237.423665641602,-0.00333385376974405,0.304819012734941,-0.0109371582167121,0.991273584297895,0.999431561618104
"K10714",3.86476329130876,-0.532066834930775,1.74776848154203,-0.304426381726109,0.760803071273521,0.999431561618104
"K10715",1.32608093993184,-3.29715946111312,2.65322500412209,-1.24269877450672,0.21397885569967,0.999431561618104
"K10716",12.0602859124115,0.624188392155114,0.966814194611966,0.64561359942138,0.518529627837977,0.999431561618104
"K10725",11.9483705825071,0.523313027788666,0.963758922106974,0.542991629737235,0.587135565511209,0.999431561618104
"K10726",0.502502422528386,-1.88377322003347,3.4251380420826,-0.549984612850253,0.582329927478255,0.999431561618104
"K10747",11.0769460580396,-0.136074539489531,0.9372230101498,-0.14518907241488,0.884561593464204,0.999431561618104
"K10763",13.5349072458697,-0.861904460288251,0.775933320604354,-1.11079707160525,0.266655707254275,0.999431561618104
"K10764",118.699233891623,-0.353161295993238,0.315250562271286,-1.12025587979548,0.26260473753042,0.999431561618104
"K10773",421.09538855125,-0.204479894501103,0.212170498093774,-0.96375271933767,0.33516991623022,0.999431561618104
"K10778",120.63478757253,-0.274073702629453,0.339552302874504,-0.807161960938751,0.41957317812492,0.999431561618104
"K10780",129.613845607884,0.224013750761989,0.607553621319963,0.368714370058892,0.712340636551608,0.999431561618104
"K10794",35.7305027153926,0.239654759222567,0.420257912826219,0.570256387585655,0.568503816272689,0.999431561618104
"K10804",382.785053385815,0.328548450989663,0.225485701754157,1.4570699979366,0.145097059096818,0.999431561618104
"K10805",132.706662016735,-0.0151554295377173,0.284677893348565,-0.0532371142678111,0.957542984621094,0.999431561618104
"K10806",265.514171771806,0.14097709199572,0.487244323723187,0.289335524564903,0.772324629617837,0.999431561618104
"K10810",11.6899456902059,0.961576036337207,0.975264586185743,0.985964270575976,0.324150646173382,0.999431561618104
"K10820",53.5342870312031,0.329713904859273,0.364403212410002,0.904805154374714,0.365568620534642,0.999431561618104
"K10823",1115.06631718634,0.20530716336832,0.480434322346103,0.42733658654058,0.669134188162667,0.999431561618104
"K10831",1.65495891294852,0.002958081352417,1.8298965779947,0.00161652925525366,0.998710196826892,0.999533535818505
"K10843",1624.16878925606,-0.0474554845875258,0.225427768754681,-0.210513038609581,0.833267276321522,0.999431561618104
"K10844",37.6676693418828,0.198899861731634,0.735764974966758,0.270330701377326,0.78690584802279,0.999431561618104
"K10848",1.30757675427819,-2.10933698910798,2.72078335985487,-0.77526826289488,0.438181158787483,0.999431561618104
"K10851",19.4957492529086,1.10285669702344,1.00995896756497,1.09198168682284,0.274841150659765,0.999431561618104
"K10854",1.16566918620176,-1.95593196624492,2.79208539349909,-0.700527272840218,0.483598079185548,0.999431561618104
"K10855",2.46270845812277,-0.64712983578228,2.86640736195609,-0.225763387427482,0.821385454501075,0.999431561618104
"K10856",1.73999891282633,0.806402345670178,2.12141702746373,0.38012438630903,0.703853084411748,0.999431561618104
"K10857",0.389010048382059,-1.50695560307088,3.76385406248269,-0.400375672928423,0.688879839330309,0.999431561618104
"K10860",1.07492152155753,2.5019813936353,2.70540960194817,0.924806872805368,0.355066374964856,0.999431561618104
"K10907",137.941186311458,0.177888391034845,0.622172422787846,0.28591494016684,0.774943270605311,0.999431561618104
"K10912",5.04527741784716,1.82271608658419,1.30433597500052,1.39742836318185,0.16228479488128,0.999431561618104
"K10914",966.775515796775,0.0455388182986045,0.225089855038338,0.202313952758325,0.839671292788953,0.999431561618104
"K10915",0.50809726903152,3.00230022284672,3.73221205095385,0.804429164757511,0.421149163357036,0.999431561618104
"K10916",21.4861165407159,0.306137286130729,0.668267992359845,0.45810556487925,0.64687660108987,0.999431561618104
"K10927",0.265726626574178,-1.0540970895143,3.79244622906865,-0.277946482519587,0.781053441260415,0.999431561618104
"K10941",4.51538850804853,0.00628235994247846,1.34499729956826,0.00467090896353108,0.996273167404715,0.999431561618104
"K10942",1.58810564045133,0.410327140120121,2.52173375404082,0.16271628178931,0.87074182682979,0.999431561618104
"K10943",5.73143753774241,0.105514002069232,1.3056520202409,0.0808132645096082,0.935590459021213,0.999431561618104
"K10944",244.716883901391,0.00644481726511877,0.348134973114013,0.0185124097342789,0.985230077726236,0.999431561618104
"K10945",160.922310657729,0.40699232186026,0.397880854256452,1.02289999005063,0.306355134213064,0.999431561618104
"K10946",2136.51438352069,0.207397169542408,0.266944271401443,0.776930587247983,0.437199724012142,0.999431561618104
"K10947",2466.94609232689,-0.0632540730438089,0.183661133091152,-0.344406418381485,0.730540662625455,0.999431561618104
"K10956",5.20355061468084,-0.339587284385475,1.58810271610031,-0.213832065736499,0.830678018397083,0.999431561618104
"K10960",5.10396382462703,0.406172239073394,1.60052289480136,0.253774713496869,0.799669609766125,0.999431561618104
"K10974",80.5147263380876,-0.112496781543886,0.457703552816162,-0.245785248665245,0.805848476708078,0.999431561618104
"K10975",8.98890762860023,0.974645646598808,1.00507342576893,0.969725814661907,0.332183179437521,0.999431561618104
"K10979",1028.28970316623,-0.031071531154588,0.223997241944519,-0.138713900603669,0.889676233205364,0.999431561618104
"K11003",3.10944167484865,1.50315196747814,1.84791475705134,0.813431443058917,0.415970737860518,0.999431561618104
"K11004",14.5634781045778,1.16038444311914,0.647801692719264,1.7912649135698,0.0732507937061094,0.999431561618104
"K11021",8.08104759263824,-1.43139988623226,0.931133447889966,-1.53726610237871,0.124228158821253,0.999431561618104
"K11065",37.4011528669767,0.0788639145136704,0.456499169702172,0.172758067807928,0.86284159841078,0.999431561618104
"K11066",1.65263478298197,0.283567307473588,2.23026881027279,0.127144901174,0.898825713818716,0.999431561618104
"K11068",515.890782907147,-0.206708665467484,0.212699434794198,-0.971834578063122,0.331132850644072,0.999431561618104
"K11069",8.75766746033089,1.32383993716229,1.10957298886118,1.19310757422188,0.232827245536948,0.999431561618104
"K11070",74.7259850525484,0.357154388143631,0.408078393970857,0.875210237592578,0.381459523851093,0.999431561618104
"K11071",102.458287754226,-0.267092889885556,0.366113163887081,-0.729536428162782,0.46567359306265,0.999431561618104
"K11072",128.016403980421,0.00111166978134294,0.446969226776571,0.00248712822884928,0.998015560831357,0.999472602306461
"K11073",102.907939365217,-0.506722362089643,0.395020540846662,-1.28277471597696,0.199571014697427,0.999431561618104
"K11074",5.52404325862919,-1.86476491028174,1.31648692723729,-1.41647051079728,0.156637792205306,0.999431561618104
"K11075",12.7638419091655,0.484861559390621,0.683878870287221,0.708987483685503,0.478332244008509,0.999431561618104
"K11076",32.8373814298621,0.264207774755681,0.479011198226255,0.551569098455367,0.581243612931561,0.999431561618104
"K11080",1.49179156034904,4.55840460019946,2.38373615160789,1.9122941090291,0.0558384810092869,0.999431561618104
"K11085",219.097399181235,0.103261784732044,0.261924684008609,0.394242280458951,0.693402172883842,0.999431561618104
"K11089",57.472514594295,-0.138611575471673,0.473726558131396,-0.292598278674567,0.769829229635145,0.999431561618104
"K11102",932.699609999781,0.379680678325544,0.575896167380818,0.659286690606636,0.509711687402004,0.999431561618104
"K11103",547.210004513042,0.277606490702911,0.362235554142873,0.766370080263898,0.443456130242363,0.999431561618104
"K11105",118.737509919957,-0.127460427439903,0.293818725132049,-0.433806345673235,0.664429073174116,0.999431561618104
"K11106",3.76390231629629,2.88935156493375,2.07822686727752,1.39029651210255,0.164438856569311,0.999431561618104
"K11131",4.0258031285764,1.44553947269766,1.32533260330553,1.09069939809246,0.275405175560894,0.999431561618104
"K11144",39.202977050124,0.199266883481968,0.980344952899303,0.203262007819441,0.838930249005239,0.999431561618104
"K11145",63.9169013381789,0.420005584908329,0.666553581157675,0.630115262720306,0.528619174495848,0.999431561618104
"K11159",0.714345842795415,3.48579077512157,3.53688324945758,0.985554379171594,0.324351834251206,0.999431561618104
"K11163",49.4695923962255,-0.033662236465753,0.46567512352324,-0.0722869544996708,0.942373546336958,0.999431561618104
"K11168",8.87556907145514,0.312024155671644,1.08749295148601,0.286920623481077,0.774173098856856,0.999431561618104
"K11173",237.950655683637,-0.101185061877057,0.344132777223755,-0.29402913228247,0.768735642438026,0.999431561618104
"K11175",228.186299667677,0.0324907212384906,0.396454846458692,0.0819531442955282,0.934683973493115,0.999431561618104
"K11177",204.39477317535,-0.130627040897906,0.429897618585134,-0.303856163073946,0.76123747639826,0.999431561618104
"K11178",133.434271294477,0.055468762765783,0.417992881637344,0.132702649261641,0.894428547590565,0.999431561618104
"K11206",347.738698030484,-0.232741591602658,0.267662158495799,-0.869534912632452,0.384554620692164,0.999431561618104
"K11208",1.3081918761635,0.301435583372294,2.68545211988534,0.112247610426643,0.910627080006264,0.999431561618104
"K11209",409.40647330456,-0.0193675157323276,0.260804605508867,-0.0742606354459839,0.940802998873616,0.999431561618104
"K11211",0.113492374146326,-0.060392878424755,3.81694647031143,-0.0158223016472713,0.987376156521306,0.999431561618104
"K11212",196.000910246737,-0.234494896098154,0.345675906787956,-0.678366329539991,0.497539452186594,0.999431561618104
"K11216",0.701519664026177,0.97189015356979,3.73915850205091,0.259922159768492,0.794923817569509,0.999431561618104
"K11249",2.88097033165667,0.726068232020481,1.55152769986706,0.467969880320342,0.639806129077677,0.999431561618104
"K11250",18.5670062667172,0.177204246830475,0.590951733553569,0.299862470602959,0.764282061858501,0.999431561618104
"K11252",10.9063486160062,0.562570198723596,0.775741630888685,0.725203052566766,0.468327470437545,0.999431561618104
"K11253",47.3747998142476,-0.185296519639749,0.487893916659619,-0.379788542780749,0.704102387791577,0.999431561618104
"K11254",82.2893152889034,-0.207538344100925,0.413718197008436,-0.501641807398413,0.615919505426383,0.999431561618104
"K11259",2.55625297975909,-0.976984746830659,1.68060106758252,-0.581330552310081,0.561017693087531,0.999431561618104
"K11261",0.801411591299089,-1.16652970397243,3.69068971832293,-0.316073632031714,0.751946620163084,0.999431561618104
"K11263",232.487879763986,-0.284278296418128,0.287388334220152,-0.989178274022628,0.322575926191029,0.999431561618104
"K11264",17.7634406156212,1.4582125904549,0.522243564961111,2.7922078667709,0.00523497143341298,0.999431561618104
"K11265",4.64527286617882,1.65206196837968,1.74224688767555,0.94823642967376,0.343009105258467,0.999431561618104
"K11293",1.62080612035679,-2.45043495518444,2.56397338047611,-0.955717783126675,0.339214835608566,0.999431561618104
"K11312",2.15016357286334,-3.99213251838701,1.97036355241119,-2.02608930392654,0.0427556339872619,0.999431561618104
"K11325",13.8258224483531,-0.108359319412111,0.881199724486621,-0.122967945178649,0.90213248132412,0.999431561618104
"K11333",0.91488842171317,3.84019503642972,3.24795468208349,1.1823425547201,0.237069806800239,0.999431561618104
"K11334",0.415943879669511,-1.6368650412689,3.75657010613127,-0.435733926167729,0.663029787920771,0.999431561618104
"K11335",0.885755421913926,-2.73618641553814,3.71500014383008,-0.736523905680713,0.461411924715851,0.999431561618104
"K11352",43.21560254961,0.0217258585958274,0.447294370317008,0.0485717237630999,0.961260604526447,0.999431561618104
"K11354",68.9693685226571,-0.372806637040402,0.458062476796035,-0.813877267677625,0.415715264642413,0.999431561618104
"K11355",71.8420123154949,-0.0643108475621179,0.450811742543235,-0.142655661982785,0.886562135083336,0.999431561618104
"K11357",8.83929662378993,1.62231280436533,0.992058303874231,1.63529985891938,0.101986203142475,0.999431561618104
"K11358",38.9510467495923,0.000824477066803789,0.585053637430224,0.00140923329769421,0.998875594881367,0.999534266556198
"K11381",306.31343103781,0.0533621110527248,0.362657833408358,0.147141757703709,0.883020130682149,0.999431561618104
"K11383",0.200542578917755,1.62272230958218,3.81694647031143,0.425136250194722,0.670737353439905,0.999431561618104
"K11384",0.843642664728534,0.178566331651185,3.59278980220729,0.0497013021862508,0.960360418749274,0.999431561618104
"K11391",6.89453617427927,0.589763885887691,0.89973503279694,0.655486186921427,0.512154776952028,0.999431561618104
"K11410",547.65112143424,-0.1235018008947,0.258461193017906,-0.477834987344284,0.632767656864099,0.999431561618104
"K11414",155.00692411708,-0.228755278801692,0.28418089021281,-0.804963622396944,0.420840672262833,0.999431561618104
"K11418",13.8714301178703,0.953457996250531,0.655232855928538,1.45514375175734,0.14562946895784,0.999431561618104
"K11440",0.453969496585304,-1.758518336616,3.75030445726701,-0.46890015374845,0.639141006408701,0.999431561618104
"K11443",113.653793971843,-0.264884961962944,0.40278494351629,-0.657633722975127,0.510773519592787,0.999431561618104
"K11444",2.32148169567967,1.19390072115406,2.05186851002367,0.5818602485109,0.560660818055227,0.999431561618104
"K11472",89.0664109410423,-0.25249953180483,0.374943129337227,-0.67343421454652,0.500671087738966,0.999431561618104
"K11473",285.38321137262,-0.137311276599923,0.246223931424633,-0.557668281086448,0.57707092091137,0.999431561618104
"K11475",160.866660631063,-0.0951248750101456,0.358906322041771,-0.265040956840751,0.790977910679735,0.999431561618104
"K11476",524.726438515479,0.336227210220921,0.672940411511837,0.499638904825984,0.617329358581545,0.999431561618104
"K11477",399.818483793147,-0.444233566507551,0.389617661313485,-1.14017820704006,0.254212064837647,0.999431561618104
"K11517",8.15124025762282,-0.72283712456352,0.876730910175731,-0.824468621071697,0.40967333822665,0.999431561618104
"K11527",155.709621809699,-0.0348712978371443,0.407696938840075,-0.0855324004549935,0.93183813800477,0.999431561618104
"K11529",78.9126715091394,-0.158214444265796,0.395137568766596,-0.400403446221667,0.688859386369969,0.999431561618104
"K11530",43.0636641163844,-0.2958563887188,0.374527283266703,-0.78994615863037,0.429559212762848,0.999431561618104
"K11532",206.526301563748,0.108428918993529,0.231983703120325,0.467398862657559,0.64021453616635,0.999431561618104
"K11535",31.269379438244,-0.725470233919417,0.746564968631184,-0.971744274647063,0.331177784727024,0.999431561618104
"K11538",37.0756326799709,0.528431901076332,0.399134620778845,1.32394403683946,0.185521631507373,0.999431561618104
"K11600",9.77665026662332,-0.79233839581107,1.13675485766805,-0.697017822678567,0.485791640127271,0.999431561618104
"K11604",1.3895585824091,-3.37869083543424,3.01224366216997,-1.12165256677818,0.262010191730188,0.999431561618104
"K11607",1.3454156545473,1.30130718501904,2.6089524178249,0.498785327063936,0.617930625466373,0.999431561618104
"K11608",93.8508526956908,-0.452623489075007,0.611799345612481,-0.739823427927795,0.459407141478009,0.999431561618104
"K11609",329.941271323732,-0.120350920955936,0.297113647864257,-0.405066956099309,0.68542829489689,0.999431561618104
"K11611",696.794988869603,0.161652415328065,0.238170321562908,0.67872610771686,0.497311420675671,0.999431561618104
"K11614",38.105260070892,1.12781485064858,0.73813404838822,1.5279268760346,0.126530694457553,0.999431561618104
"K11615",17.4765147686145,-0.204733424884092,0.739516626869296,-0.276847629174776,0.781897107139965,0.999431561618104
"K11616",41.1896480354966,-0.335615860908309,0.88320602854273,-0.379997248730364,0.703947457441539,0.999431561618104
"K11617",55.131375760727,0.0640210240232709,0.630410779244904,0.101554456444977,0.919110330963386,0.999431561618104
"K11618",23.204938483278,0.303116922692018,0.585108719828539,0.518052307921242,0.604421774124451,0.999431561618104
"K11619",19.1096644962416,-0.250625140358414,0.870991411077363,-0.287746971061869,0.773540432152088,0.999431561618104
"K11620",11.7829253046616,0.295313340583123,0.708586990143365,0.416763706772789,0.67685125127813,0.999431561618104
"K11621",372.27446427496,0.0470298567034228,0.234923620530989,0.200192116046582,0.841330332856425,0.999431561618104
"K11622",30.7937293545834,1.04704623984776,0.689160045449443,1.51930781066236,0.128685034617473,0.999431561618104
"K11637",5.44600845537513,-3.3507775329472,1.37065766538433,-2.44464946833215,0.0144992987066071,0.999431561618104
"K11638",1.73470872665489,1.54417882948284,2.96012387492315,0.521660205697617,0.601906936453798,0.999431561618104
"K11645",688.53127427316,-0.129983899028502,0.200024339044052,-0.649840412670354,0.515795311550908,0.999431561618104
"K11646",6.67037583393118,1.45994008274598,1.58470320184975,0.921270355888634,0.356909294004941,0.999431561618104
"K11686",9.65475336222899,-1.20743771323345,0.948691893602053,-1.27273957053536,0.203110470966334,0.999431561618104
"K11687",2.05853472738052,1.50172689952842,2.41107802544861,0.62284458805476,0.53338665442863,0.999431561618104
"K11688",54.4955529827562,0.57683440098977,0.38254084445066,1.50790277523991,0.131579412269165,0.999431561618104
"K11689",38.2014113573522,-1.1435538418127,0.727496259225566,-1.57190339786769,0.115972956423555,0.999431561618104
"K11690",1232.50991573747,-0.156857824400378,0.37009588091574,-0.423830235592626,0.671689625782367,0.999431561618104
"K11692",12.4006918317433,1.50664115496341,0.934607956458927,1.61205684645766,0.106949570090108,0.999431561618104
"K11708",4.10345516484654,1.42066075030079,2.20328043228559,0.64479343141402,0.519061059199905,0.999431561618104
"K11710",4.05614281559966,0.921185867533794,1.25938872250314,0.731454753463936,0.464501431846448,0.999431561618104
"K11711",8.38419408699714,0.101798464035615,0.894686508418406,0.113781154714818,0.909411277922918,0.999431561618104
"K11712",7.27649170116098,-0.972131996210705,1.13510459058139,-0.856425041601486,0.391762718280831,0.999431561618104
"K11717",6106.25723900684,0.0701658164091465,0.183313602892976,0.38276382822562,0.701894883606005,0.999431561618104
"K11719",267.949824115201,-0.251687350018023,0.327085558335054,-0.769484752855411,0.441605592510706,0.999431561618104
"K11720",119.034583994836,-0.190627917916652,0.329016146721545,-0.579387728584597,0.562327582375347,0.999431561618104
"K11731",32.4167136558558,0.234758072831679,0.573739687806182,0.409171751268118,0.682413623540826,0.999431561618104
"K11733",625.766528080355,-0.105480295678189,0.53822840253078,-0.195976829134648,0.844628301991131,0.999431561618104
"K11734",1.23297291717453,-0.674953437818477,2.72269296782078,-0.24789921074307,0.804212390587041,0.999431561618104
"K11735",233.695252907651,-0.134686908140752,0.346356006973668,-0.388868405423648,0.69737349510176,0.999431561618104
"K11737",367.482111430582,-0.564760092610799,0.329591739368048,-1.71351409987902,0.086618001639573,0.999431561618104
"K11738",476.1868927318,-0.424143733419058,0.406160682718138,-1.04427570532079,0.296357849721686,0.999431561618104
"K11740",1.89733634984476,1.5272067577866,1.83111301933223,0.834031947598487,0.404262981280413,0.999431561618104
"K11741",61.5641467305912,-0.119950619932584,0.31454844740541,-0.381342273096596,0.70294928978224,0.999431561618104
"K11744",118.851845772416,0.149227422192419,0.320098821649529,0.466191726115774,0.641078271172628,0.999431561618104
"K11745",5.09209945607511,-2.64418329237428,1.22709440975723,-2.15483280776857,0.0311749199252218,0.999431561618104
"K11746",1.41317467639725,-3.40376203434484,2.53184837844567,-1.34437830611107,0.178826085306199,0.999431561618104
"K11747",16.3522751261727,-0.0477717084202951,0.565557113113827,-0.0844684070142361,0.932684020598087,0.999431561618104
"K11748",0.578236242218296,1.33356441636955,3.7555767892623,0.355089109130291,0.722522835369479,0.999431561618104
"K11749",2977.22664893409,0.0767203200186548,0.150866249379389,0.508532029756525,0.611080282607124,0.999431561618104
"K11750",1.30229322994591,-3.25997640529705,2.573372207324,-1.266811072265,0.205222852075188,0.999431561618104
"K11751",18.9916379476655,0.00866111054944471,0.557691514312254,0.0155302892856916,0.987609120048632,0.999431561618104
"K11752",375.301246378082,0.0925206282225562,0.266760949675131,0.346829730270605,0.728719240362568,0.999431561618104
"K11753",764.941379578601,0.132426206181749,0.265894555077571,0.498040308283543,0.618455631832359,0.999431561618104
"K11754",589.422421458341,-0.125438111164883,0.197803710360983,-0.634154490509629,0.525980004372496,0.999431561618104
"K11755",102.553071662981,0.039242925705155,0.343215447831605,0.114339042584147,0.908969033919952,0.999431561618104
"K11779",412.573049533242,0.0844417765250388,0.210477378295705,0.401191696745692,0.688278993496552,0.999431561618104
"K11780",20.5784396658254,1.25462645186573,0.595325168952293,2.10746415118604,0.0350773659617164,0.999431561618104
"K11781",15.4368462656357,0.420737672072225,0.842448167212139,0.499422621411292,0.61748168608134,0.999431561618104
"K11782",52.4771917918352,0.351369545307447,0.426278694874764,0.824271889569041,0.409785087234632,0.999431561618104
"K11783",5.7513381148232,0.910019552447872,1.14899793341326,0.792011478858395,0.42835398312036,0.999431561618104
"K11784",268.906370727079,0.001495592609869,0.300654616885381,0.00497445416059974,0.996030976195887,0.999431561618104
"K11785",131.330060053404,-0.24495952000234,0.298839531275078,-0.819702530509119,0.412385707093998,0.999431561618104
"K11811",6.54041109092452,-1.25919545144162,1.06920326504168,-1.17769510495512,0.238918179097827,0.999431561618104
"K11816",0.315560290484045,-1.24660761453635,3.78051565677572,-0.329745391293933,0.741592352881727,0.999431561618104
"K11890",0.547121753504667,-0.414274821367594,2.90795411321745,-0.142462640481362,0.886714586913606,0.999431561618104
"K11891",13.2804070436826,-0.623671874404202,0.945747794146596,-0.659448405023221,0.50960786748986,0.999431561618104
"K11892",7.91669670056387,1.42226461729214,0.776802408512298,1.83092199728886,0.0671121865206487,0.999431561618104
"K11893",11.2494333876066,0.690042363717404,0.766452964477486,0.900306210163629,0.367957317132636,0.999431561618104
"K11895",4.00385712111803,-0.427533054614603,1.02497804967723,-0.417114351618781,0.67659476800705,0.999431561618104
"K11896",11.9368567746697,1.13823879085881,0.839092649910824,1.35651145434271,0.174936493403714,0.999431561618104
"K11897",2.42361078047766,3.63204586482677,1.82634152992363,1.98870025420637,0.0467342979265496,0.999431561618104
"K11898",2.08488873666565,2.28831148332948,1.7687315862885,1.29375847701757,0.195748859450346,0.999431561618104
"K11900",166.203047974386,0.047069124286898,0.339948942792153,0.138459393049727,0.8898773601014,0.999431561618104
"K11901",109.337247933235,-0.131481562508365,0.314551104793462,-0.417997458933414,0.675948975096261,0.999431561618104
"K11902",6.35699169878442,1.39700227813934,1.20020939773036,1.16396545534565,0.244438011439459,0.999431561618104
"K11903",71.0746736176664,0.161273656685026,0.49177435654624,0.327942387678895,0.742955223636259,0.999431561618104
"K11904",15.5067823480152,0.110598044546039,0.846195856696108,0.130700290802484,0.896012402291508,0.999431561618104
"K11906",0.667562853725475,0.228158282197852,3.74227120534732,0.0609678640799304,0.95138480217642,0.999431561618104
"K11907",14.489622102631,-0.771260006049112,0.726899501436373,-1.06102701202172,0.288677625543307,0.999431561618104
"K11912",26.7160985743772,-0.13701073226974,0.578556505946531,-0.236814781030916,0.812800484084218,0.999431561618104
"K11915",0.783151712399762,3.63074882894552,3.69668811247591,0.982162605682678,0.326019746682131,0.999431561618104
"K11918",1.59429413038277,1.75050737797136,2.54063470566402,0.689003961911103,0.490820774349937,0.999431561618104
"K11921",0.477585590573452,-1.81697621611385,3.74747208496385,-0.484853836111063,0.627780030788703,0.999431561618104
"K11923",78.1547616402849,0.099528674503889,0.494912093501023,0.201103743090657,0.840617455224229,0.999431561618104
"K11924",80.6921115720835,0.540586645535111,0.425334605151891,1.27096793674256,0.203740055536474,0.999431561618104
"K11927",3614.00793162467,-0.0231388266250873,0.210658941554588,-0.109840230157481,0.912536085005965,0.999431561618104
"K11928",724.462787166004,-0.342671946688825,0.518619525434297,-0.660738614501389,0.508779955581587,0.999431561618104
"K11930",1.16454714360583,-0.578464628440797,2.77742946063313,-0.208273382507051,0.835015513611835,0.999431561618104
"K11931",3.7815238637892,0.276357234825798,1.31388178935772,0.210336452688711,0.833405086458802,0.999431561618104
"K11936",618.232196764693,-0.0917209235091803,0.441974056851742,-0.207525582298935,0.835599415733281,0.999431561618104
"K11939",150.616083061139,0.0963020089497246,0.385951152787307,0.249518645699694,0.802959619740243,0.999431561618104
"K11940",275.32043897715,-0.129131063751351,0.307319345242409,-0.420185275513633,0.674350110504694,0.999431561618104
"K11942",824.596346571495,-0.353720608104827,0.344621514668679,-1.02640314968407,0.304701594010546,0.999431561618104
"K11959",100.744406625404,0.029326545675025,0.290041583878708,0.101111520916563,0.919461932549653,0.999431561618104
"K11960",18.8278008813403,-1.26703739585368,0.628034002981048,-2.01746623564889,0.0436468811489841,0.999431561618104
"K11961",7.78076545439097,-1.23868369721119,1.01754674597615,-1.21732362872715,0.223481107594911,0.999431561618104
"K11962",6.33260042857199,1.92287081636573,1.05845856832229,1.81667083994943,0.0692675292806704,0.999431561618104
"K11963",9.44285383786916,0.301939878273537,1.14182142141622,0.264437041213534,0.791443172249269,0.999431561618104
"K11991",199.215124151747,0.041097111594344,0.21828547703532,0.188272312718698,0.850663188472907,0.999431561618104
"K11996",4.06202338390102,-0.869482451651153,1.49413148134351,-0.581931685737138,0.560612696688254,0.999431561618104
"K12063",3.341815446026,-1.5447149140649,1.61129411579185,-0.958679671777839,0.337720142305261,0.999431561618104
"K12132",5855.39574677003,-0.115707283292419,0.175160310539035,-0.6605793454941,0.50888211843531,0.999431561618104
"K12137",44.3112482244819,0.456328098778046,0.462401217375255,0.986866127577082,0.323708271523996,0.999431561618104
"K12140",12.7968363557723,-0.17340372471306,0.660109462347185,-0.262689348667234,0.792790027084914,0.999431561618104
"K12141",37.7686055787261,-0.76059347287715,0.529655607520215,-1.43601514281735,0.1509980323922,0.999431561618104
"K12146",0.35430216876557,-1.43729179354141,3.76803072382159,-0.381443756404322,0.702873997874643,0.999431561618104
"K12152",13.3391425325613,-0.29261526018258,0.709919801659754,-0.412180727313791,0.680206962164822,0.999431561618104
"K12206",0.779346336286459,3.60401889511665,3.69791107403559,0.974609400540161,0.329754048813815,0.999431561618104
"K12234",87.7214778284388,0.250132917690124,0.285144379910566,0.877214966567382,0.380369888365525,0.999431561618104
"K12240",0.578987311534083,0.611354227397195,3.76685413603076,0.162298354361392,0.871070910529916,0.999431561618104
"K12242",4.03130729690961,-0.101822149069649,1.48251101267796,-0.0686822210417996,0.945242570334182,0.999431561618104
"K12251",111.582727221713,0.314790081054665,0.406672866823629,0.774062168232108,0.43889402830045,0.999431561618104
"K12252",6.0623379372828,0.796091946170329,1.56750480840089,0.507872091941123,0.611543047705334,0.999431561618104
"K12253",8.92740648069997,0.264743690485436,1.20259495772938,0.220143689098196,0.825759250322822,0.999431561618104
"K12254",4.31689960211167,0.0341667886327229,1.098416836855,0.031105485173142,0.975185415252154,0.999431561618104
"K12255",3.78108434913286,0.495507024739158,1.23941458302598,0.399791184907151,0.689310323928677,0.999431561618104
"K12256",10.5000926987245,-0.13183892752547,1.04458086425611,-0.126212275216585,0.899563894851737,0.999431561618104
"K12257",1794.25926547786,0.0939153843638004,0.171495286804842,0.547626620611877,0.583948306741193,0.999431561618104
"K12261",7.95065162209491,1.79255343395394,1.01990825599558,1.75756341162682,0.0788218234578896,0.999431561618104
"K12262",22.9633999895065,-0.460320801068587,0.474575234342202,-0.96996380712244,0.332064532975556,0.999431561618104
"K12263",93.7120112238625,1.03415753119654,0.77031284288214,1.34251627861639,0.179428655807956,0.999431561618104
"K12266",1.41661657613738,1.88995893613362,2.20008311548099,0.859039789376517,0.390318564164557,0.999431561618104
"K12267",455.104525009278,-0.0294082171021434,0.310415852185473,-0.0947381291744469,0.924522831465488,0.999431561618104
"K12276",5.96277587035593,1.7041552668075,1.12479079439767,1.51508642788999,0.129750518249,0.999431561618104
"K12278",0.989768070569552,-0.63715761728636,2.49820576365817,-0.25504609210146,0.798687499721344,0.999431561618104
"K12279",4.98973163824931,1.55487078710516,1.61840645984063,0.960741831973574,0.336681992244188,0.999431561618104
"K12280",0.890745857862413,2.92019056448244,3.43895356582604,0.849150914249408,0.395797322591431,0.999431561618104
"K12282",3.96559939060688,0.449496541311323,1.21997572899701,0.36844711794461,0.712539869597313,0.999431561618104
"K12283",2.57388150086189,-4.24765280085993,2.24661778222203,-1.89068778609006,0.0586660338372592,0.999431561618104
"K12284",0.40108515783551,2.6353783060543,3.7610776917493,0.700697651589476,0.483491721943964,0.999431561618104
"K12286",0.62652136991981,3.31200695895109,3.71282221378867,0.892045664521982,0.372368456764256,0.999431561618104
"K12287",1.34617058881247,2.88168547892356,3.10398305450748,0.928383122046653,0.35320887035271,0.999431561618104
"K12297",8.0251878507537,-0.400215184111596,1.12150171998764,-0.356856504969074,0.721199232586448,0.999431561618104
"K12308",169.951071150995,-0.1267681688411,0.435480855858909,-0.291099292048263,0.77097538135724,0.999431561618104
"K12339",216.772445708989,-0.0956439737222864,0.287711573545496,-0.332430053277513,0.739564548404578,0.999431561618104
"K12340",854.0178433549,-0.0389590480389939,0.20163015670236,-0.193220343009027,0.846786407512937,0.999431561618104
"K12349",13.9983234944045,-1.31606108208502,0.695196289033089,-1.89307840511556,0.058347443504003,0.999431561618104
"K12368",388.543342015757,-0.404184340983816,0.448809386295628,-0.900570160352176,0.367816906026826,0.999431561618104
"K12369",20.708906053436,-1.02484539902247,0.730910594803775,-1.40214878031369,0.160870822992867,0.999431561618104
"K12370",54.4332994219201,-0.210074694911551,0.646605339726803,-0.324888586599532,0.745265395300461,0.999431561618104
"K12371",39.7282062697531,-0.350924486252043,0.540923652828888,-0.648750492637548,0.516499661933183,0.999431561618104
"K12372",70.7749487683962,0.240268653947247,0.419254107540959,0.573085986817132,0.566586474876586,0.999431561618104
"K12373",133.027971682253,0.0181779154429592,0.331277705176518,0.0548721364550424,0.956240330311532,0.999431561618104
"K12410",100.826781322739,0.499754254626844,0.296889952991605,1.6832979681228,0.0923174235685487,0.999431561618104
"K12420",3.4952370610562,1.293410714624,1.33253576784141,0.970638646885414,0.331728253803167,0.999431561618104
"K12426",11.7627068034938,2.34005695225964,1.05847622399367,2.2107789473348,0.0270511483955665,0.999431561618104
"K12428",43.7169201134128,0.668462510588429,0.394307247816752,1.69528334639968,0.0900216824705159,0.999431561618104
"K12437",11.8996793943659,1.07659341036237,0.921139078747398,1.1687631490202,0.242499071369101,0.999431561618104
"K12443",1.12749845502823,2.11221641269693,2.75659378410553,0.766241448005843,0.443532650384768,0.999431561618104
"K12444",0.350759832013089,0.901389802766245,3.81694647031143,0.236154687988773,0.813312638879262,0.999431561618104
"K12452",45.4212677998695,-0.179113766035189,0.442244659942945,-0.405010579569909,0.685469734348811,0.999431561618104
"K12454",208.15593606034,-0.095905402291762,0.271023965511861,-0.353863179998246,0.723441422015703,0.999431561618104
"K12462",2.53878068567476,1.09426405028556,2.03562584377969,0.537556571915871,0.590883218907083,0.999431561618104
"K12466",49.5377419391669,0.225188569646877,0.39758465633497,0.566391499417303,0.571127672087071,0.999431561618104
"K12502",8.62416484613894,-0.0386943674927787,0.815487319024051,-0.047449379763608,0.962155073952518,0.999431561618104
"K12503",123.453474304661,-0.478449632405647,0.274099041052019,-1.74553559388355,0.0808916822619743,0.999431561618104
"K12506",59.1173401221773,0.268278925792725,0.480121633643874,0.558772833785112,0.576316764905155,0.999431561618104
"K12508",97.0361118820897,0.529562569373111,0.466049809060968,1.13627891070294,0.255839854108938,0.999431561618104
"K12510",269.383879238202,0.0702916555740976,0.35225406570777,0.199548173937647,0.841833963637534,0.999431561618104
"K12511",259.927407783892,0.185968315778786,0.295785729308005,0.628726464301919,0.529528149405986,0.999431561618104
"K12513",1.19391834897124,-3.13807707461577,3.18324255955723,-0.985811484957105,0.32422562883801,0.999431561618104
"K12524",7.36723639359065,0.425427931524008,1.18777220296243,0.358172998545468,0.720213852653897,0.999431561618104
"K12526",8.94347987030508,0.212423141215411,1.18653968057249,0.179027422928594,0.857916169155917,0.999431561618104
"K12527",7.91613964902371,0.643321503442237,1.31149528660134,0.49052521195815,0.623762293695072,0.999431561618104
"K12528",31.6265964423133,0.177455397321946,0.498537642227262,0.355951852560517,0.721876622763449,0.999431561618104
"K12536",959.506442146927,-0.265575231406141,0.265564636544026,-1.00003989560603,0.317291201110657,0.999431561618104
"K12537",373.355175023789,-0.498092157127788,0.221714149680263,-2.24655105615087,0.0246687331164624,0.999431561618104
"K12538",0.831663159885845,-1.28252000038784,2.99239589267705,-0.42859302257646,0.668219424165181,0.999431561618104
"K12541",10.0635804935268,-0.662855413854541,0.769895935712459,-0.860967545232119,0.389255918179154,0.999431561618104
"K12542",5.83368422353414,1.69236260086365,1.31449835279657,1.28745889811363,0.197934386793408,0.999431561618104
"K12543",8.35546869921239,1.27057303116814,0.849689176805458,1.49533860834271,0.134826093826349,0.999431561618104
"K12547",1.58761800163733,0.330220272804149,2.51647726704096,0.131223229046867,0.895598720721876,0.999431561618104
"K12548",2.90046311662035,-2.54162697360353,2.10219091851295,-1.20903717698554,0.22664856286977,0.999431561618104
"K12555",36.0411256516162,0.291771630986282,0.724571396341662,0.4026816852824,0.687182408892203,0.999431561618104
"K12573",635.714048456698,-0.0118617514735431,0.235849774553633,-0.0502936731484798,0.959888365487289,0.999431561618104
"K12574",3273.83941512404,0.195554365865469,0.298769570662917,0.654532405798784,0.51276885636108,0.999431561618104
"K12583",28.7082364535654,-0.323944466760973,0.477761737806739,-0.678046065907464,0.497742485755612,0.999431561618104
"K12589",2.77075837355727,-0.768354701086961,1.44648785490442,-0.531186417142597,0.595289604494872,0.999431561618104
"K12658",10.1377024298316,-0.125480176373463,1.05619055158619,-0.118804486733021,0.905430253964249,0.999431561618104
"K12661",19.3300262369862,-0.967209332396526,0.680990802184732,-1.42029720415248,0.15552117478197,0.999431561618104
"K12663",6.77767869302685,1.28375080853157,1.10607730339869,1.160633894744,0.245790815318079,0.999431561618104
"K12686",52.3472287620231,-0.114360004136908,0.364077472489116,-0.314108981681987,0.753438268130374,0.999431561618104
"K12941",116.356212353947,-0.183102127277196,0.383807774224824,-0.477067270580974,0.633314219932667,0.999431561618104
"K12942",3.49569848108945,0.767918767211237,2.02257640384287,0.379673551887682,0.704187755144824,0.999431561618104
"K12945",13.6310682392284,-0.189073295259462,0.780110093655844,-0.242367451462401,0.808495452580453,0.999431561618104
"K12952",37.2249509511825,-0.553146887652777,0.641376005767471,-0.862437762995017,0.388446667526789,0.999431561618104
"K12955",37.8448400294753,0.646691707350681,0.478293079143615,1.35208251080819,0.176348921456144,0.999431561618104
"K12957",3.47965651025451,0.175386901866889,1.51678297864782,0.11563084787729,0.907945113814012,0.999431561618104
"K12960",25.4559278748845,0.378539532033641,0.54271087902969,0.697497593397113,0.485491444964174,0.999431561618104
"K12972",38.9074944232327,-0.215452917151895,0.550321797287872,-0.391503513423787,0.695425092168273,0.999431561618104
"K12976",82.103955147967,-0.528898822085513,0.411370512802319,-1.28569940145338,0.198547990221068,0.999431561618104
"K12978",7.44680932276042,0.593026309344919,0.90797238726972,0.653132537574356,0.513670837433526,0.999431561618104
"K12979",16.2633817782987,-0.401246795553666,0.55630891709478,-0.7212661584666,0.470745774043375,0.999431561618104
"K12982",2.8079137432242,1.11374008984727,1.85029960272371,0.601924190119156,0.547224601289287,0.999431561618104
"K12984",1.98708221744212,0.925591396265386,2.07033617304486,0.447072996316395,0.654822355606439,0.999431561618104
"K12989",4.52862508066857,-1.34534757425478,1.4886014767063,-0.903766115583546,0.366119432620973,0.999431561618104
"K12990",4.73768866950406,-2.22427367449199,1.54758126160206,-1.4372580811617,0.150644675056846,0.999431561618104
"K13007",1.89066149790375,-1.55495566881879,2.49094394961456,-0.62424353990759,0.532467656786826,0.999431561618104
"K13010",176.781796911574,-0.145396805541963,0.270137747801076,-0.538232093535593,0.590416825900878,0.999431561618104
"K13014",5.38685681599861,-0.778563279425657,1.06329140225624,-0.732220045956914,0.464034270940475,0.999431561618104
"K13015",744.434936502532,0.208006144081316,0.34512706062218,0.60269439233867,0.546712012730577,0.999431561618104
"K13016",4.67909064638158,1.05984073296869,1.0394074694572,1.01965856905201,0.307890417316504,0.999431561618104
"K13017",118.310525909212,-0.106874206652595,0.287595288738239,-0.371613203823616,0.710180856828123,0.999431561618104
"K13018",164.035445275585,-0.0818408460547202,0.277687305546368,-0.294723037099924,0.768205463382625,0.999431561618104
"K13019",5.58693450351461,-0.736684079148377,1.63225271040519,-0.451329671228116,0.651751962982541,0.999431561618104
"K13020",1674.53240116861,-0.4167939336247,0.530714402715866,-0.785345058456692,0.43225128421346,0.999431561618104
"K13021",149.77251398755,-0.510448036729372,0.411869301488101,-1.23934470203315,0.215217870681417,0.999431561618104
"K13028",1.76649771287453,-3.70480371552492,2.36247547375363,-1.56818716498188,0.116837458897301,0.999431561618104
"K13038",1639.72725619408,0.035214968703428,0.207887343235708,0.169394481430744,0.865486363961669,0.999431561618104
"K13043",5.5719016602297,-1.03447019719475,1.13660120957883,-0.910143494900973,0.362746838945542,0.999431561618104
"K13049",29.5044850204292,0.108257614827676,0.533946036335372,0.202750104805872,0.839330358436526,0.999431561618104
"K13051",33.1908789931852,0.0550180982159579,0.46634505377627,0.11797723117345,0.906085698764047,0.999431561618104
"K13052",82.122090540798,0.736218527934308,0.553191695494721,1.33085607381706,0.183236373133086,0.999431561618104
"K13053",2.93383475503478,1.51578232631669,2.27196849971743,0.667166964024901,0.504665490419419,0.999431561618104
"K13057",203.354522510526,0.230939532370533,0.221703819953033,1.04165788582018,0.297570320840092,0.999431561618104
"K13063",79.8198485104943,-0.12395416484677,0.409117061591354,-0.302979700637812,0.761905331505305,0.999431561618104
"K13069",1.50392618831204,1.21932638111273,2.61703786283624,0.465918509788496,0.641273831487427,0.999431561618104
"K13075",397.988210676915,0.153596152353639,0.25824197955326,0.594776080245936,0.551993158591694,0.999431561618104
"K13126",119.553917663781,1.06251876346062,0.466370294008713,2.27827281692338,0.022710328184091,0.999431561618104
"K13236",12.3016490528886,0.616330629720856,1.29507181443175,0.475904596836037,0.634142347132532,0.999431561618104
"K13237",1.50528409098194,0.332085746829115,1.9373002749145,0.171416765448904,0.863896072961656,0.999431561618104
"K13245",0.680954244877956,-2.34218293847924,3.7264859130922,-0.628523223514809,0.529661238058797,0.999431561618104
"K13247",9.44956763106146,1.4709473597878,1.42753230678571,1.03041265882091,0.302816333334068,0.999431561618104
"K13255",49.5832033670066,-0.0164409959227414,0.498347683729837,-0.0329910150272803,0.973681752712178,0.999431561618104
"K13256",4.9924772485841,-1.45032368453559,1.43743833391128,-1.00896410671701,0.312991848417216,0.999431561618104
"K13274",45.0941495239827,-0.157221613983102,0.51769038453652,-0.303698153721476,0.76135786472685,0.999431561618104
"K13275",84.84364068186,-0.63273466912769,0.713188591982059,-0.887191236989959,0.374975949521708,0.999431561618104
"K13280",147.255383197377,0.226894691634142,0.303290489198847,0.748110144282772,0.454393723698983,0.999431561618104
"K13281",51.9261328212718,-0.376060170598542,0.457350293398407,-0.82225850956424,0.410929785069755,0.999431561618104
"K13282",95.7781913092098,-0.0162061617311487,0.417611686051764,-0.0388067725890696,0.969044445158311,0.999431561618104
"K13283",108.559674489209,-0.221440262078206,0.337082677753184,-0.65693159777361,0.511224899849593,0.999431561618104
"K13288",316.381352151798,-0.266359563067046,0.216474244000848,-1.23044459305747,0.218530663236208,0.999431561618104
"K13290",125.2246215601,0.354736827015049,0.345337237386739,1.02721858117427,0.304317550528317,0.999431561618104
"K13291",2.89724477926001,1.45014897573188,2.72806441088628,0.531566985715254,0.595025935523007,0.999431561618104
"K13292",916.8789389954,0.0650001116380773,0.221811608713115,0.293041973840723,0.769490068747162,0.999431561618104
"K13299",3.61167857161004,1.03813085469029,1.58931140953882,0.653195370309162,0.513630334546165,0.999431561618104
"K13300",341.887638107482,0.528215390066897,0.595424733224141,0.887123696065974,0.375012307663331,0.999431561618104
"K13312",0.86810543264323,0.900804312170447,2.93703039588914,0.306705818717869,0.759067300422426,0.999431561618104
"K13315",62.0957327947262,-0.30886376279316,0.413014289322172,-0.747828273205896,0.454563745975956,0.999431561618104
"K13317",1.22119967813051,-1.08450162567845,3.30421147802351,-0.328217982684079,0.742746852092118,0.999431561618104
"K13328",0.313260684959905,2.32639373729202,3.79152128977883,0.613577917540251,0.539494279532316,0.999431561618104
"K13355",3.5909536327808,-0.323445524815253,1.52607542914518,-0.211945961934811,0.832149192601498,0.999431561618104
"K13356",825.899099407487,0.136091282512141,0.281623258784849,0.48323878893863,0.628926196620821,0.999431561618104
"K13378",78.4366884903907,0.367232915891505,0.633667840792328,0.57953535314704,0.562227999210902,0.999431561618104
"K13403",0.315560290484045,-1.24660761453635,3.78051565677572,-0.329745391293933,0.741592352881727,0.999431561618104
"K13408",17.6825506150811,-0.447279096058911,0.697464466291186,-0.64129302305155,0.52133232134621,0.999431561618104
"K13409",27.1947743270231,0.335096560834413,0.660357265198708,0.5074473750714,0.61184095197653,0.999431561618104
"K13444",179.498726532491,-0.153059613869792,0.309724482124207,-0.494179900859151,0.62117913311713,0.999431561618104
"K13449",1.81416857930798,-1.43310653703596,2.56710067604945,-0.558258797719373,0.576667675723137,0.999431561618104
"K13472",2.24775326616061,0.393243442130101,1.99467780845819,0.197146346373635,0.843713015894727,0.999431561618104
"K13481",136.463415075966,0.205673553796567,0.56409385351899,0.364608748195911,0.715403483658747,0.999431561618104
"K13482",118.978733270998,0.0288807785241741,0.517340195443052,0.0558255066561,0.955480815251731,0.999431561618104
"K13483",125.583812594063,-0.217672857411189,0.450780691064418,-0.482879727827746,0.629181136594213,0.999431561618104
"K13485",34.8380364433862,0.0280280776784444,0.64595428846063,0.0433901874778755,0.96539049959434,0.999431561618104
"K13486",0.590215747060985,3.19999895345789,3.71937148794652,0.860360134455035,0.389590553992519,0.999431561618104
"K13487",2.80215670361368,-2.47179848137995,1.97089870466491,-1.2541479049783,0.209788250903782,0.999431561618104
"K13488",0.3719876684544,0.320910492788393,3.81152687121377,0.0841947344545941,0.932901604621681,0.999431561618104
"K13490",0.113492374146326,-0.060392878424755,3.81694647031143,-0.0158223016472713,0.987376156521306,0.999431561618104
"K13491",0.51380326387766,3.01647497957528,3.73123336623527,0.808439109403342,0.418837845548975,0.999431561618104
"K13497",0.779346336286459,3.60401889511665,3.69791107403559,0.974609400540161,0.329754048813815,0.999431561618104
"K13498",5.50770749942046,-3.3417434387491,1.37568143311855,-2.429155005148,0.015134060510614,0.999431561618104
"K13503",19.0856578758064,0.0456375432314381,0.720583619905439,0.0633341391210461,0.949500431234187,0.999431561618104
"K13507",3.71172289231618,-0.60444563122141,1.71490792816713,-0.352465354724574,0.724489296413368,0.999431561618104
"K13522",3.12473954619107,-0.270728597365668,1.64119448187945,-0.164958266893292,0.868976830170094,0.999431561618104
"K13525",255.853121702699,0.20977105226426,0.335463907460339,0.625316308548219,0.531763478380962,0.999431561618104
"K13527",2799.46257049829,0.071774512865115,0.224956488112247,0.319059536657158,0.749681366367653,0.999431561618104
"K13529",126.095665281511,-0.0044428119744201,0.263665288748085,-0.0168501966850287,0.986556124406181,0.999431561618104
"K13530",10.7861142664394,-0.284728661704778,0.955756269532506,-0.297909279574016,0.765772405282977,0.999431561618104
"K13531",3.00186133127703,2.0402234915797,1.3990219229712,1.45832131582809,0.144751997481991,0.999431561618104
"K13532",36.3264467564891,-0.235302749871118,0.560123581164594,-0.420090776006757,0.674419140787043,0.999431561618104
"K13533",255.494498393051,0.113105134182312,0.56326850298889,0.200801453626714,0.840853826251159,0.999431561618104
"K13540",32.9227798704627,0.332582385714742,0.539496842825823,0.616467714570327,0.537585873860407,0.999431561618104
"K13541",2.12649392305832,1.24572984513712,1.77718835295976,0.700955440689478,0.483330823798029,0.999431561618104
"K13542",2441.65291110649,0.143096606520519,0.323410791421912,0.442460827888206,0.658155770441669,0.999431561618104
"K13547",0.756138395916868,-0.086616847699303,3.6827707191263,-0.0235194787580618,0.981235900979986,0.999431561618104
"K13570",232.149122735972,-0.0185808869527094,0.249274592940274,-0.0745398347001266,0.940580845804208,0.999431561618104
"K13571",581.098867490594,0.0482816605022712,0.190639449623396,0.253261644416465,0.800066033391027,0.999431561618104
"K13572",222.179684388289,-0.238858961169787,0.286942775835899,-0.832427164175722,0.405167874507407,0.999431561618104
"K13573",99.240401566428,0.165691472421371,0.35245116935258,0.470111853297951,0.638275106004338,0.999431561618104
"K13574",29.4900689581728,0.0491512392604258,0.441672778162116,0.111284284861189,0.911390916860288,0.999431561618104
"K13581",48.7750045652152,0.0869761097287052,0.445852534692871,0.195078199541064,0.845331728945658,0.999431561618104
"K13582",11.4397444275965,0.612744276891189,0.900546957655322,0.680413466152325,0.496242696811917,0.999431561618104
"K13583",269.105754486849,-0.236860825260958,0.256212856638195,-0.924468929345868,0.355242221142903,0.999431561618104
"K13584",306.56292465427,-0.145184516010514,0.239065665940222,-0.6072997368297,0.543652012969237,0.999431561618104
"K13587",808.800518441562,-0.032586542049033,0.336652587354787,-0.0967957570297571,0.922888593512981,0.999431561618104
"K13588",21.8693744758401,0.235933060067263,0.697947831194457,0.338038245155789,0.735334366984759,0.999431561618104
"K13589",59.3720907030055,0.272815638000016,0.411864743435546,0.662391336836311,0.507720454305536,0.999431561618104
"K13590",58.4696007260765,0.184886042409235,0.412056232042174,0.448691290246793,0.653654368532024,0.999431561618104
"K13591",1.10133237205112,-0.465571461210692,3.379226192178,-0.137774577590682,0.890418576868137,0.999431561618104
"K13592",27.60604239523,-0.949135419597006,0.515120078099429,-1.84255178539906,0.0653944789969487,0.999431561618104
"K13593",10.762443340783,0.4536131142864,0.79500423843854,0.570579491723638,0.56828472355441,0.999431561618104
"K13598",357.884967832713,-0.217409698602013,0.240575424999244,-0.903707012479335,0.366150779735006,0.999431561618104
"K13599",208.723894332362,-0.368382213905246,0.278110993469021,-1.32458702660483,0.185308161174226,0.999431561618104
"K13622",0.200542578917755,1.62272230958218,3.81694647031143,0.425136250194722,0.670737353439905,0.999431561618104
"K13626",711.149601976863,0.0349341462268513,0.291258290034396,0.119942152454187,0.904528972654252,0.999431561618104
"K13628",3795.32868554794,0.0179049899692292,0.17070674371285,0.104887420261191,0.916465141082325,0.999431561618104
"K13633",366.917457798967,0.2190100876444,0.198886675709897,1.10118029205665,0.270818197315772,0.999431561618104
"K13634",6.30579589181824,0.462046355430463,1.21992244527926,0.378750597809268,0.704873076046967,0.999431561618104
"K13635",4.83132403819219,0.22328094302854,1.48999866208887,0.149853116455499,0.88088050158044,0.999431561618104
"K13639",109.375019370295,-0.0831301417670283,0.411249802367895,-0.202140259492847,0.839807074923099,0.999431561618104
"K13640",2237.20098683507,0.0427468649576447,0.186636982495408,0.229037484351187,0.818839782081162,0.999431561618104
"K13641",91.1636880905672,0.0171102279235331,0.340187264880045,0.0502964975175259,0.959886114815279,0.999431561618104
"K13643",431.889480225109,-0.00350826092025434,0.23842396733664,-0.0147143802674036,0.98826004680644,0.999431561618104
"K13652",7.7318035336126,-0.15043971697569,1.10467753156266,-0.136184282451078,0.891675600190256,0.999431561618104
"K13653",4.60436171385529,-0.887403849805074,1.39563912363723,-0.635840479659508,0.524880400391421,0.999431561618104
"K13654",1.17900980813803,-3.12539956666544,2.20817303508194,-1.41537801477114,0.156957692135237,0.999431561618104
"K13655",4.99162369285906,1.03960714594538,1.28176393344793,0.811075361707869,0.417322393942888,0.999431561618104
"K13657",2.15753374129927,0.074578297338356,1.98697458164677,0.0375335940515891,0.970059554830021,0.999431561618104
"K13658",16.789955795784,-0.858917435007062,0.646599091101878,-1.32836164916868,0.184058662502387,0.999431561618104
"K13665",4.14842501004053,-1.97586702849744,1.42031568207734,-1.39114638627911,0.164181041146919,0.999431561618104
"K13668",81.8177448807623,0.354656340827007,0.382297004606501,0.92769845579108,0.353564009718841,0.999431561618104
"K13669",0.84032492742923,0.234418675678941,3.61366609777299,0.0648700431463237,0.948277472444986,0.999431561618104
"K13670",2.86917591767174,0.719182470116703,1.74040418699409,0.413227269556751,0.679440110626329,0.999431561618104
"K13671",26.4675774737268,-0.834129997800972,0.654414845881602,-1.27461961330853,0.202443911941683,0.999431561618104
"K13686",13.9897197765534,-1.54348222307056,0.854151767035835,-1.80703509919193,0.0707568067282953,0.999431561618104
"K13687",36.8317771120099,0.111114784146743,0.555368953549671,0.200073812978826,0.841422853495771,0.999431561618104
"K13688",14.7866026924602,-0.385449723612249,0.825184714625687,-0.467107202521429,0.64042318135626,0.999431561618104
"K13693",155.615962267532,0.173933934740104,0.316244928239947,0.549997546863847,0.582321056153766,0.999431561618104
"K13694",2.7401444369635,-0.148502498392823,1.3969821227613,-0.106302361335369,0.915342458133269,0.999431561618104
"K13727",3.6572757663844,5.055135477663,2.46757734845926,2.04862290570928,0.040499003051598,0.999431561618104
"K13731",87.7629024311404,0.599951282767129,0.736544724308918,0.81454834033337,0.415330891115229,0.999431561618104
"K13735",12.1310166090638,0.741212381464476,1.0443069385459,0.709764872860601,0.47784995552548,0.999431561618104
"K13745",4.08734940375147,1.3597995609961,1.3331047524258,1.02002453934826,0.307716822764013,0.999431561618104
"K13747",345.310451839743,0.456734449381341,0.611691903714987,0.746674014495625,0.455260359027947,0.999431561618104
"K13766",42.8500648834831,-0.0821078068962411,0.541868922875902,-0.151527063889297,0.87955996341892,0.999431561618104
"K13767",125.141075013622,-0.960156837278835,0.665324085598169,-1.44314155772009,0.14898059862275,0.999431561618104
"K13770",131.258996313064,0.200390728643742,0.354287960888827,0.565615405448742,0.571655253020865,0.999431561618104
"K13771",48.4418906126715,-0.013690831584846,0.502512406256054,-0.027244763341962,0.978264512959135,0.999431561618104
"K13772",9.33998657264319,-0.518311122405136,0.979933105837572,-0.5289250044901,0.5968574754999,0.999431561618104
"K13774",2.73912416669489,5.41849298292231,2.41254628120502,2.24596436766216,0.0247062903443449,0.999431561618104
"K13775",91.594691479861,-0.118292930954223,0.354527060587977,-0.333664038953858,0.738633088616249,0.999431561618104
"K13777",2.55923488073423,-1.43499733547824,1.75295566882275,-0.818615873179469,0.413005607807371,0.999431561618104
"K13778",3.41676590653021,4.33468949793863,2.0236290213334,2.1420376226283,0.03219045466848,0.999431561618104
"K13779",0.237219734635964,-0.873927059337839,3.80302396467111,-0.229797936446455,0.818248788296786,0.999431561618104
"K13786",3.69137612263607,-2.69705207896018,1.55781248156128,-1.73130727278365,0.0833969749921591,0.999431561618104
"K13787",114.527569046027,0.0792714331020273,0.303013170764511,0.261610519773854,0.793621732809614,0.999431561618104
"K13788",118.005965616229,0.381259740692889,0.34734493925373,1.09764011968053,0.272361666771406,0.999431561618104
"K13789",7.34388388775025,0.0771850427590317,0.963290442601266,0.0801264492468144,0.936136686917281,0.999431561618104
"K13795",15.5544440673347,-0.169564547250086,0.706059227863166,-0.240156265308308,0.810209116816773,0.999431561618104
"K13796",151.895398204894,-0.00162349748565479,0.28348232131391,-0.00572697965125324,0.995430556334574,0.999431561618104
"K13798",17.9648270025827,1.45942420758351,0.69316336046758,2.10545491988936,0.0352517274785088,0.999431561618104
"K13810",136.289330374573,0.243281412473308,0.369998356210422,0.65752025215742,0.51084645327686,0.999431561618104
"K13815",4.10247436908086,0.252772127408882,1.09336902404228,0.231186472133956,0.817169939037095,0.999431561618104
"K13816",9.94191257095781,-1.00642956369856,0.819191814470943,-1.22856398943456,0.219235323930289,0.999431561618104
"K13821",284.661569283295,0.0162447880925258,0.290181126097339,0.0559815461157065,0.955356508170512,0.999431561618104
"K13829",53.7067320516384,0.30187824928651,0.38834247512656,0.777350582596273,0.43695195955239,0.999431561618104
"K13832",7.95782647621553,-0.0346340366143128,1.05529880735571,-0.032819175358585,0.973818786724044,0.999431561618104
"K13853",465.33880527596,-0.143544910322059,0.501953780675727,-0.285972366078845,0.774899286761034,0.999431561618104
"K13874",11.6509766415019,-0.129618632457786,0.763015821863984,-0.169876729608487,0.865107082189235,0.999431561618104
"K13875",47.4122833130496,-0.486226602317107,0.432615129708642,-1.12392417399865,0.261045194985799,0.999431561618104
"K13876",101.498273897147,0.0967258633788586,0.315933320385724,0.306159107436866,0.759483505889377,0.999431561618104
"K13877",37.110400906863,-0.506823438333931,0.43828163830139,-1.15638756918538,0.247522663897266,0.999431561618104
"K13888",7.45921947760156,-0.078880579585747,1.29050278839055,-0.0611239125520394,0.951260525290936,0.999431561618104
"K13889",1693.31214129107,-0.0988207717240874,0.352188476919364,-0.280590587711685,0.779024436052,0.999431561618104
"K13890",210.858390091564,-0.0699203584786751,0.347562147722785,-0.201173686308451,0.840562766147551,0.999431561618104
"K13891",53.6217577317274,-0.551465309193793,0.375026609212141,-1.47046981640134,0.141434554664217,0.999431561618104
"K13892",32.6096451483257,0.845019379826495,0.595630460522327,1.41869739013259,0.155987258435114,0.999431561618104
"K13893",75.0014795433895,-0.201696618640669,0.374850550522733,-0.538072088621455,0.590527281026792,0.999431561618104
"K13894",60.3354174480197,0.0381275898961752,0.46450985493771,0.0820813368992744,0.934582034035677,0.999431561618104
"K13895",53.2425930891221,0.159463843518173,0.425925340149998,0.374393886642234,0.708111290538551,0.999431561618104
"K13896",23.9987397700864,-0.635624163070019,0.620003031205368,-1.02519525079463,0.305271068692412,0.999431561618104
"K13920",3.17435564005333,-0.373698209548472,1.62821622045879,-0.229513872207448,0.81846953990689,0.999431561618104
"K13924",443.878637285974,0.0160496296865749,0.23720980540632,0.0676600600851355,0.946056243852197,0.999431561618104
"K13926",1.63852293892693,-0.025846037930074,2.1462741377118,-0.0120422817737668,0.990391881519134,0.999431561618104
"K13928",5.08176593405655,0.354375134374471,1.41577089924797,0.250305423400571,0.802351162672776,0.999431561618104
"K13929",226.646026279703,-0.170086545953136,0.385039705111914,-0.44173767976396,0.658679040047707,0.999431561618104
"K13930",25.5298960736523,-0.0850654774679774,0.672482673223904,-0.12649467540951,0.899340363600128,0.999431561618104
"K13931",46.9922883112751,-0.153828275583737,0.659052789477163,-0.233408124568855,0.815444504896662,0.999431561618104
"K13932",108.998110034976,-0.201257997571822,0.459702359963188,-0.43780066212394,0.661530790949328,0.999431561618104
"K13933",32.5284248363957,-0.389077580472126,0.691072370953011,-0.56300555025167,0.573431104538194,0.999431561618104
"K13934",21.1107194883559,-0.341153097292453,0.928544853446034,-0.367406158169268,0.71331607876534,0.999431561618104
"K13935",9.907893850912,-1.45538721576182,1.25914020328313,-1.15585795129644,0.247739264369588,0.999431561618104
"K13936",68.7508844087906,-0.0230579392015697,0.455615209266786,-0.0506083614694876,0.959637599876187,0.999431561618104
"K13940",42.3171188083336,0.158431900738158,0.521972087906683,0.303525618340117,0.761489327127265,0.999431561618104
"K13950",24.6169699797735,0.411660209825355,0.677522471154888,0.607596393258587,0.543455193534542,0.999431561618104
"K13953",526.138004332584,0.456837749805632,0.3858009241395,1.18412818949196,0.236362322829483,0.999431561618104
"K13954",5.08406375226141,-0.938400627931325,1.66600662563065,-0.563263442950656,0.573255507464255,0.999431561618104
"K13955",15.6881694421776,0.831583695103693,0.895574711815353,0.92854753951019,0.353123619900996,0.999431561618104
"K13979",424.589941941996,0.0112860958265657,0.224931359032408,0.0501757330552546,0.95998234940647,0.999431561618104
"K13985",478.423134976863,-0.0792601894353919,0.241285191603467,-0.328491727605272,0.742539898015336,0.999431561618104
"K13990",3.05188576245645,-0.75658707845937,1.66994677183996,-0.453060595234276,0.650505108828594,0.999431561618104
"K13991",7.80421027244486,0.0213590136739814,1.237011593482,0.0172666236812373,0.986223912076247,0.999431561618104
"K13992",3.71056043003689,-1.83179073823392,1.80256470282545,-1.01621358465672,0.309527688775495,0.999431561618104
"K13993",13037.274011118,0.0218972626778188,0.18100308697608,0.120977288529408,0.903709024180064,0.999431561618104
"K13995",130.615216434899,0.461539102176267,0.393671872198594,1.17239542565905,0.241038335188619,0.999431561618104
"K14048",4.99476221646165,-1.46825691869565,1.27332483638876,-1.15308904431624,0.248873837944534,0.999431561618104
"K14051",0.38967316814323,2.59890514515267,3.76435381361847,0.690398744068767,0.489943466331164,0.999431561618104
"K14052",68.4884078937984,-0.816210389316586,0.389645418770111,-2.09475166394333,0.0361930739587533,0.999431561618104
"K14054",57.4850617813954,0.439516132737529,0.327712261481024,1.34116474846328,0.179866968867425,0.999431561618104
"K14055",12.7063827395147,-0.235539108710176,0.950840867872901,-0.247716643939689,0.804353653165004,0.999431561618104
"K14056",8.40232651753233,0.489179708557708,0.848062836637648,0.576820121604644,0.564060975305809,0.999431561618104
"K14057",1.38021534866779,0.821168209136265,3.17314073245657,0.25878720119058,0.795799433541052,0.999431561618104
"K14058",81.9061813347141,-0.0966966810874221,0.460582068832999,-0.209944519404386,0.833710974990948,0.999431561618104
"K14059",320.939472257681,-0.111300888385415,0.264316734105028,-0.421089072405038,0.673690040788008,0.999431561618104
"K14060",224.331790742993,0.115447405302597,0.287611448168988,0.401400591101523,0.688125214267243,0.999431561618104
"K14061",5.8532500327283,-1.23776863037756,1.21260717827199,-1.0207498789026,0.307372956258731,0.999431561618104
"K14063",36.3265778624852,-0.826356032805455,0.450930801327595,-1.8325561934837,0.066868597809953,0.999431561618104
"K14067",7.00521040336822,-0.544590359735699,0.99955051547559,-0.544835254751062,0.585866829191821,0.999431561618104
"K14083",312.82635987314,0.144866656806261,0.329893688876261,0.439131337430945,0.660566373525398,0.999431561618104
"K14084",0.702933853103134,3.46469501676827,3.55458006487853,0.974712892530293,0.329702695950698,0.999431561618104
"K14113",1.30605185994157,-0.988440232554828,2.82649013767163,-0.349705884121384,0.726559437295567,0.999431561618104
"K14127",0.467794542911897,-1.82277266664295,3.74719729587773,-0.486436267620116,0.626657881781467,0.999431561618104
"K14136",239.513235485451,0.159009001021303,0.239940731632572,0.662701159321287,0.507521967151263,0.999431561618104
"K14153",1.08509007755339,-3.01664614394235,3.27628128411658,-0.920753098510515,0.35717934692108,0.999431561618104
"K14155",69.0046667699432,0.155010853799296,0.50361163424241,0.307798397136875,0.758235741318494,0.999431561618104
"K14160",26.6474361274071,0.566694101056749,0.587937138643729,0.9638685223458,0.335111847127206,0.999431561618104
"K14161",53.7686029604641,-0.0285375634705041,0.347037877589206,-0.0822318407107265,0.934462353953244,0.999431561618104
"K14162",116.413372898611,0.20369263389842,0.41760789747166,0.487760492872966,0.625719497986703,0.999431561618104
"K14164",52.7231397541725,0.661217222721884,0.384912443681807,1.7178380007597,0.0858261680449033,0.999431561618104
"K14166",289.690172811644,0.712392524311269,0.461085816003396,1.54503239871083,0.122338426887081,0.999431561618104
"K14168",0.450651759286,-1.70495716923586,3.7529997346114,-0.454291843804887,0.649618785714539,0.999431561618104
"K14170",49.9143897843613,-0.599337157044676,0.448768403744327,-1.335515495396,0.181707687201421,0.999431561618104
"K14188",11.3573165744396,-0.253596714012893,0.9207992522432,-0.275409339652584,0.783001769435684,0.999431561618104
"K14189",139.507150987352,0.161929512450845,0.436940204236887,0.370598793337532,0.710936380942887,0.999431561618104
"K14194",1.43952210177863,-2.26141832051532,2.28450035524593,-0.98989624375518,0.322224835676461,0.999431561618104
"K14205",263.063985569183,-0.261609576697227,0.394481703875811,-0.663172902892312,0.507219823840194,0.999431561618104
"K14251",2.70368857532832,-1.24667082221352,1.95616878824913,-0.637302276624786,0.523927968317784,0.999431561618104
"K14254",68.1817867755222,0.0903905113666927,0.372357573157988,0.242751908065371,0.808197593062564,0.999431561618104
"K14257",5.2453243014647,0.857517367838473,1.12607429820762,0.761510469782843,0.446352227775406,0.999431561618104
"K14259",50.0037733592021,-0.361717722430969,0.603498615450883,-0.599367940820749,0.548927550693908,0.999431561618104
"K14260",358.90221800853,-0.235677067192694,0.23361448259869,-1.00882900996146,0.313056645704799,0.999431561618104
"K14261",203.428494905021,0.17473933645728,0.271263386536782,0.64416852819017,0.51946615661411,0.999431561618104
"K14266",24.7046883109607,0.276556694416852,0.492023216793472,0.562080578675085,0.574061119950033,0.999431561618104
"K14267",166.688338473625,-0.146095002162941,0.258905181856178,-0.564279946486728,0.572563626815504,0.999431561618104
"K14268",4.4755902372552,-0.17728579045883,1.72953506371553,-0.102504883640792,0.91835593668524,0.999431561618104
"K14273",414.422342459019,-0.424378240192186,0.428101010220822,-0.991303991488562,0.32153716455444,0.999431561618104
"K14274",18.215197665869,0.142214504397118,0.772066633255397,0.184199780526034,0.853856731649522,0.999431561618104
"K14287",40.12253281894,0.0833420492071984,0.557706858335294,0.149437016887271,0.881208804394354,0.999431561618104
"K14291",6.17253514371779,1.86281319688445,1.27890546491859,1.45656832970296,0.145235575206345,0.999431561618104
"K14330",3.82569207094748,0.821792930774949,1.83713722934953,0.447322561236168,0.654642179489597,0.999431561618104
"K14335",11.1001615483685,-0.517621228253253,1.00377830365045,-0.515672859605371,0.606082913387451,0.999431561618104
"K14337",18.642801771023,0.0707975218038462,1.02198280905642,0.0692746699616329,0.94477098773156,0.999431561618104
"K14338",213.824724454765,-0.820102156105846,0.42288957566716,-1.93928203316914,0.052467005419823,0.999431561618104
"K14339",3.12221850566993,-0.426842720735739,1.84057283354481,-0.23190754147646,0.816609826945765,0.999431561618104
"K14340",389.792994875496,-0.0521121834856744,0.312616751627429,-0.166696708395783,0.867608695618627,0.999431561618104
"K14347",20.6790987696836,-1.15453994501025,0.620955600189924,-1.85929548691908,0.0629852663536873,0.999431561618104
"K14358",5.60764399108933,1.50676766008235,0.985209334238109,1.52938833171691,0.126168203332261,0.999431561618104
"K14379",12.0942393680488,0.0939216103127712,0.876588755117533,0.107144438899605,0.914674392912184,0.999431561618104
"K14392",31.574795176077,0.306387181513889,0.989423629995112,0.309662284410372,0.756817786530029,0.999431561618104
"K14393",1549.93952933878,0.0243274253715793,0.449407534211322,0.0541322152381628,0.956829825818323,0.999431561618104
"K14414",0.964100169298832,-0.104872502097569,2.92130776267006,-0.035899162504438,0.971362763663124,0.999431561618104
"K14415",329.694001361445,-0.00112760772089095,0.288865090708067,-0.00390357906567025,0.996885402441633,0.999431561618104
"K14441",1242.74252423535,0.00403869287595377,0.186370907638132,0.0216701894471402,0.982711043561708,0.999431561618104
"K14445",6.67748370572132,0.868741598827568,0.972682570506094,0.893139884654822,0.371782266225815,0.999431561618104
"K14446",159.952185951298,0.0615349286474932,0.314011807234542,0.195963741584823,0.84463854574206,0.999431561618104
"K14447",240.168771579111,-0.0471361248885902,0.295604865981455,-0.159456525629545,0.873309207529839,0.999431561618104
"K14448",71.0589555753976,0.168493801672886,0.486989744158231,0.345990451942947,0.729349890363334,0.999431561618104
"K14449",58.4380934106828,0.359881884411473,0.496506354853571,0.724828354951486,0.468557338177688,0.999431561618104
"K14451",1.10250937540009,-0.419148130009064,2.79678143170372,-0.14986803232376,0.880868733330975,0.999431561618104
"K14465",1.75539327135019,-0.734805305572257,1.84838119507725,-0.397539916294998,0.69096935749534,0.999431561618104
"K14470",5.80541946881097,-0.219698034065721,1.19900014795983,-0.18323436776847,0.854614129264195,0.999431561618104
"K14475",11.9142747523976,0.472399095537758,0.73301110331101,0.644463765151622,0.519274747080077,0.999431561618104
"K14519",109.858974148229,0.235281967701406,0.301916746126024,0.779294195238829,0.435806433297128,0.999431561618104
"K14520",78.8383317944055,0.0465161778057722,0.455930430832477,0.10202472715155,0.918737048063067,0.999431561618104
"K14534",774.371185133239,0.300844128690951,0.33636848004056,0.894388584372339,0.371114018171277,0.999431561618104
"K14540",425.494783609649,0.576854843927924,0.65340985708995,0.882837682457111,0.377323977516311,0.999431561618104
"K14568",1.8927753369982,-2.69957673597819,2.21936276911306,-1.21637470608604,0.223842214841565,0.999431561618104
"K14574",9.81017790831025,0.157489280210928,0.885761429510392,0.177801013866658,0.858879251086438,0.999431561618104
"K14581",5.63194804467629,-0.230143213371918,1.44462197819743,-0.159310336437693,0.87342437746387,0.999431561618104
"K14584",9.65503446227084,0.937240256260358,0.839819385521827,1.11600216953553,0.264421205941481,0.999431561618104
"K14591",39.1444166128891,-0.00742277993323551,0.54137216804202,-0.0137110482795624,0.98906050902406,0.999431561618104
"K14596",0.690954348260445,1.71185292608464,3.11668546253777,0.549254310921307,0.582830937400281,0.999431561618104
"K14597",0.389010048382059,-1.50695560307088,3.76385406248269,-0.400375672928423,0.688879839330309,0.999431561618104
"K14633",0.654736674956237,-2.28332375037888,3.72848251315529,-0.61240028411628,0.540272953882776,0.999431561618104
"K14645",768.126854422611,0.0238364857471741,0.229594191922307,0.103820072919093,0.917312136663838,0.999431561618104
"K14647",355.220923725253,0.454822121498735,0.417639605055196,1.08903014942422,0.276140590557815,0.999431561618104
"K14652",1617.46344566486,-0.0408843550594627,0.178470742831511,-0.229081553709117,0.818805530277497,0.999431561618104
"K14656",2.6603239117731,-1.70925721558549,1.68392080278912,-1.01504608337542,0.310083860863013,0.999431561618104
"K14657",22.081328226921,-0.179958033522073,0.495593044101926,-0.363116544236772,0.716517826385626,0.999431561618104
"K14660",3.54453648355141,0.059482849391869,1.34611415129777,0.0441885625632285,0.964754098901624,0.999431561618104
"K14661",0.821357953991424,3.69616576312621,3.40303909384215,1.08613673284403,0.277418503012717,0.999431561618104
"K14665",47.5096829375949,-1.46769185174915,0.857441657122154,-1.71171045814964,0.0869500403577897,0.999431561618104
"K14667",8.1965102477391,0.907604486317256,1.46635615077281,0.618952282389869,0.535947794562103,0.999431561618104
"K14668",1.97118982010071,4.94215484201787,2.55099371825483,1.93734496743444,0.0527031889244474,0.999431561618104
"K14670",11.8247448375204,-0.955848524303246,0.685930426729531,-1.39350652348324,0.163466673729373,0.999431561618104
"K14671",4.98034825424826,-0.148585802606538,1.30752883336112,-0.113638643229446,0.909524252890858,0.999431561618104
"K14672",23.8375053518679,-0.591512217992747,0.599085883954326,-0.987357962915787,0.323467184603312,0.999431561618104
"K14673",8.78987426991497,-0.856315249252253,0.949476633744133,-0.901881330007554,0.367119910079324,0.999431561618104
"K14677",3.80804368197587,1.68514126393263,1.46389184853559,1.15113781500892,0.249675543088077,0.999431561618104
"K14682",78.1076714701765,0.418475545549268,0.405093864952269,1.03303353063265,0.301588207360623,0.999431561618104
"K14696",28.2229075401013,-0.185468515274835,0.744124745949589,-0.249243848271913,0.803172163382203,0.999431561618104
"K14727",18.2036763644328,1.24150128784113,0.623889280646197,1.98993848164091,0.046597712642634,0.999431561618104
"K14728",40.0670693849745,-0.0809303475482323,0.428662321588227,-0.188797436752498,0.850251580890193,0.999431561618104
"K14730",3.75743344719466,0.619122783213758,1.2608679005305,0.49102906256339,0.623405892394048,0.999431561618104
"K14731",382.926123124502,0.15197011161665,0.328047433923438,0.463256516897851,0.643180509917525,0.999431561618104
"K14733",131.215703242301,0.0749746914328428,0.329937609887507,0.227238996664871,0.820237905788501,0.999431561618104
"K14742",326.646338452911,0.146860386837849,0.239537841086691,0.613098899829772,0.539810947628504,0.999431561618104
"K14743",10.3093795216295,0.0318410712260896,0.887296694400556,0.0358854838827062,0.971373670596477,0.999431561618104
"K14744",5.53959543167492,0.882885475381825,1.82383442378471,0.484082032813986,0.62832765196273,0.999431561618104
"K14761",37.6626123347248,-0.377046793365822,0.426758528684436,-0.883513200141869,0.376959053721509,0.999431561618104
"K14940",0.200542578917755,1.62272230958218,3.81694647031143,0.425136250194722,0.670737353439905,0.999431561618104
"K14941",63.129291464318,0.339739250326374,0.326468156850562,1.04065049897619,0.298037784960777,0.999431561618104
"K14949",57.7043258816679,0.071761993661442,0.371382367810863,0.193229404197209,0.846779311443865,0.999431561618104
"K14952",139.574643278383,0.28204557197773,0.326172412452844,0.864713143140231,0.387196253839766,0.999431561618104
"K14953",0.463477938055238,1.60506098154785,3.79152066238843,0.423329087315788,0.672055174950478,0.999431561618104
"K14954",97.6989636429145,-0.245802097004669,0.303719676046801,-0.809305805287351,0.418339267842673,0.999431561618104
"K14956",70.176384757989,-0.467875018010095,0.371783071061264,-1.25846240571023,0.208224575017464,0.999431561618104
"K14974",3.63341626854059,0.121464992867571,1.6283421652864,0.0745942686107423,0.94053753440588,0.999431561618104
"K14977",59.6322277915001,0.396329764016329,0.519429378294692,0.763009911602413,0.445457484793034,0.999431561618104
"K14980",99.5662176051227,-0.116603906632032,0.353539223655347,-0.329818868261433,0.74153682959517,0.999431561618104
"K14981",216.785550100373,-0.238119169309334,0.277708985736291,-0.857441356022412,0.391201011803017,0.999431561618104
"K14982",35.5071891347994,0.0745764881645885,0.659834994966541,0.113022935633128,0.910012371714548,0.999431561618104
"K14983",5.19885575017221,-0.818487234971206,1.12953798064244,-0.724621260194968,0.468684412492667,0.999431561618104
"K14986",73.3581411181468,0.493547987629453,0.366218203595152,1.34768829835412,0.177758657282774,0.999431561618104
"K14987",96.05682179661,-0.552256635005199,0.300245806585972,-1.83934837020635,0.0658639628197394,0.999431561618104
"K14998",197.078016144376,-0.172240253721753,0.236610927742056,-0.727947163579537,0.466645930553918,0.999431561618104
"K15011",37.3757226686474,0.233470833211133,0.561196586925386,0.416023259318529,0.67739298334275,0.999431561618104
"K15012",349.062931858242,-0.282719311748718,0.291479626725026,-0.969945360934018,0.332073727981085,0.999431561618104
"K15013",3.22715777420971,-1.47232729425085,1.77886316167665,-0.827678781578183,0.407852438801091,0.999431561618104
"K15016",17.8427207396982,-0.214757679960618,0.657441439463024,-0.326656743961902,0.743927520236256,0.999431561618104
"K15019",6.9883093704097,0.707568083546156,1.11668401317239,0.633633216916953,0.526320217737703,0.999431561618104
"K15020",0.226984748292652,-0.830065403632557,3.80578483127173,-0.218106235752478,0.827346338934859,0.999431561618104
"K15022",65.116059387768,0.145352953992951,0.435727900170823,0.333586520247996,0.738691591439088,0.999431561618104
"K15024",78.3821167449951,-0.692974076945549,0.386932831473203,-1.79094152932727,0.073302678434883,0.999431561618104
"K15034",46.4265858978831,-0.117056441789789,0.410022588295364,-0.285487788066609,0.775270459008681,0.999431561618104
"K15051",0.202067916337719,-0.724534106872734,3.80982806189747,-0.190175014489206,0.849171989367454,0.999431561618104
"K15054",21.5223156701859,1.25239046553172,0.537351479756195,2.33067277696891,0.0197706207148653,0.999431561618104
"K15060",15.859118837989,-0.171969837470257,0.653441679333995,-0.26317549508861,0.792415317320019,0.999431561618104
"K15063",0.715096912111202,2.59121243441431,3.65793705296852,0.708380815987927,0.47870880243495,0.999431561618104
"K15064",11.1532782254126,-1.28114190086418,0.955287447833146,-1.34110618094078,0.179885980799755,0.999431561618104
"K15066",255.829575337721,-0.234155461614789,0.372454241260887,-0.628682494853841,0.529556940583873,0.999431561618104
"K15067",10.1759293533133,-0.413167272206077,0.808945952480546,-0.510747684612482,0.609527746006618,0.999431561618104
"K15125",1.39113373882827,-2.19555564519307,2.03677828346654,-1.07795515251483,0.281053770660368,0.999431561618104
"K15171",1.28103051593336,3.42103070301228,2.60049049583275,1.31553286139458,0.188330880761998,0.999431561618104
"K15172",10.5304788831328,-0.126245788076422,1.0917551271393,-0.115635626468016,0.90794132645555,0.999431561618104
"K15223",104.300556629303,0.0721224298364688,0.410595729317426,0.175653141732295,0.860566450290165,0.999431561618104
"K15255",19.9977732486381,-0.0228170737246619,0.604900642220978,-0.0377203661759819,0.969910637690788,0.999431561618104
"K15256",55.197382667843,-0.215654659955504,0.474990763127654,-0.454018639300459,0.649815411187818,0.999431561618104
"K15257",53.2854317565278,-0.548658689981959,0.404037299807224,-1.35794069073261,0.174482504389224,0.999431561618104
"K15268",109.638282311077,-0.308403761569684,0.286293749088275,-1.07722841505209,0.281378233791693,0.999431561618104
"K15269",81.4205058335286,0.0649218826297621,0.427657937959058,0.151807968161642,0.879338397295636,0.999431561618104
"K15270",189.277095570358,-0.0477787566318648,0.32898882225438,-0.145229118437712,0.884529976457264,0.999431561618104
"K15303",3.47073715643124,1.1048688685723,1.33881603026757,0.825258171095759,0.409225034025979,0.999431561618104
"K15314",4.24020163428648,-1.50517096303331,1.53184489831001,-0.982587052183855,0.325810719465879,0.999431561618104
"K15329",3.18321508422608,0.964707464742734,1.60246893585625,0.60201320796728,0.547165345565451,0.999431561618104
"K15333",457.328890133967,0.0806225694402337,0.36514837452896,0.220793997903555,0.825252837237518,0.999431561618104
"K15342",0.350759832013089,0.901389802766245,3.81694647031143,0.236154687988773,0.813312638879262,0.999431561618104
"K15357",21.4946813347662,0.766813441078699,0.618090640258517,1.24061649074314,0.214747457054254,0.999431561618104
"K15358",24.7132795267442,-0.203886025279771,0.516748817983156,-0.394555378134251,0.693171050209076,0.999431561618104
"K15363",0.404135832675437,-1.6052574418564,3.75828403707027,-0.427125099120438,0.669288212568113,0.999431561618104
"K15371",1179.1310741584,-0.0382646581743006,0.250312204349888,-0.152867728817624,0.878502585421376,0.999431561618104
"K15372",193.708160977306,0.14700997748117,0.357141311043994,0.41162971892395,0.680610845360295,0.999431561618104
"K15376",7.62865210113068,-0.864719571003232,1.31527636635126,-0.657443251567022,0.510895948720097,0.999431561618104
"K15383",51.9784875909171,-0.500651577741622,0.470475627892299,-1.06413924135562,0.287265626380858,0.999431561618104
"K15396",0.113492374146326,-0.060392878424755,3.81694647031143,-0.0158223016472713,0.987376156521306,0.999431561618104
"K15408",41.5688540233154,-0.070580548765082,0.415480923425007,-0.169876749534619,0.865107066518239,0.999431561618104
"K15429",2.65060913488331,-0.116608347054021,1.68749402529414,-0.0691014873570855,0.944908837120744,0.999431561618104
"K15449",8.53141707366678,0.138292089092821,0.870883199590613,0.158795219792769,0.873830215077629,0.999431561618104
"K15460",51.2551190641295,0.819779753530221,0.61283784915053,1.33767807368056,0.181001401552524,0.999431561618104
"K15461",11.3425425070196,-0.427554160819108,0.862181048623957,-0.495898351629841,0.619966129203417,0.999431561618104
"K15495",0.925091228557929,-2.76935506349016,3.41578183338613,-0.810752910628617,0.417507581514168,0.999431561618104
"K15496",0.315560290484045,-1.24660761453635,3.78051565677572,-0.329745391293933,0.741592352881727,0.999431561618104
"K15509",106.854879149378,-0.417232824284489,0.446868958157466,-0.93368048209217,0.350468735939137,0.999431561618104
"K15510",323.259772882923,-0.179820418162839,0.210285679643741,-0.855124412025985,0.392482276293363,0.999431561618104
"K15511",20.9977712098652,-0.0196166825742346,0.819434180768247,-0.0239393023071643,0.980901024549404,0.999431561618104
"K15512",322.277492008454,0.0328773802016674,0.447728414220138,0.0734315249098808,0.941462732053258,0.999431561618104
"K15513",155.565237238972,0.0665500092153798,0.405116803832858,0.164273633149112,0.869515737398491,0.999431561618104
"K15514",5.64483593788729,2.86338527439421,1.27913271054393,2.23853651055222,0.0251860892532003,0.999431561618104
"K15515",7.22535079565391,-0.583752189629962,1.64699604932089,-0.354434480805622,0.723013297611497,0.999431561618104
"K15518",282.36360897813,0.599032651578445,0.642996936964725,0.93162598006483,0.35152985184511,0.999431561618104
"K15519",14.9942286144725,-0.932966218477096,0.941801848965211,-0.990618376362477,0.321871961107341,0.999431561618104
"K15520",193.896321665178,0.106281746858818,0.277237482790495,0.383359947540478,0.701452896252587,0.999431561618104
"K15521",556.046116423952,-0.0760070025662477,0.23966443605695,-0.317139262782345,0.751137933975275,0.999431561618104
"K15523",24.4692255453929,0.812842394457352,0.588380098957781,1.38149199114173,0.167127738634169,0.999431561618104
"K15525",220.655870105995,0.0351092027294283,0.261817884642554,0.134097801520935,0.893325238074992,0.999431561618104
"K15526",236.019463681372,0.0451155272874733,0.29072986594633,0.155180229387929,0.876679234135397,0.999431561618104
"K15530",3.03115244779601,1.121003846199,1.84368679158394,0.608022930638847,0.54317226556029,0.999431561618104
"K15531",43.7796987047329,-0.780397748387458,0.64918566178599,-1.2021179676712,0.229317825891666,0.999431561618104
"K15532",135.144037971153,0.596670082067924,0.695460391643034,0.857949768581764,0.390920201026758,0.999431561618104
"K15537",64.291356299109,-0.382821016611543,0.309272933905698,-1.23780963234329,0.215786655995938,0.999431561618104
"K15538",14.2577779613044,0.395954966070025,0.675954538549696,0.585771591858192,0.558029016549339,0.999431561618104
"K15539",577.04891779334,-0.132727745191364,0.268159630463488,-0.494957965753299,0.620629792134934,0.999431561618104
"K15540",0.836283849391123,-1.37113731451706,2.57172153238278,-0.533159324309369,0.59392329579603,0.999431561618104
"K15546",32.9109949524205,-0.109785199867182,0.50586729341819,-0.217023716092324,0.828189862604641,0.999431561618104
"K15550",41.9879101756146,0.0245522935613209,0.560754528586582,0.0437843874809296,0.965076272134661,0.999431561618104
"K15551",4.8061061518701,0.861151625122419,1.35091990146593,0.637455724938209,0.523828040666058,0.999431561618104
"K15552",9.84780899630241,0.0564746834191953,0.70170705929348,0.0804818516092133,0.935854029725564,0.999431561618104
"K15553",451.127393996793,-0.115429285423009,0.267848331697298,-0.430950175017177,0.666504599322861,0.999431561618104
"K15554",230.792198547045,-0.4060938652704,0.246037731827111,-1.65053490883162,0.0988335795160045,0.999431561618104
"K15555",47.691724750551,-0.358282638719678,0.438791710682339,-0.816520982501091,0.414202227775804,0.999431561618104
"K15576",3.23095226360799,0.052020368177023,1.51195500026675,0.0344060293909841,0.972553375561202,0.999431561618104
"K15577",9.4414865153052,0.160316400306216,0.768455086603984,0.208621691886638,0.834743575486164,0.999431561618104
"K15578",5.17595120164411,0.832576847012749,1.21444372116083,0.685562313432628,0.492989153378,0.999431561618104
"K15580",3381.99357046325,-0.170909020203452,0.263754397874295,-0.647985480359295,0.516994341391554,0.999431561618104
"K15581",595.212450397626,0.0362260623835067,0.261719599849418,0.138415550093877,0.889912008109734,0.999431561618104
"K15582",693.206748264149,0.146593487304258,0.397542644623472,0.36874908714033,0.712314756850258,0.999431561618104
"K15583",55.6421739173756,-0.689117661163731,0.326450251682286,-2.11094234914056,0.0347772674419337,0.999431561618104
"K15584",42.1123549773152,0.305823469233298,0.55643695617088,0.549610276315616,0.582586708905732,0.999431561618104
"K15586",9.78015443214486,0.0981682358777201,1.26280314410384,0.0777383524392366,0.938036185567703,0.999431561618104
"K15598",133.169834393094,0.46323403859813,0.274788814471712,1.68578200495063,0.0918377950398878,0.999431561618104
"K15599",66.0541786989088,0.289515150709149,0.633580249584457,0.456951034851593,0.647706240506451,0.999431561618104
"K15600",50.9387455381586,1.25455234630817,0.629551583492455,1.99277132994966,0.0462864925321678,0.999431561618104
"K15620",40.346734228741,0.476589061814801,0.531079950378878,0.897396072803722,0.369507607388261,0.999431561618104
"K15629",23.5206624062664,-0.393192892702984,0.537399039876042,-0.731659090410133,0.464376671931518,0.999431561618104
"K15631",17.435986770323,-0.0128274127441504,0.632315862016433,-0.020286400381044,0.983814904479729,0.999431561618104
"K15633",2244.99609411816,0.583221694376647,0.58373786007205,0.999115757721558,0.317738618545556,0.999431561618104
"K15634",36.8620066901824,-0.0511213971821234,0.511947481924033,-0.099856721611357,0.920458075703189,0.999431561618104
"K15635",46.8289319322565,0.355615281880382,0.426469576270514,0.83385850167847,0.404360724338441,0.999431561618104
"K15650",0.741739156496868,-2.47072737913755,3.00332449468089,-0.822664145520539,0.410699010019998,0.999431561618104
"K15724",1014.7375220575,0.0766539131000066,0.235378247853345,0.325662688880949,0.744679576506656,0.999431561618104
"K15725",37.8491151031472,0.466484904867215,0.492629563834801,0.94692835979216,0.343675285588405,0.999431561618104
"K15726",13.7097127348614,-0.39657942693038,0.730413681794446,-0.542951805004641,0.58716298592173,0.999431561618104
"K15727",16.8631858166698,0.11412402493896,0.664759937428097,0.171677049884349,0.863691429451732,0.999431561618104
"K15735",75.423308854164,-0.18206727905159,0.364714337554824,-0.499205159501639,0.617634860179727,0.999431561618104
"K15736",65.5298061975476,0.474750834385146,0.447391449031153,1.0611531253296,0.288620317937457,0.999431561618104
"K15738",463.440915463,0.0379795525386759,0.294990104080385,0.128748564827539,0.897556605993389,0.999431561618104
"K15739",2.5218342702594,-1.40161688275056,1.79589562658682,-0.780455646754032,0.435122724571492,0.999431561618104
"K15740",3.71375297811108,2.12568546871552,1.53318484115891,1.3864508777094,0.165609269994955,0.999431561618104
"K15745",21.8800090505321,0.454239827280999,0.781519897088284,0.581226183713767,0.561088022859295,0.999431561618104
"K15746",0.49041176934269,1.02457889781259,3.78606454421377,0.270618444521356,0.786684508324432,0.999431561618104
"K15754",2.94319850785835,-3.41057028693524,2.45448419986435,-1.38952627485797,0.164672776857081,0.999431561618104
"K15760",0.710131770719517,-2.4106108486105,3.65499333488427,-0.659539054586766,0.509549675728938,0.999431561618104
"K15765",1.81403523477958,-0.634561246946174,2.4587221910157,-0.258085785073602,0.796340701919052,0.999431561618104
"K15770",388.191503459447,-0.0996291587944015,0.393842516091839,-0.252966997527431,0.800293716062398,0.999431561618104
"K15771",110.42172549635,-0.271882974990701,0.572788100289091,-0.474665892768162,0.635025132034186,0.999431561618104
"K15772",107.604336590373,-0.194191400040525,0.486665763824328,-0.399024164992676,0.689875398748301,0.999431561618104
"K15773",15.1393683949874,-0.234468787672606,0.802192440180817,-0.292284962969429,0.770068754903915,0.999431561618104
"K15777",742.11541808554,-0.0314387335493967,0.336124382826299,-0.0935330346612893,0.925480106852226,0.999431561618104
"K15778",118.158555692342,-0.163465201208129,0.298152021868958,-0.548261253381584,0.583512528334444,0.999431561618104
"K15781",25.7421634891427,0.769616736351629,0.600772730188787,1.28104472403364,0.200177957461141,0.999431561618104
"K15782",8.82742005181135,-0.330422094166501,0.894855039407983,-0.369246503193524,0.711943996552136,0.999431561618104
"K15783",28.681236795782,0.269874488750106,0.840267348089499,0.321176931798807,0.74807631258705,0.999431561618104
"K15784",1.88035794469441,1.37634270785198,2.00907634955459,0.68506242092647,0.493304532415518,0.999431561618104
"K15785",52.4710879346454,0.609464704903151,0.453423250680923,1.34414083086365,0.178902850793279,0.999431561618104
"K15786",37.9036315332438,0.657659920740544,0.562542621823647,1.16908460839562,0.242369544504533,0.999431561618104
"K15789",1105.92083355802,-0.132907275205007,0.410928810987622,-0.323431386778598,0.746368562575028,0.999431561618104
"K15836",57.4106257119072,0.261548066900802,0.459193847897052,0.569580947346314,0.568961953918409,0.999431561618104
"K15855",9.47046049897021,-1.98866107707079,1.09356010504978,-1.81852014158862,0.0689846710993221,0.999431561618104
"K15856",22.5062262342933,0.693875459703349,0.62309066065515,1.11360272833133,0.26544965544756,0.999431561618104
"K15861",207.96425567097,0.153640721002514,0.414860960653987,0.370342682426216,0.711127175066367,0.999431561618104
"K15862",101.50533136048,0.0814501875033244,0.480221809731845,0.169609513463801,0.865317240297173,0.999431561618104
"K15864",6.12316728977412,-0.317122378426797,1.33778899942273,-0.23704962334392,0.812618293283889,0.999431561618104
"K15865",15.2767210712498,0.330968280876209,0.714442605603828,0.463253840518769,0.6431824280859,0.999431561618104
"K15866",192.520422205786,0.0910356584384495,0.313251411702085,0.290615317402075,0.77134554388522,0.999431561618104
"K15868",2.0465601537565,0.427965487348891,1.47347386555632,0.290446608761065,0.771474591021536,0.999431561618104
"K15876",11.7564588902672,0.738390258953285,0.74444738180722,0.991863598419501,0.321264068368066,0.999431561618104
"K15878",3.69755174141811,-2.94835705180568,2.36822508931885,-1.24496487479309,0.21314466197595,0.999431561618104
"K15885",0.113492374146326,-0.060392878424755,3.81694647031143,-0.0158223016472713,0.987376156521306,0.999431561618104
"K15888",4.52347124919383,-0.698525156107835,1.44763448329484,-0.482528679834967,0.629430429844351,0.999431561618104
"K15891",3.26059816207086,-0.834786979942357,1.61038068111652,-0.518378660233043,0.604194100641774,0.999431561618104
"K15894",91.4920068656286,-0.529193390847828,0.34416747236911,-1.53760431572767,0.124145391604576,0.999431561618104
"K15897",1.22814910667308,4.26913466846181,2.9273300062301,1.45837150556173,0.144738170360108,0.999431561618104
"K15898",6.00067075121625,1.01409866638624,0.926036683853506,1.09509556594052,0.273474771056689,0.999431561618104
"K15916",130.246997818971,0.35628392654092,0.26179752237941,1.36091405030402,0.173540852809526,0.999431561618104
"K15921",11.372537090559,-0.153314611434239,0.766805977470954,-0.19993924922168,0.841528093706437,0.999431561618104
"K15922",9.72864365578991,-0.332009630919643,0.791646342316237,-0.419391353401865,0.674930142271077,0.999431561618104
"K15923",151.282268848562,-1.26271236379365,0.758118138139433,-1.66558785533424,0.095795531707042,0.999431561618104
"K15924",3.64138826814406,0.540930335073925,1.59987772072359,0.338107299118631,0.735282330228673,0.999431561618104
"K15926",0.150217253095333,-0.060392878424755,3.81694647031143,-0.0158223016472713,0.987376156521306,0.999431561618104
"K15973",101.588691473204,0.53414893665748,0.373285041055419,1.43094117874972,0.152447073944812,0.999431561618104
"K15974",3.9193767487863,-1.75978596457871,1.3779874928604,-1.27706962051287,0.201577669084151,0.999431561618104
"K15975",974.160669447601,0.086722322401721,0.347579335989682,0.249503677066393,0.802971196940119,0.999431561618104
"K15977",1427.6184512306,-0.0392049872099849,0.404104727082929,-0.097016898300077,0.922712974850016,0.999431561618104
"K15981",34.1696888301415,-0.0697268436932009,0.633916077892864,-0.109993808525843,0.912414285201411,0.999431561618104
"K15982",28.029505988423,-0.595904357925569,0.69892838295469,-0.852597165114983,0.393882735216157,0.999431561618104
"K15983",6.0872951384504,0.99610154058633,0.936417141208859,1.06373697869351,0.287447867704135,0.999431561618104
"K15984",3.07951696187589,0.041231219212165,1.33239675786166,0.0309451512613527,0.975313281649792,0.999431561618104
"K15986",740.279810955905,0.300908715367808,0.516725756306625,0.582337365024337,0.560339461955021,0.999431561618104
"K15987",1033.08440302666,0.195432984487808,0.312404828105425,0.625576069592164,0.531593039063407,0.999431561618104
"K16011",102.411330997093,0.0226568048660717,0.351561629414136,0.0644461823203754,0.948614958254921,0.999431561618104
"K16012",48.6574929350127,0.212006241607031,0.591444963363682,0.358454724850987,0.72000304412309,0.999431561618104
"K16013",49.982285946718,-0.0277045505385546,0.362318134002196,-0.0764647086043632,0.939049390199677,0.999431561618104
"K16014",33.3744206181653,0.0430799048386809,0.612849983816675,0.0702943721567718,0.943959361796712,0.999431561618104
"K16020",0.477585590573452,-1.81697621611385,3.74747208496385,-0.484853836111063,0.627780030788703,0.999431561618104
"K16043",0.0885755421913926,-0.0603928784247551,3.81694647031143,-0.0158223016472713,0.987376156521306,0.999431561618104
"K16044",349.574712321097,-0.390262623999666,0.317826672601162,-1.2279102342345,0.219480667222997,0.999431561618104
"K16045",2.70622043536178,-0.854952983249833,1.9190826684037,-0.445500862118141,0.655957836903697,0.999431561618104
"K16046",2.59700339301396,1.18579504137195,1.59480533895691,0.743535911503485,0.4571572879784,0.999431561618104
"K16047",20.6636462960248,-0.063900552745567,0.59886474447871,-0.106702812838298,0.915024751027254,0.999431561618104
"K16048",62.8073133667905,-0.442202523414382,0.340137917496778,-1.3000682977915,0.193577562017643,0.999431561618104
"K16049",11.8628402425994,0.0170689164664472,0.945032089003995,0.018061732151801,0.985589606286902,0.999431561618104
"K16050",11.1013891655874,0.24032835889902,0.980128961716033,0.245200752437972,0.806300993808578,0.999431561618104
"K16051",4.33090246793154,1.02001401737151,1.46621479110458,0.695678439175391,0.486630231011081,0.999431561618104
"K16052",23.0093740604779,0.343450542520122,0.703652875237573,0.488096552443082,0.625481452932669,0.999431561618104
"K16055",3.05587827275035,-0.850928725903229,1.52264482242177,-0.558849124479222,0.576264693041475,0.999431561618104
"K16066",9.17942092987218,1.16474640523181,0.917465038330687,1.26952674660066,0.204253257307966,0.999431561618104
"K16074",6.74626395727422,0.308473456602943,1.0975533203858,0.281055554088718,0.778667790322046,0.999431561618104
"K16079",1638.98805675439,-0.302206955538224,0.287679067966626,-1.05050032897522,0.293488139782563,0.999431561618104
"K16080",9.0873634370012,0.000126394370796104,0.815874807617217,0.000154918830212741,0.99987639265769,0.99987639265769
"K16081",0.200542578917755,1.62272230958218,3.81694647031143,0.425136250194722,0.670737353439905,0.999431561618104
"K16087",0.938739398662142,-0.00289916298081921,2.91952426783503,-0.000993025820254297,0.999207680159758,0.999598416808778
"K16090",66.3025549753468,-0.20529772346257,0.49663187500019,-0.413380078478635,0.679328167947133,0.999431561618104
"K16092",19.0869989203322,0.0836050146947009,0.55365771696336,0.151004875635525,0.879971869803536,0.999431561618104
"K16124",2.87590425778331,1.60376554555862,1.58406041542783,1.0124396329451,0.311327896537665,0.999431561618104
"K16135",12.5121369078919,-2.01050649593663,0.765738583698046,-2.62557815256888,0.00865019484926738,0.999431561618104
"K16137",1063.12687043983,0.106870615702275,0.259860625000743,0.411261289400692,0.680880951335167,0.999431561618104
"K16138",47.3367594621343,0.0596193198024445,0.452638876457709,0.13171497832669,0.895209737750378,0.999431561618104
"K16139",37.9426754000293,-0.615727459767539,0.475501790879736,-1.29490040117066,0.19535459009933,0.999431561618104
"K16146",143.633984239927,-0.0853732631801654,0.367179664346824,-0.232510869936209,0.816141245545479,0.999431561618104
"K16147",802.439263517743,-0.123909112021448,0.255396132784928,-0.485164401944147,0.627559731368219,0.999431561618104
"K16148",169.338930252622,-0.110403448663595,0.319956998714094,-0.345057145514261,0.730051409969677,0.999431561618104
"K16149",60.2491203575585,0.295995589933115,0.36807518562982,0.804171542905376,0.421297911109844,0.999431561618104
"K16150",84.0140705510833,-0.0944904529253278,0.337291625399575,-0.280144675437432,0.779366510320716,0.999431561618104
"K16163",49.7941485622254,0.0941175648306096,0.556774407693056,0.169040752466654,0.865764586787129,0.999431561618104
"K16164",63.429815819338,-0.397967470993646,0.54665732214117,-0.728001720410275,0.466612533149751,0.999431561618104
"K16165",121.09544466573,-0.380902639371449,0.364147798865364,-1.0460110992248,0.29555590795597,0.999431561618104
"K16167",53.904599939916,0.0496410845277688,0.542825949063423,0.0914493579634837,0.927135544036698,0.999431561618104
"K16168",22.4928414901414,-0.711218368007375,0.556658564937291,-1.27765638185679,0.201370611134095,0.999431561618104
"K16169",39.9823906204616,0.652555840260706,0.86220109625803,0.756848771235402,0.449140469783309,0.999431561618104
"K16170",1.50241752988663,0.555473214061532,2.61697359560856,0.212257859610677,0.831905869497735,0.999431561618104
"K16171",96.0544950667441,0.239216301478838,0.427270966724714,0.559870246538335,0.575567944656633,0.999431561618104
"K16173",71.1719774200266,-0.255362925663498,0.421640264614038,-0.605641697661993,0.544752706968628,0.999431561618104
"K16188",57.5011190829944,0.146243575315908,0.768690250061227,0.19025033204761,0.849112972015384,0.999431561618104
"K16190",2.08731131022961,-0.281580214812889,2.52489397823977,-0.11152159941749,0.911202738574862,0.999431561618104
"K16193",3.1837029071823,-0.77050406236846,1.38155572424986,-0.557707553046273,0.577044099204576,0.999431561618104
"K16199",9.92748355850663,0.282727989251007,1.2124890997015,0.233179819365478,0.815621775775519,0.999431561618104
"K16203",43.3194781200543,-0.339296830895039,0.405324078558735,-0.837100110364826,0.402536298379581,0.999431561618104
"K16210",4.53202810573195,0.428092085552353,1.68277263341395,0.254396866844604,0.799188971260495,0.999431561618104
"K16211",86.6246549488975,-0.221804812464705,0.364847739514196,-0.607938020282223,0.543228581892742,0.999431561618104
"K16212",2.9914560210007,-1.35178672063682,1.99038298542105,-0.679159101810178,0.49703705790823,0.999431561618104
"K16213",0.237219734635964,-0.873927059337839,3.80302396467111,-0.229797936446455,0.818248788296786,0.999431561618104
"K16216",11.0613380741876,0.441841599358144,0.824873703409062,0.53564757554046,0.592202141640731,0.999431561618104
"K16217",6.10891691396844,0.90406874116741,1.1250908528869,0.803551765484218,0.421655889376754,0.999431561618104
"K16218",0.554844747683326,-0.475508616952904,3.76803038567061,-0.126195536734844,0.899577144291889,0.999431561618104
"K16235",10.1954229155743,0.185164980255616,0.974908029515876,0.189930716180034,0.84936342251645,0.999431561618104
"K16238",101.315599961068,0.213453219818907,0.550487076191043,0.387753371606547,0.698198554963152,0.999431561618104
"K16239",6.50624219749939,-0.961217393949776,0.926311805625961,-1.0376823312753,0.299417973461014,0.999431561618104
"K16242",56.8869955015628,0.297158181030074,0.613450387772735,0.484404585852446,0.628098764504088,0.999431561618104
"K16243",8.52552695478692,0.0730035713990352,0.994178933057006,0.0734310182720892,0.94146313520334,0.999431561618104
"K16244",6.66533183356319,-0.712101510286979,1.16318504062349,-0.612199680547195,0.540405652919139,0.999431561618104
"K16245",2.176269320845,-0.843717768280549,2.40946442393791,-0.350168178412702,0.726212486712083,0.999431561618104
"K16247",35.5673782911043,0.214720874381643,0.694351315494241,0.309239529889569,0.757139326027604,0.999431561618104
"K16248",72.1247420477703,-1.79006985728243,0.850169122754479,-2.10554560189477,0.0352438421655117,0.999431561618104
"K16254",25.1072715495839,-0.0457085957992806,0.629598678443308,-0.0725995739258789,0.94212476578509,0.999431561618104
"K16255",1.87666289796013,-3.80792423150093,2.05833767959538,-1.84999976886663,0.0643135829044286,0.999431561618104
"K16259",0.464204482928616,-1.78766006347153,3.7488784937838,-0.476851961576171,0.63346754152653,0.999431561618104
"K16263",7.04756417153914,0.819156218632745,0.957601795572076,0.855424689490454,0.392316080213289,0.999431561618104
"K16264",241.591454941919,0.351668985984659,0.397447708298548,0.884818250657764,0.376254664450309,0.999431561618104
"K16267",81.4836092397777,0.25788863348314,0.520802534674533,0.495175457708368,0.620476273035895,0.999431561618104
"K16291",11.9944934719116,-0.0434167711081511,0.979768893086631,-0.0443132777683647,0.964654687943158,0.999431561618104
"K16301",218.729726385983,-0.145181981013171,0.256773780164372,-0.565408122746153,0.571796200938405,0.999431561618104
"K16303",0.40108515783551,2.6353783060543,3.7610776917493,0.700697651589476,0.483491721943964,0.999431561618104
"K16306",1.48228018938959,4.53579524946863,2.7985589472451,1.62076101842831,0.105068901648606,0.999431561618104
"K16318",5.24049148426003,1.59346102878578,1.01100868251307,1.57611013272893,0.115000424261405,0.999431561618104
"K16319",12.5971510641977,0.433525410852325,0.934026872665267,0.464146614556442,0.642542706421544,0.999431561618104
"K16320",2.17781366551653,-4.02164238666482,1.88034187841427,-2.13878254419157,0.0324532838227427,0.999431561618104
"K16321",2.22548872348681,-0.424290152709731,2.91195887288429,-0.145706093812194,0.88415341054805,0.999431561618104
"K16322",3.15207637210805,1.48180910574004,1.83683112059905,0.806720383339749,0.419827597854961,0.999431561618104
"K16323",5.25014308980102,-0.54708643262478,1.29420979487671,-0.422718507301128,0.672500650969971,0.999431561618104
"K16326",9.53407991951111,1.07813790070064,0.936500566046636,1.15124105610733,0.24963307906917,0.999431561618104
"K16329",81.6801709382944,-0.168700546525502,0.292171887063478,-0.577401707676446,0.563668120885319,0.999431561618104
"K16331",40.9750667375157,-0.224641869508091,0.713434663831344,-0.314873780174489,0.752857490120103,0.999431561618104
"K16347",1.22089780772108,-3.18071049311146,3.14019597276689,-1.01290190825539,0.311107016833988,0.999431561618104
"K16348",0.654512075503059,-0.796735156494098,3.75030418516132,-0.212445475662083,0.831759510919585,0.999431561618104
"K16363",46.5942886859245,-0.233489827342601,0.514647619014952,-0.453688735196146,0.650052875910955,0.999431561618104
"K16370",9.08560828043882,0.628973594622555,1.13198257339721,0.555638937739944,0.578457707375939,0.999431561618104
"K16371",6.40638118073162,1.04699133059675,1.09603157009103,0.955256544763387,0.339447977152249,0.999431561618104
"K16421",0.38967316814323,2.59890514515267,3.76435381361847,0.690398744068767,0.489943466331164,0.999431561618104
"K16423",1.20004131802206,1.75119681798546,2.64815655270205,0.661289007327991,0.508426989747624,0.999431561618104
"K16424",0.150217253095333,-0.060392878424755,3.81694647031143,-0.0158223016472713,0.987376156521306,0.999431561618104
"K16427",1.83039679771323,0.125514027435331,2.13725407751785,0.0587267694354333,0.95316973720364,0.999431561618104
"K16438",1.0033683592938,1.86532778857991,2.81253543591245,0.663219301972904,0.507190111164187,0.999431561618104
"K16444",4.40465655715532,2.40103839539698,1.20139312669106,1.99854514068184,0.045657591140362,0.999431561618104
"K16509",222.576553161216,0.107659176687466,0.471215756962712,0.228471088024302,0.819280030180574,0.999431561618104
"K16511",61.8708985389158,0.543076113792952,0.720633561832943,0.753609244081873,0.451083891928376,0.999431561618104
"K16514",68.2377142824256,0.00182463367368489,0.471041103652755,0.00387361879788304,0.996909307096003,0.999431561618104
"K16515",13.9747238950157,0.118298570383935,0.788972000086423,0.14994013776278,0.880811844302099,0.999431561618104
"K16554",284.78873058985,-0.122794523269916,0.267913614893813,-0.458336256328689,0.646710879941779,0.999431561618104
"K16557",81.4197335673666,-0.269222758976633,0.330633811104266,-0.814262637198147,0.415494509006683,0.999431561618104
"K16558",1.47629819302718,-3.44933997934159,2.53772489398353,-1.35922533901106,0.17407519419303,0.999431561618104
"K16566",1047.5507590703,0.00856333054144387,0.232142032461226,0.0368883241464433,0.970574049393778,0.999431561618104
"K16567",18.0047018116401,-0.662759834105502,0.675197489771539,-0.981579232958574,0.326307182530361,0.999431561618104
"K16568",395.248781341124,0.13569466105066,0.250593916228768,0.541492240086082,0.588168344843803,0.999431561618104
"K16593",2.36759376839018,1.71455010716853,1.52420278923271,1.12488319748558,0.260638532975515,0.999431561618104
"K16639",42.0008717364885,1.09534155864073,0.458709655030552,2.38787552568036,0.0169460802073583,0.999431561618104
"K16645",8732.21124674953,0.0108003882959479,0.388381129424993,0.0278087360009949,0.977814698337229,0.999431561618104
"K16648",78.5985250602717,0.317257311832983,0.300908309052039,1.05433217458318,0.291730863051612,0.999431561618104
"K16649",140.960077493629,0.105783142563634,0.362911439790526,0.291484728683925,0.770680621808693,0.999431561618104
"K16650",1005.74392856822,-0.130660368281718,0.235578567897662,-0.55463605814294,0.579143620196172,0.999431561618104
"K16651",0.657837168795375,-2.26776532895929,3.18177480827662,-0.712735962036107,0.476009158767014,0.999431561618104
"K16652",98.2996058675382,0.0911395838330914,0.37239004251324,0.24474226866539,0.806655997439473,0.999431561618104
"K16653",310.539927298029,-0.0579337561467557,0.38659351084,-0.149857032056425,0.880877412266049,0.999431561618104
"K16692",20.398755961821,0.0986476737543755,0.744679646823247,0.132469947547512,0.894612591895887,0.999431561618104
"K16694",8.51394628492572,0.406069238656362,1.13400124525648,0.358085355157189,0.720279438280727,0.999431561618104
"K16697",4.98445590220107,0.384002834172068,1.02812543369435,0.373498039818192,0.708777803955542,0.999431561618104
"K16698",5.97599433461372,-0.106241820628185,1.46608553745008,-0.0724663179018658,0.942230809392786,0.999431561618104
"K16699",21.537165914797,-0.0909051398953433,0.694753567481989,-0.130845157405687,0.89589779960633,0.999431561618104
"K16703",110.624329839873,0.872867861728891,0.555743119054761,1.5706318833304,0.116268179648548,0.999431561618104
"K16705",4.64461764972592,0.432711171526702,1.46746269831508,0.294870303704166,0.7680929580427,0.999431561618104
"K16706",9.5292097685248,0.152232235263323,1.73044399191901,0.0879729340991282,0.929898188177687,0.999431561618104
"K16710",6.46899385054184,-1.33336895347982,1.24500437836922,-1.07097531273452,0.284180530130747,0.999431561618104
"K16783",8.55919782465482,-0.636703963825988,1.13695118545453,-0.560009938836071,0.575472658520548,0.999431561618104
"K16784",29.7165051214591,-0.544614443990416,0.568465002460716,-0.958043928180172,0.338040608024339,0.999431561618104
"K16785",372.98608823275,0.264815705144699,0.508961768212979,0.520305692261514,0.6028505291019,0.999431561618104
"K16786",112.078544312195,0.545475433520226,0.835031906637812,0.653239030968934,0.513602191233819,0.999431561618104
"K16787",118.087058926742,0.778161726571055,0.73671364056301,1.05626078265141,0.290849087850401,0.999431561618104
"K16789",12.0092876006253,-0.201503692075437,0.685136441546318,-0.294107392128571,0.768675842464037,0.999431561618104
"K16838",8.61750800468265,-0.322150096861918,1.53287865213528,-0.210160208319926,0.833542635147893,0.999431561618104
"K16839",0.350759832013089,0.901389802766245,3.81694647031143,0.236154687988773,0.813312638879262,0.999431561618104
"K16840",88.238926918802,0.512224728677669,0.630534865325206,0.812365432660861,0.416581975033155,0.999431561618104
"K16841",109.196938692799,-0.241766656632147,0.437775715010135,-0.552261462531218,0.5807692297792,0.999431561618104
"K16842",74.2111149195432,0.195843330118018,0.442267366068192,0.442816597252218,0.657898397338557,0.999431561618104
"K16843",3.06370353337893,-1.28287687271425,1.30239351266229,-0.985014790262471,0.324616806039433,0.999431561618104
"K16844",4.17428068862784,1.38768620786396,1.8321170453489,0.757422246240658,0.448796932410758,0.999431561618104
"K16845",77.0252059728056,-0.117958985166712,0.50463522112942,-0.233750995229205,0.815178295759487,0.999431561618104
"K16846",183.536287351787,-0.261851465629509,0.463560112296143,-0.564870571655715,0.572161801437876,0.999431561618104
"K16849",0.577696857074943,-2.10348656366315,3.73510288907585,-0.563166966515239,0.573321194511078,0.999431561618104
"K16850",6.43434094444557,-0.609904911498216,1.23902493782149,-0.492245872444327,0.622545539400894,0.999431561618104
"K16856",8.89064886317638,-0.1619906238045,1.02456531179216,-0.158106683820036,0.874372733932761,0.999431561618104
"K16862",12.887918958466,-0.0748695979480407,0.991872642146671,-0.0754830759178955,0.939830362578897,0.999431561618104
"K16868",81.1173845477327,-0.348720777965101,0.339629680945444,-1.02676767529372,0.3045298737687,0.999431561618104
"K16869",83.2904686673468,0.103404643090301,0.602639761301844,0.171586160971063,0.863762888030988,0.999431561618104
"K16870",329.378961824839,0.0567279546344823,0.26932051985413,0.2106336147918,0.833173179915323,0.999431561618104
"K16871",147.168623020567,0.337389931164503,0.289815107914993,1.16415577363021,0.244360889488837,0.999431561618104
"K16872",10.9732699512824,-0.884269038388822,0.945903993646541,-0.934840157487748,0.349870680844501,0.999431561618104
"K16873",25.3970873168513,0.420410971614763,0.569731086117718,0.737911238931234,0.460568388872333,0.999431561618104
"K16874",27.5619365117262,-0.0217317899419643,0.627412921929545,-0.0346371411591754,0.972369084895941,0.999431561618104
"K16876",16.8354241466822,-1.24553545995892,0.67734969039218,-1.8388366860222,0.0659392105406867,0.999431561618104
"K16877",7.7224129912527,0.843317608856952,1.06219014081791,0.793942229785319,0.42722906364852,0.999431561618104
"K16880",16.2610626324468,1.55509066217138,0.925913533551562,1.6795203934502,0.0930506677545987,0.999431561618104
"K16881",205.220635730599,0.359553898743481,0.281717780828673,1.27629110837752,0.201852632172937,0.999431561618104
"K16898",224.785073243568,-0.247690848919836,0.443889856611026,-0.558000695962925,0.576843908928828,0.999431561618104
"K16899",356.412830171028,0.0894468997487328,0.366244416090893,0.244227340592502,0.807054753340871,0.999431561618104
"K16904",0.352285169433052,-1.38100299202077,3.77155140275407,-0.366163110228944,0.714243367293685,0.999431561618104
"K16922",796.762069960786,-0.0481323649992586,0.282633992659105,-0.170299278393285,0.864774778730863,0.999431561618104
"K16923",8.77817389613072,1.4251573474987,1.10906127472873,1.28501227116354,0.198787995944785,0.999431561618104
"K16924",1.87956410975943,4.88769536948987,3.24115591292772,1.50800995101616,0.131551980200817,0.999431561618104
"K16925",232.001834727563,-0.195985311223035,0.207668387458652,-0.943741672102388,0.345301673404148,0.999431561618104
"K16927",61.7787756273622,0.0644292269046366,0.360985759274371,0.178481353486486,0.858344963843515,0.999431561618104
"K16928",2.6899495237019,-0.263710841741949,2.0267090081376,-0.130117762679843,0.89647325700574,0.999431561618104
"K16937",3059.02348921407,0.221583371356444,0.348798850726221,0.635275520246393,0.525248736384817,0.999431561618104
"K16951",2.48556519853856,0.620177321823667,1.68078139571926,0.368981548346014,0.712141478166372,0.999431561618104
"K16968",0.35430216876557,-1.43729179354141,3.76803072382159,-0.381443756404322,0.702873997874643,0.999431561618104
"K17067",32.80830235284,0.45488864504136,0.872122173696967,0.521588211790403,0.601957072700473,0.999431561618104
"K17069",37.6401413563705,0.445810392340538,0.629081779449293,0.708668422618767,0.478530264917859,0.999431561618104
"K17103",763.57994172914,-0.0982933118389973,0.259412896245859,-0.378906805565439,0.704757070275321,0.999431561618104
"K17104",1.29429442401453,-0.803193869470231,2.70262671838723,-0.297190086964556,0.766321389629148,0.999431561618104
"K17105",3.61121259489205,0.209682220484491,1.31104152206785,0.159935606123114,0.872931799899981,0.999431561618104
"K17108",25.4209911210679,0.585805574241017,0.715128116953953,0.81916171431802,0.412694155196888,0.999431561618104
"K17195",1.02654886048859,-2.93345357263032,3.38697081397903,-0.866099453979082,0.386435624612372,0.999431561618104
"K17202",175.102638916376,-0.36697467856165,0.286723517530589,-1.27989040355749,0.200583683118081,0.999431561618104
"K17203",117.744122088413,0.106726908635839,0.393619614895787,0.271142251546828,0.786281626250029,0.999431561618104
"K17204",28.3981995674362,0.544335737090403,0.583752854637751,0.932476360099672,0.351090398173076,0.999431561618104
"K17208",156.846592684902,3.29323197710938,1.55083542693053,2.12352124533772,0.0337101971258016,0.999431561618104
"K17209",74.6535352428844,3.33346951068177,0.908311434659506,3.66996316844935,0.00024258541919551,0.999431561618104
"K17210",0.952688179606551,-0.138294655925218,2.92904404170551,-0.0472149458854475,0.962341915712797,0.999431561618104
"K17213",5.83769011526346,1.19885210147522,1.2028310169833,0.996692041149669,0.318914014044325,0.999431561618104
"K17214",158.081769693956,0.641142638758731,1.24987772071123,0.512964290933913,0.607976299753575,0.999431561618104
"K17215",11.2852418676442,0.101637442102584,1.15736441114066,0.0878180123081658,0.930021321323279,0.999431561618104
"K17216",23.0464902548007,0.741650920883244,1.02817163578733,0.721329878270098,0.470706578281213,0.999431561618104
"K17217",55.1373189657772,0.575182249405457,0.65474254889506,0.87848613226089,0.379679960212767,0.999431561618104
"K17218",145.795051089719,0.206235169829227,0.461380246882005,0.44699609752034,0.654877877583447,0.999431561618104
"K17222",26.024051712155,-0.0812291472581318,0.519728774621779,-0.156291418186812,0.87580332050999,0.999431561618104
"K17223",44.0668188280869,-0.518768907321169,0.500305900773397,-1.03690343551661,0.299780862681132,0.999431561618104
"K17224",33.182473344445,-0.42208420753423,0.543932333525646,-0.775986609949027,0.437756891991433,0.999431561618104
"K17225",32.9915000362936,-0.99513886143776,0.702109107490078,-1.41735643480714,0.156378743015712,0.999431561618104
"K17226",135.575828251698,0.0191677572115628,0.427976926895477,0.044786893888427,0.964277171772769,0.999431561618104
"K17227",57.6527912523369,-0.367202159068565,0.440854922072152,-0.832931970777605,0.404883097511805,0.999431561618104
"K17228",26.9750914377983,0.378676073780644,0.523123442725636,0.723875175250462,0.469142371811308,0.999431561618104
"K17229",20.7073388487176,-0.502816117889773,0.619236536359655,-0.811993621768039,0.416795291372581,0.999431561618104
"K17230",57.93772005348,0.316286512479608,0.406013115990972,0.779005652828812,0.435976384851281,0.999431561618104
"K17231",6.68337989057896,0.963030402157413,1.15311809077732,0.835153320253807,0.403631388407503,0.999431561618104
"K17234",11.1417601063925,1.2886031151038,0.9823987228212,1.31169054394051,0.189624568600347,0.999431561618104
"K17235",29.4210705642632,0.601995115457274,0.763431938902672,0.788538027794016,0.430382064085381,0.999431561618104
"K17236",8.95400922076484,0.746782901494749,1.28651995044253,0.580467408405037,0.561599459050306,0.999431561618104
"K17237",4.07277109307997,-0.562522133936104,1.28739380193861,-0.436946436349961,0.662150194093181,0.999431561618104
"K17238",0.300434506190667,-1.00252203301266,3.79535279319863,-0.264144623079363,0.791668480296891,0.999431561618104
"K17239",0.40108515783551,2.6353783060543,3.7610776917493,0.700697651589476,0.483491721943964,0.999431561618104
"K17241",79.110149906279,-0.574666686739913,0.508694292543567,-1.12968966855608,0.258607012111508,0.999431561618104
"K17242",9.92964921692314,-0.76201163047023,0.778128543900465,-0.979287595145339,0.32743789796841,0.999431561618104
"K17243",7.91020347455499,-0.849747492530029,1.1220602250784,-0.757310056570856,0.44886412734241,0.999431561618104
"K17244",10.311698728248,0.474358340577702,1.05206044009784,0.450885065627587,0.652072387684702,0.999431561618104
"K17245",1.94628466692863,0.150520094866316,2.07492966853633,0.0725422635517541,0.942170372594509,0.999431561618104
"K17246",2.08548016782964,1.25630055048066,1.9990799162699,0.628439383666464,0.529716144061665,0.999431561618104
"K17247",50.5576913921707,0.220974876384081,0.416542431003913,0.530497879535363,0.595766778816656,0.999431561618104
"K17285",583.950948357345,0.134612261430555,0.310426137279259,0.433637008179688,0.664552056050177,0.999431561618104
"K17286",6.0324281652348,1.38401780279672,1.14020847872593,1.21382872397443,0.22481313519548,0.999431561618104
"K17290",26.0516613274138,0.0203057229635321,0.585755055774144,0.0346658944952608,0.972346156822327,0.999431561618104
"K17311",31.2753848472901,0.189870435330538,0.567565033271376,0.334535117916176,0.737975795550945,0.999431561618104
"K17312",6.36648915230375,1.38757458096602,0.94294121789036,1.47153879228064,0.14114546461804,0.999431561618104
"K17313",3.21295730502812,-0.0169049369385578,1.99457358936231,-0.00847546414367322,0.99323763897489,0.999431561618104
"K17315",190.746737055633,-0.16993836101889,0.524086568965743,-0.324256279557505,0.745744016802998,0.999431561618104
"K17316",54.3336857579936,-0.433564465229285,0.59110228308549,-0.733484673694924,0.463262872205815,0.999431561618104
"K17317",56.4056094145385,-0.243357648579962,0.540152850710663,-0.450534785218265,0.652324878008921,0.999431561618104
"K17318",1252.83483159658,-0.779619364048618,0.614047601197645,-1.26963994733965,0.204212912996533,0.999431561618104
"K17319",375.003504029938,-0.768092277921914,0.620507341161422,-1.23784559338855,0.215773319073336,0.999431561618104
"K17320",294.744277953852,-0.502382702562489,0.536318585684818,-0.936724394738257,0.34890034448751,0.999431561618104
"K17321",143.847202445929,0.0485610119242758,0.398371802396928,0.121898717811083,0.90297923109435,0.999431561618104
"K17322",16.6445955159264,0.451468174335623,0.743841065060208,0.606941718523002,0.543889590728216,0.999431561618104
"K17323",29.2889575433916,-0.305521118466249,0.714298116054047,-0.427722139537509,0.668853429170123,0.999431561618104
"K17324",15.0908660623862,-0.172015057808144,0.75730664996736,-0.227140561641124,0.82031444458241,0.999431561618104
"K17325",11.0046526762782,-0.142767438122602,0.747660727040932,-0.190952169826604,0.848563066483966,0.999431561618104
"K17326",20.9153165915393,-0.626759357978807,1.16496984963492,-0.538004788858031,0.590573742465239,0.999431561618104
"K17327",0.118609867317982,-0.060392878424755,3.81694647031143,-0.0158223016472713,0.987376156521306,0.999431561618104
"K17328",4.23170296841421,-1.0029279818329,1.18581155084549,-0.84577349673969,0.397679113220154,0.999431561618104
"K17329",270.802811100815,0.0987328285528578,0.451510674357112,0.218672191290803,0.826905412859741,0.999431561618104
"K17330",40.0849975556048,-0.382627480276903,0.630639255636194,-0.606729563466368,0.544030399297762,0.999431561618104
"K17331",13.3254822936647,-0.65748554684233,0.946661781123575,-0.694530570423972,0.487349536195903,0.999431561618104
"K17362",0.350759832013089,0.901389802766245,3.81694647031143,0.236154687988773,0.813312638879262,0.999431561618104
"K17382",4.12786194604547,-0.748555993837214,1.04584858845622,-0.715740310882058,0.474151714933185,0.999431561618104
"K17462",0.62652136991981,3.31200695895109,3.71282221378867,0.892045664521982,0.372368456764256,0.999431561618104
"K17468",17.6653195102349,-0.253022030106589,0.695866500608204,-0.363607142872148,0.716151392147077,0.999431561618104
"K17472",151.107501440311,0.191626473516619,0.382033700715032,0.501595731366007,0.615951922682031,0.999431561618104
"K17488",367.135260502208,0.234092862011315,0.283863408664226,0.824667269067485,0.409560518986655,0.999431561618104
"K17509",4.90961747401685,-0.538952726353132,1.28426843528209,-0.419657379677599,0.674735764530412,0.999431561618104
"K17609",3.36818825646703,0.450640017171682,1.32099164844284,0.341137673128282,0.732999941369425,0.999431561618104
"K17640",11.1702555107763,-0.00491997088045555,0.766202139121975,-0.00642124398933885,0.994876623767944,0.999431561618104
"K17641",160.64187555251,0.183255021704325,0.387880954991348,0.472451713202606,0.63660440004364,0.999431561618104
"K17662",31.4452931127459,-0.407576164229756,0.574055944771591,-0.709993804509637,0.477707978139436,0.999431561618104
"K17675",592.931285077195,-0.143021918951015,0.203347792299797,-0.703336472619072,0.48184608623271,0.999431561618104
"K17686",1694.41350749103,0.085205974247999,0.235359035088216,0.362025508033131,0.717332968848444,0.999431561618104
"K17713",304.207076059487,0.0123196028740242,0.271081243104212,0.0454461648948841,0.963751684711863,0.999431561618104
"K17722",34.5153855496975,-0.849762216180553,1.02254108749619,-0.831029898525935,0.405956739304127,0.999431561618104
"K17723",52.6231704415782,-0.917471122441152,0.571411773782007,-1.60562166293613,0.108357062761552,0.999431561618104
"K17724",32.4927380893874,-0.0175440210957072,0.518847859685541,-0.0338134209637872,0.973025933684585,0.999431561618104
"K17725",34.9883614616536,0.0209228362852459,0.550867691169717,0.0379815999751558,0.969702352534464,0.999431561618104
"K17733",33.716249598881,0.186853665910438,0.920118462914886,0.203075661929982,0.839075894336115,0.999431561618104
"K17734",97.1799635136457,0.205399908856398,0.344431828426143,0.596344158421592,0.550945336898878,0.999431561618104
"K17735",26.1290990784131,-0.34066400917256,0.748737847388572,-0.45498435849172,0.649120491758399,0.999431561618104
"K17737",8.97056860545011,-0.910197261578009,0.89182518475132,-1.02060053600282,0.307443735426057,0.999431561618104
"K17749",17.1164725434368,-1.26314368862303,0.886820688694244,-1.42435072244749,0.154344971329558,0.999431561618104
"K17752",63.4013006731612,-0.0260589389585425,0.432789509262957,-0.0602115772235817,0.951987125154761,0.999431561618104
"K17755",1.25759504662108,3.4678259010308,3.11790538964776,1.112229355177,0.266039549387095,0.999431561618104
"K17756",14.1243360599881,0.17985714976618,0.810099098449594,0.222018701305061,0.824299325080789,0.999431561618104
"K17758",10.4246259229502,-0.590443855378418,0.679372824960231,-0.869101373627921,0.384791685462529,0.999431561618104
"K17760",2.09241533101937,-0.962616451494803,2.06865366986944,-0.465334756375897,0.641691748638823,0.999431561618104
"K17762",78.3990521018995,0.775978490768465,0.355131090237313,2.18504803465651,0.0288853248111011,0.999431561618104
"K17763",281.844317931247,0.0709997638580239,0.223240517713382,0.31804156604394,0.750453407409169,0.999431561618104
"K17810",114.145422370174,-0.198754914887421,0.27802834509469,-0.714872848017455,0.474687616009152,0.999431561618104
"K17811",0.62652136991981,3.31200695895109,3.71282221378867,0.892045664521982,0.372368456764256,0.999431561618104
"K17818",92.3035468967802,-0.773320990067035,0.448253805298356,-1.72518555542951,0.0844940379673545,0.999431561618104
"K17828",247.601578882239,0.923625463991966,0.44008174549064,2.09875886345213,0.0358381627999348,0.999431561618104
"K17829",400.97868121149,-0.145009372350652,0.27037780871265,-0.536321279623817,0.59173652625091,0.999431561618104
"K17830",14.1385437226202,0.0780092337577257,0.670167546697052,0.116402583416934,0.907333488043231,0.999431561618104
"K17835",1.36190848975591,-3.34069772397398,3.70242689690119,-0.902299442230725,0.366897821793522,0.999431561618104
"K17836",164.275135560338,-0.297683105802116,0.364571553434857,-0.816528615569309,0.414197863980489,0.999431561618104
"K17837",22.3622669940116,-0.669811359521209,0.654837736012063,-1.02286615856981,0.306371132081806,0.999431561618104
"K17838",2.33604578462648,-0.510732544784752,1.99797177760865,-0.255625505078976,0.798240022366586,0.999431561618104
"K17840",8.08394582193389,1.61210156099722,1.17640968242538,1.37035727015914,0.170575403700087,0.999431561618104
"K17865",29.7975226680867,-0.212241406746914,0.501236107416334,-0.423435988761726,0.671977192047956,0.999431561618104
"K17876",0.313260684959905,2.32639373729202,3.79152128977883,0.613577917540251,0.539494279532316,0.999431561618104
"K17879",45.3150565312699,-0.362513232343468,0.46276299238398,-0.783366946600327,0.433411660337131,0.999431561618104
"K17880",21.5041416819768,0.0611840813515318,0.809609724019625,0.0755723153222017,0.939759362632294,0.999431561618104
"K17883",34.4170939829189,-0.324744281587289,0.446983200152852,-0.726524579617843,0.467517244878398,0.999431561618104
"K17884",183.309844503403,0.0230501485546937,0.326860893588224,0.070519750165439,0.943779981323423,0.999431561618104
"K17892",4.077904429047,-0.3540047168766,1.34407598557219,-0.263381475955688,0.792256566762221,0.999431561618104
"K17893",100.734479735404,-0.0746560585887826,0.511958538861764,-0.145824423115913,0.884059995136394,0.999431561618104
"K17938",10.085143857805,-0.0583402970115189,0.859836408181036,-0.0678504613859472,0.945904673905541,0.999431561618104
"K17947",111.769831912188,0.21933594537086,0.410496322500899,0.534318904575278,0.593120915030623,0.999431561618104
"K17950",6.40396182853743,0.157408517436782,1.52519317259196,0.103205626844813,0.917799774185542,0.999431561618104
"K17987",17.7535183536318,0.819092866061582,1.16350898581219,0.703984993712632,0.481442118924373,0.999431561618104
"K18007",2.7325371478126,0.528499456865096,1.49909053307453,0.352546724300353,0.72442828384789,0.999431561618104
"K18009",56.5302946349826,0.0628275554336387,0.382021557971334,0.164460759144784,0.869368435748943,0.999431561618104
"K18011",62.8852270534862,-0.194360141266106,0.548933008335838,-0.354068963452087,0.723287200948128,0.999431561618104
"K18012",43.2220451442435,0.369767826020774,0.562486954086626,0.657380270483264,0.510936434385022,0.999431561618104
"K18013",749.336535122041,0.145979917543783,0.236769103405896,0.616549691002241,0.537531786585324,0.999431561618104
"K18014",31.4465853576676,0.325140641987764,0.450965236159209,0.720988262325783,0.470916736480891,0.999431561618104
"K18028",49.400272679906,0.450003514211763,0.424341516517607,1.06047486916848,0.288928617068617,0.999431561618104
"K18029",46.9495056134991,0.146517022439985,0.38700142515954,0.378595562999758,0.704988217530616,0.999431561618104
"K18030",300.450162198009,0.370615222874814,0.333482263233665,1.11134912927927,0.266418099919848,0.999431561618104
"K18058",1.12764871103979,-3.07630758546686,2.71937847722769,-1.13125392850908,0.257948229535613,0.999431561618104
"K18067",1.82141552857399,2.1612277687302,1.69961919956968,1.27159528986105,0.203516951151324,0.999431561618104
"K18068",439.421905018867,0.0564849659763862,0.24260592511881,0.232825995279069,0.81589652625092,0.999431561618104
"K18069",0.855805723736602,-0.342305095182382,2.99824270611056,-0.114168574306793,0.909104163058444,0.999431561618104
"K18071",2.9372326286834,-0.440473189065536,1.64554964391613,-0.267675418176558,0.788949172991628,0.999431561618104
"K18074",7.17899164970715,-1.04999903815695,1.1892489272304,-0.882909384330711,0.377285232866081,0.999431561618104
"K18077",2.50777529118899,-1.50552454414398,1.43638755425319,-1.04813254590383,0.294577543264849,0.999431561618104
"K18098",5.42823224508045,-1.45435933859229,1.25402576634877,-1.15975235726361,0.24614964653625,0.999431561618104
"K18101",2.7288175089896,-0.829896546617304,1.54523337457413,-0.53706874331913,0.591220130413035,0.999431561618104
"K18104",8.73987720738607,0.364601519950412,1.12095076562898,0.325260958045582,0.744983576671201,0.999431561618104
"K18115",2.81652038989051,1.84714669650186,1.68438974549144,1.09662665748593,0.272804629433936,0.999431561618104
"K18118",195.05244873383,0.645048631337947,0.352938079862653,1.8276538241183,0.067601522342378,0.999431561618104
"K18119",13.6524227378022,-0.257136258301814,0.702414668877319,-0.366074727216046,0.714309315316927,0.999431561618104
"K18122",36.649220728471,0.743197263464091,0.625260153440063,1.18862086345205,0.234588894127096,0.999431561618104
"K18123",14.1529822651984,-0.385374681919479,0.986353615843056,-0.390706411706203,0.696014258991764,0.999431561618104
"K18138",702.720348610113,0.183502005390479,0.240151144231387,0.764110477082188,0.44480140924937,0.999431561618104
"K18139",74.9382601970567,0.0694032800667722,0.333255673143659,0.208258360351615,0.835027242412956,0.999431561618104
"K18148",3.43679782748203,0.4760221650906,1.62868938295435,0.292273143100572,0.770077791450097,0.999431561618104
"K18151",0.531453253148356,-2.00995061378242,3.73887982977088,-0.537580961489631,0.590866376931886,0.999431561618104
"K18162",21.1727043788028,0.475490777550749,0.707096789035151,0.672455008881551,0.501294073147564,0.999431561618104
"K18163",8.68346100190842,0.973932174672022,0.890340078698257,1.09388782777923,0.274004177903698,0.999431561618104
"K18164",74.5967198247187,-0.0812604351946653,0.332387277074196,-0.244475167370881,0.806862832134344,0.999431561618104
"K18166",43.1180969776819,-0.341643400946075,0.48693944971307,-0.701613724555258,0.482920090189253,0.999431561618104
"K18173",0.531453253148356,-2.00995061378242,3.73887982977088,-0.537580961489631,0.590866376931886,0.999431561618104
"K18189",2411.96997725902,-0.1261622907833,0.166660068846639,-0.75700371214532,0.449047638489831,0.999431561618104
"K18195",0.653737807398883,0.320833034913107,3.74817923956056,0.085597036429539,0.931786754401248,0.999431561618104
"K18197",199.112518034985,-0.618922088113386,0.444229549801416,-1.39324835187138,0.16354470290741,0.999431561618104
"K18199",85.1563600752737,-0.091017202243602,0.427900183339492,-0.212706621280855,0.831555801913547,0.999431561618104
"K18201",35.8290943345713,0.141758447162821,0.515613145599841,0.274931794064144,0.783368639907041,0.999431561618104
"K18208",13.8983432325009,0.395054482211649,0.628098605364016,0.628968889339746,0.529369423875728,0.999431561618104
"K18214",3.6040633948548,0.522294565121916,1.33049331184793,0.392557076740581,0.694646647382504,0.999431561618104
"K18220",21.3618957994842,0.265941924227564,0.518982371222366,0.512429591011323,0.608350385582098,0.999431561618104
"K18223",362.846439510944,0.42869587515235,0.4437316475397,0.966115167870679,0.333986555497751,0.999431561618104
"K18224",102.409174587072,0.47661672881071,0.527607662709165,0.903354447817104,0.366337807821481,0.999431561618104
"K18225",73.4676711203313,0.392168596001996,0.699406444052362,0.560716303569882,0.57499095108792,0.999431561618104
"K18226",37.1134431451553,0.624732753089494,0.468368599766118,1.33384849753262,0.182253513244749,0.999431561618104
"K18230",29.838798620003,-0.334759713796734,0.557632294498495,-0.600323397872426,0.548290728157735,0.999431561618104
"K18231",12.4235354437551,-0.102106241601278,0.95827727071497,-0.106551876707977,0.915144497971768,0.999431561618104
"K18232",25.6383347700299,0.783154319887214,0.556095243827814,1.40830968899584,0.159039387891609,0.999431561618104
"K18233",21.9412265519123,-0.865880171049747,0.774501130325166,-1.11798438652532,0.263573661831197,0.999431561618104
"K18234",3.93477147605407,-3.04565893602898,2.35475840833092,-1.29340611981837,0.195870634623422,0.999431561618104
"K18235",193.137870338425,0.25412214573066,0.33635557365141,0.755516380989199,0.44993920728425,0.999431561618104
"K18240",2.57680285517507,1.60561470197433,1.57080431038689,1.02216087093552,0.306704767026698,0.999431561618104
"K18242",23.6005722575146,0.152581829794902,0.746585809535184,0.204372796597751,0.838062186706877,0.999431561618104
"K18243",7.19292389951707,-1.32701393535739,1.17401196722085,-1.13032402770027,0.258339713566157,0.999431561618104
"K18244",120.209102835195,-0.373404540348695,0.648110874828553,-0.576142994742177,0.564518532451563,0.999431561618104
"K18252",8.02157834738162,-1.48652818168663,1.03229405086987,-1.44002397420967,0.149860616404002,0.999431561618104
"K18256",6.12541465732438,0.488537123868844,1.18510718143855,0.412230329476048,0.680170608814246,0.999431561618104
"K18258",7.83110764507206,-0.236339977919506,1.19392024699,-0.197952902227216,0.843081913045216,0.999431561618104
"K18277",6.6909575729253,-0.47662300889081,1.49007034048738,-0.319866113659382,0.749069826747532,0.999431561618104
"K18285",308.999312032889,-0.201233843968793,0.276445873701805,-0.727932167241748,0.466655110915511,0.999431561618104
"K18286",62.1293631982733,0.34748792958317,0.464071328448057,0.748781293481836,0.453989036424284,0.999431561618104
"K18289",64.4160833518341,0.730308539802636,0.419379680731637,1.74140182120546,0.0816131692063113,0.999431561618104
"K18290",218.158794266588,0.196048951646977,0.311667311323267,0.629032768353534,0.529327603716117,0.999431561618104
"K18292",1.80731634041495,0.0302069376011389,2.47557261291449,0.0122020002336253,0.99026445398892,0.999431561618104
"K18294",11.849322966137,-0.123906430240572,1.34767291752943,-0.0919410256219432,0.926744895750814,0.999431561618104
"K18298",6.9372782886634,-1.46973962086017,0.967537208111356,-1.51905229952771,0.12874933210907,0.999431561618104
"K18300",0.51380326387766,3.01647497957528,3.73123336623527,0.808439109403342,0.418837845548975,0.999431561618104
"K18301",153.13206385514,-0.0172462633014546,0.332656733405961,-0.0518440228907313,0.958652977501237,0.999431561618104
"K18302",186.768384351149,0.194242647143457,0.444853205260272,0.436644369078583,0.662369279858988,0.999431561618104
"K18303",129.907735612578,0.0368865953274013,0.322561498726359,0.114355232949527,0.908956200055353,0.999431561618104
"K18304",0.564144133432326,-2.04351792611954,3.73749671461997,-0.546761129749199,0.584542850829834,0.999431561618104
"K18306",114.338939630192,0.0918906270393976,0.291142714685533,0.315620561341024,0.752290529170415,0.999431561618104
"K18313",0.540245433252557,0.835385377394183,3.78028313336351,0.22098487015995,0.825104213633179,0.999431561618104
"K18320",107.351150261068,-0.309128535308101,0.312480244593024,-0.98927385221012,0.322529173623478,0.999431561618104
"K18326",0.477585590573452,-1.81697621611385,3.74747208496385,-0.484853836111063,0.627780030788703,0.999431561618104
"K18328",0.527419254483319,-1.95348896993475,3.74127855494876,-0.522144753790326,0.60156954824238,0.999431561618104
"K18333",0.194836584071615,1.62272230958218,3.81694647031143,0.425136250194722,0.670737353439905,0.999431561618104
"K18334",135.871342917015,0.25640687700159,0.33984388659138,0.75448430034549,0.450558468981259,0.999431561618104
"K18335",22.8829578151876,-0.407993723089783,0.543004963229431,-0.75136278803661,0.452434351337244,0.999431561618104
"K18336",267.764888729763,-0.270536119109031,0.292078673205081,-0.926244001796997,0.354319190112588,0.999431561618104
"K18337",1.75978936140229,-0.148315730344358,1.7750739171922,-0.0835546784321875,0.933410502240621,0.999431561618104
"K18346",607.99945758197,-0.166208518081999,0.225643056722904,-0.736599301994513,0.46136605956746,0.999431561618104
"K18347",3.49355056653047,-1.54960187343971,1.31770810255445,-1.17598265536633,0.239601807126497,0.999431561618104
"K18349",9.20911828640864,-0.0294193038488832,1.23874308987655,-0.0237493182317691,0.981052566823842,0.999431561618104
"K18351",79.5893065419749,0.0234567590248495,0.332772739824122,0.0704888238058411,0.94380459573485,0.999431561618104
"K18352",39.3332884666805,-0.742775345408739,0.411088163398839,-1.80685169640386,0.0707854057122445,0.999431561618104
"K18353",41.1474923533796,0.133906548057352,0.498447928075705,0.26864701509405,0.788201328979487,0.999431561618104
"K18365",0.313260684959905,2.32639373729202,3.79152128977883,0.613577917540251,0.539494279532316,0.999431561618104
"K18366",0.942104859192244,1.21754989530741,3.44754026274034,0.353164808099911,0.723964889190025,0.999431561618104
"K18367",17.7886958656457,-0.452901265715879,0.811364688516253,-0.558196914563909,0.576709927545902,0.999431561618104
"K18369",205.755324811513,0.798906367799247,0.50031795325259,1.59679732179411,0.110310893143024,0.999431561618104
"K18371",32.2898298448641,0.398698299736563,0.60216234978343,0.662110973693317,0.507900103503898,0.999431561618104
"K18372",66.4780752733147,0.190651004054837,0.455065826355737,0.418952584468077,0.675250785477589,0.999431561618104
"K18382",74.0398652230936,0.781757781170617,0.542259504566138,1.44166727293439,0.149396260342865,0.999431561618104
"K18383",27.3727276749425,0.189478027750408,0.529155551725225,0.35807623511205,0.720286263145128,0.999431561618104
"K18431",8.95822890608944,0.481684864848919,0.733642003148508,0.656566639834843,0.511459605235904,0.999431561618104
"K18446",120.25702791612,-0.198359344653248,0.302556103024282,-0.65561177801569,0.512073945369766,0.999431561618104
"K18453",7.70263718216359,0.310455176164275,1.29642395161641,0.239470410722659,0.810740837883576,0.999431561618104
"K18455",1250.26647474297,-0.153360273623057,0.238008097037802,-0.644348976071596,0.519349163396119,0.999431561618104
"K18456",77.1183267596304,0.374078744588529,0.444560836318297,0.841456813169876,0.400092069273275,0.999431561618104
"K18457",19.4132909437217,-0.315350796714634,0.76402248570251,-0.412750675033697,0.679789293146798,0.999431561618104
"K18459",19.1416296427764,0.0374350445994836,0.551208039229295,0.0679145475668782,0.945853658207782,0.999431561618104
"K18472",717.913527932491,-0.0677529634655067,0.314983506477442,-0.215100035627926,0.829689326127817,0.999431561618104
"K18475",0.177151084382785,-0.640874455684684,3.81152694885504,-0.168141131962139,0.866472251331796,0.999431561618104
"K18476",312.085045669239,0.186982885983309,0.248062164941413,0.753774305031442,0.45098475541747,0.999431561618104
"K18478",28.236973076032,0.511508429145916,0.535799183745173,0.954664442693869,0.339747416806376,0.999431561618104
"K18479",67.7792996237879,0.0374661205011422,0.396490707568776,0.0944943217733375,0.924716492832644,0.999431561618104
"K18480",25.1400453562674,-0.275200094739322,0.623985233659024,-0.44103622953633,0.659186768800945,0.999431561618104
"K18481",73.441597296466,0.341408029443914,0.360771086322845,0.946328689817446,0.34398096452538,0.999431561618104
"K18482",0.51380326387766,3.01647497957528,3.73123336623527,0.808439109403342,0.418837845548975,0.999431561618104
"K18532",2.97536865072395,0.866188608289509,1.735555857761,0.4990842584617,0.617720026690104,0.999431561618104
"K18537",2.85048052279656,0.27858632705791,2.29361621187092,0.121461614029431,0.903325417114695,0.999431561618104
"K18545",6.41029089508882,-0.0134717882208041,1.28433445758147,-0.0104893146339566,0.991630891269982,0.999431561618104
"K18546",2.50795635894819,-1.5032598393077,1.86287644446916,-0.806956276553305,0.419691674138649,0.999431561618104
"K18547",7.44748710795777,0.952789159366907,0.870353861687735,1.09471469169944,0.273641650102383,0.999431561618104
"K18553",3.41625660147054,-1.87888087412045,1.63842401568762,-1.14676106803275,0.25148038362411,0.999431561618104
"K18554",1.28182325725929,-3.24330057498465,3.12156145014083,-1.03899943242775,0.29880500023161,0.999431561618104
"K18555",132.799655500415,0.371294418173504,0.544704149969315,0.681644188307397,0.495463966431747,0.999431561618104
"K18575",0.90304305346672,-1.48817457895218,2.54664241043565,-0.584367311584041,0.558973214324486,0.999431561618104
"K18576",16.6816667675238,-0.32955655703706,0.696509358354951,-0.4731545284839,0.63610293628676,0.999431561618104
"K18578",6.11421703708153,0.503744236792427,1.21260691512732,0.415422533475767,0.677832613812967,0.999431561618104
"K18581",18.6430446812956,-0.413659718852692,0.703725003341716,-0.587814440141225,0.556656850481394,0.999431561618104
"K18586",43.9500666078279,0.188457440247292,0.513963184791892,0.366674979499943,0.713861472010957,0.999431561618104
"K18587",50.6328007019822,0.118399480381786,0.409904547271463,0.288846467232224,0.772698871212394,0.999431561618104
"K18588",59.6166602825206,-0.513820282418237,0.470795700197267,-1.09138694810284,0.275102653072172,0.999431561618104
"K18594",10.9083499960987,-0.641774446512986,1.25537725818045,-0.511220386008246,0.609196745406358,0.999431561618104
"K18602",8.84965866965615,1.91977785916708,1.57397572243413,1.21969979066651,0.222578700987713,0.999431561618104
"K18603",1.16901950442969,4.19080677975245,3.67557968174938,1.14017573896204,0.254213092869963,0.999431561618104
"K18605",0.889987133490481,-1.36448774028958,3.02523643203355,-0.451035074760218,0.651964269781216,0.999431561618104
"K18608",2.13673939990803,2.0714896638084,1.7416008027363,1.18941703549619,0.234275600478386,0.999431561618104
"K18611",2.23073944940921,1.83352982304638,1.81345017476001,1.01107262199196,0.311981672853148,0.999431561618104
"K18622",88.1999741835621,-0.0917433716932558,0.283658066625885,-0.323429447237458,0.746370031243883,0.999431561618104
"K18640",996.788315539071,0.288683625133063,0.540184413152179,0.534416799345404,0.593053198706585,0.999431561618104
"K18649",41.9181936057701,0.566874644631143,0.471043829442188,1.2034435209616,0.228804734926465,0.999431561618104
"K18650",9.02551890164911,-3.00219252780477,1.38649548251647,-2.16530999607429,0.030363953370177,0.999431561618104
"K18660",0.477585590573452,-1.81697621611385,3.74747208496385,-0.484853836111063,0.627780030788703,0.999431561618104
"K18661",255.778792344734,0.247062485217156,0.397855688944134,0.620985176491588,0.534609376491517,0.999431561618104
"K18672",190.585666710376,0.178432875994677,0.324516545555715,0.54984215269863,0.582427643800043,0.999431561618104
"K18675",1.15539371414989,-3.10306915447067,3.19107198214298,-0.972422174064149,0.330840565018055,0.999431561618104
"K18676",28.8723510320842,-0.312122061863403,0.492912226995119,-0.633220368190407,0.526589746507907,0.999431561618104
"K18677",2.98858526836856,-2.5867781621192,1.90581185615015,-1.35731035242096,0.174682619311071,0.999431561618104
"K18678",2.15988925779344,-2.05416240996466,1.8857260760674,-1.08932173979825,0.27601202916986,0.999431561618104
"K18682",5057.74163858329,0.173544028102252,0.446250634096741,0.388893628024806,0.697354835984483,0.999431561618104
"K18687",5.72200977586892,2.01810158602551,1.07137267508317,1.88365975067345,0.0596110140529547,0.999431561618104
"K18688",60.6314010849797,0.305168775130769,0.422906522691474,0.721598648298457,0.470541270445761,0.999431561618104
"K18691",81.3346992014097,0.573983684770292,0.830079199992288,0.691480625915725,0.489263551832899,0.999431561618104
"K18692",45.6368043120466,0.145882110132211,0.959333623521536,0.152066086870493,0.879134811848295,0.999431561618104
"K18697",29.818069203616,0.079387271354894,0.48930541911775,0.162244823484756,0.871113063335062,0.999431561618104
"K18700",52.865118203401,-0.358871219431813,0.499003410951662,-0.719175884484236,0.472032556070625,0.999431561618104
"K18702",45.3205165295509,-0.634998097543226,0.443647259952893,-1.43131301568424,0.152340525295777,0.999431561618104
"K18707",671.235233853078,0.512720140784272,0.496094038376675,1.03351401371804,0.301363415855305,0.999431561618104
"K18778",48.7776083721717,-0.33646437889039,0.402928241465147,-0.835047892564993,0.403690743471376,0.999431561618104
"K18779",7.5995438782125,0.618942969460152,0.988484082796743,0.626153703668107,0.531214130168891,0.999431561618104
"K18785",3.95527908513533,-0.586086293253638,1.6456526116564,-0.356142170651511,0.721734097290077,0.999431561618104
"K18800",1.25560568733757,-3.21215746711903,3.134337663897,-1.02482814921902,0.305444281811333,0.999431561618104
"K18802",111.178934984293,0.036578715448437,0.354603200110693,0.103153934981462,0.917840799364567,0.999431561618104
"K18814",1.15084527231781,-0.0971419693106614,3.30982447562191,-0.0293495833468355,0.976585782123387,0.999431561618104
"K18815",10.8158922837756,0.74114477068324,0.880727517376908,0.841514266399453,0.400059896166552,0.999431561618104
"K18816",6.20461249719409,0.310116043502105,1.1073731292909,0.280046567231304,0.779441778155463,0.999431561618104
"K18817",2.38225746843925,-0.804949746472602,2.11136635434708,-0.381245890754722,0.703020799908652,0.999431561618104
"K18819",3.59035659234813,0.977145764557205,1.92658550689093,0.50719044706928,0.612021197205129,0.999431561618104
"K18820",1.5118371611847,1.29930355745354,2.58976578025924,0.501706975726383,0.615873656873638,0.999431561618104
"K18828",20.2241636795584,1.50334375824467,0.82709444341419,1.81762043042989,0.0691221668097522,0.999431561618104
"K18829",11.0956543657309,-0.652757808470937,0.99951116389026,-0.65307705611841,0.513706602962341,0.999431561618104
"K18831",15.6682763416539,-0.874889666653898,0.57365887595723,-1.5251043840192,0.127233063924426,0.999431561618104
"K18833",19.554292590048,-0.371427707673384,0.572142600254412,-0.649187296153482,0.516217321993872,0.999431561618104
"K18843",53.3815459628742,-0.200504487936635,0.519944233487099,-0.385626909624357,0.699773000880906,0.999431561618104
"K18844",5.89234481833444,0.430236513923248,1.10988274500745,0.387641411544208,0.698281418592332,0.999431561618104
"K18846",1.39116035903909,0.194911025574879,2.22279366246124,0.0876874128564228,0.930125124170083,0.999431561618104
"K18850",37.2493168293449,-0.339194836345437,0.461237173101207,-0.735402209810633,0.46209457643464,0.999431561618104
"K18851",134.20535362293,0.489999274188779,0.392104846437331,1.24966390658243,0.211422347435433,0.999431561618104
"K18853",2.35601159765371,-0.121861258940824,1.70281669610248,-0.0715645196689391,0.942948476849725,0.999431561618104
"K18882",6.96019703292314,-0.1382691906168,1.17234808408847,-0.117942096288158,0.906113537987059,0.999431561618104
"K18887",371.602665722969,-0.192566975946357,0.241748680900576,-0.796558538516096,0.425707465191502,0.999431561618104
"K18888",451.023062327657,0.170398396449635,0.240535240095389,0.708413438222441,0.478688549706987,0.999431561618104
"K18889",253.922856849213,-0.10961126110147,0.317677142840406,-0.345039810297387,0.730064442121367,0.999431561618104
"K18890",250.666827505487,-0.0989804478959601,0.280509465421059,-0.352859564818554,0.724193725957709,0.999431561618104
"K18893",29.6041133619729,0.100971042512182,0.433535587655123,0.232901393535665,0.81583797631183,0.999431561618104
"K18896",4.22071228735228,2.21936483297711,1.1896931345495,1.86549351973652,0.0621122596901445,0.999431561618104
"K18897",50.8826074404897,-0.00791071473311725,0.488112771276542,-0.0162067358172757,0.987069461765031,0.999431561618104
"K18900",9.68801597002228,0.186397233426074,0.773785547906036,0.240890042377361,0.809640339957471,0.999431561618104
"K18901",51.2073102152503,-0.0685414334639647,0.394267442797085,-0.173845025036065,0.861987258254097,0.999431561618104
"K18903",12.0308549974262,-0.49475634621623,0.743050041682921,-0.665845257333765,0.505510013897809,0.999431561618104
"K18904",7.01878462066857,-1.26767637433354,1.45044755836817,-0.87398980198894,0.382123807447701,0.999431561618104
"K18905",136.741640004998,-0.0956979957473404,0.477404044555332,-0.200454932962448,0.8411248008975,0.999431561618104
"K18907",0.300434506190667,-1.00252203301266,3.79535279319863,-0.264144623079363,0.791668480296891,0.999431561618104
"K18909",4.48338591190129,-0.205328211962763,1.3296893927203,-0.154418176971917,0.87728002240031,0.999431561618104
"K18910",260.860575600223,-0.279014382530083,0.251242979766051,-1.11053603483724,0.2667681090398,0.999431561618104
"K18911",189.4368127873,-0.184510919134721,0.327957717103269,-0.562605816275459,0.573703330589094,0.999431561618104
"K18912",152.488510507993,0.0228203742029208,0.321124649327061,0.071063913189917,0.943346888632161,0.999431561618104
"K18913",16.5941460010037,1.07100143855287,0.911621685082626,1.17483102484096,0.240062325205239,0.999431561618104
"K18914",10.2957178751499,0.873285007885788,1.02349637637547,0.853237029503093,0.393527872458851,0.999431561618104
"K18917",1806.02209228048,-0.0942909285602734,0.288927117329064,-0.326348490345694,0.744160704631787,0.999431561618104
"K18918",3.04089568369879,-0.961630734269677,2.01033445132653,-0.478343657511884,0.632405628072072,0.999431561618104
"K18924",0.300434506190667,-1.00252203301266,3.79535279319863,-0.264144623079363,0.791668480296891,0.999431561618104
"K18925",0.994931191203594,-0.677854778684506,2.89709412738969,-0.233977478424306,0.81500246302814,0.999431561618104
"K18926",552.551316515676,0.287525438528525,0.439430978364649,0.654313083703286,0.512910118243074,0.999431561618104
"K18928",202.578676909647,0.0216355333259325,0.299742954096472,0.0721802899125666,0.942458430624824,0.999431561618104
"K18929",398.0384627362,0.0905744357240689,0.30504303244789,0.296923470099392,0.766524937241682,0.999431561618104
"K18930",101.023052981428,-0.129969778117765,0.40467784094946,-0.321168507306523,0.748082696466015,0.999431561618104
"K18933",6.69158752125807,-0.536008540677586,1.08280536691928,-0.495018363459537,0.620587158089029,0.999431561618104
"K18939",10.8458246564127,0.143511613814403,1.20358667462767,0.119236625695278,0.905087890510956,0.999431561618104
"K18940",15.8222387299659,-0.667580169356255,0.923164206936087,-0.723143471486946,0.469591744014025,0.999431561618104
"K18941",6.9904956385762,-0.871098887815641,1.18573702744753,-0.734647622239485,0.462554127082454,0.999431561618104
"K18954",69.9528398624161,0.0388278474769886,0.356544938992895,0.10890029062441,0.913281576131978,0.999431561618104
"K18955",2357.28504253861,0.0874825692499953,0.216748107570094,0.403613993361877,0.686496593938676,0.999431561618104
"K18958",174.237374718516,0.156272426617843,0.44691891369889,0.349666173947453,0.726589242288066,0.999431561618104
"K18968",2.86560288522389,-0.571940683121962,1.81473157869345,-0.315165443659574,0.752636041487509,0.999431561618104
"K18979",309.991231258499,0.0314113771994662,0.307197886131775,0.102251280420569,0.918557225130295,0.999431561618104
"K18981",88.9849854181146,0.198753570419297,0.32050833190106,0.620119824156868,0.535178901487322,0.999431561618104
"K18982",11.8498888114267,0.565552340639324,0.728944540750844,0.775850985943019,0.437836975508371,0.999431561618104
"K18983",28.4569616102391,-0.145413222388055,0.453233064062353,-0.320835424240033,0.74833511269316,0.999431561618104
"K18988",10.8497394014585,-0.333780644935933,0.865997795907533,-0.38542897743307,0.699919616929014,0.999431561618104
"K18989",86.3910238353263,-0.331526513943009,0.35705373113203,-0.928505950328296,0.353145182661415,0.999431561618104
"K18990",74.1364447825995,0.21156167276075,0.430624771386303,0.491290066940814,0.623221304273962,0.999431561618104
"K18991",22.6274358676059,0.56388314480408,0.65491783174341,0.860998307685418,0.389238975128732,0.999431561618104
"K18996",13.7761926031296,-0.638971944462624,0.947844239437465,-0.674131801277651,0.500227523020795,0.999431561618104
"K18997",13.0473399416007,0.306110831463839,0.683876743532978,0.44761111466145,0.654433880268108,0.999431561618104
"K19000",2.05411180658244,-0.320944782820818,2.45435596086111,-0.130765377124928,0.89596091281039,0.999431561618104
"K19002",7.45783877751375,0.0311834999370778,0.928928422818534,0.0335693247951888,0.973220583742544,0.999431561618104
"K19003",10.4011785814956,-0.83256794647355,0.971669337390752,-0.856842872812335,0.391531728071384,0.999431561618104
"K19005",561.619789590398,0.355556438845234,0.586877810116199,0.605844066203211,0.544618304751648,0.999431561618104
"K19033",3.51419642109113,-0.833723215757216,1.22966318697785,-0.678009413135529,0.497765724871711,0.999431561618104
"K19049",18.7028305621269,0.40926750128167,0.640373852249207,0.639107140062302,0.522753235335008,0.999431561618104
"K19055",69.3298237761614,-0.590312992440438,0.40991476418579,-1.44008716937281,0.149842738663559,0.999431561618104
"K19064",6.73727033440834,0.358696018941849,1.21921728799304,0.294201880562488,0.768603643723146,0.999431561618104
"K19065",0.49041176934269,1.02457889781259,3.78606454421377,0.270618444521356,0.786684508324432,0.999431561618104
"K19092",30.970741581131,0.0199206716835101,0.486799406324077,0.0409217255089426,0.967358297500964,0.999431561618104
"K19113",7.71307696813748,0.652883835994869,1.1561257977236,0.564716951460118,0.572266302365062,0.999431561618104
"K19118",0.967909410361525,2.30556573024343,2.80861807433304,0.820889729120941,0.411709081920878,0.999431561618104
"K19126",0.463477938055238,1.60506098154785,3.79152066238843,0.423329087315788,0.672055174950478,0.999431561618104
"K19138",1.27467421537121,-3.24414631933967,3.21845794168602,-1.00798157941446,0.313463305484657,0.999431561618104
"K19147",6.39501082834232,-1.57799146334277,1.00212567801401,-1.57464427662406,0.115338576713066,0.999431561618104
"K19155",1.1618350764304,1.69322716014331,2.71531866689822,0.623583220925422,0.532901332785173,0.999431561618104
"K19156",30.3478103288019,0.200628598162473,0.498009857958784,0.402860696342034,0.687050706612323,0.999431561618104
"K19157",12.0576632525503,-0.63058143645423,1.09941432068926,-0.573561235821357,0.566264749747217,0.999431561618104
"K19158",16.9413233196712,0.12729596090442,0.577379492899183,0.220471912269055,0.825503644972281,0.999431561618104
"K19159",29.8504573415124,0.203686992278181,0.496717675827117,0.410065923140362,0.681757589400177,0.999431561618104
"K19163",5.84604781539342,-0.132450787563278,0.960317971485162,-0.137923887187531,0.890300571581856,0.999431561618104
"K19164",13.9248054581615,0.42311805151805,0.899185277903275,0.470557138685232,0.637957021600574,0.999431561618104
"K19165",15.8557897357271,0.0865626681256798,0.622786737730553,0.138992471871055,0.88945609788179,0.999431561618104
"K19166",12.4041766378913,-0.0377477850600349,0.745037709455983,-0.0506656033391892,0.959591985989005,0.999431561618104
"K19168",9.20792357119447,0.226889530428742,0.976207251010015,0.232419427528319,0.816212261032228,0.999431561618104
"K19169",25.3108076838663,-0.305376820173292,0.704538479459269,-0.433442358475108,0.66469343330364,0.999431561618104
"K19170",0.177151084382785,-0.640874455684684,3.81152694885504,-0.168141131962139,0.866472251331796,0.999431561618104
"K19176",1.78467154355634,-0.601099558755883,2.47424565188418,-0.242942554349095,0.808049899286364,0.999431561618104
"K19181",4.38526681767692,1.09197272564494,1.12943225211427,0.966833312578778,0.333627368366559,0.999431561618104
"K19185",1.70955964019063,-0.0623584132985239,1.78564476316262,-0.0349220710552073,0.972141881188505,0.999431561618104
"K19189",9.65789406985358,-0.451187679724621,1.61718876688481,-0.278995061654889,0.780248614586837,0.999431561618104
"K19200",59.8872224537644,0.0914616033637885,0.55409403426745,0.165065129215309,0.868892719325079,0.999431561618104
"K19221",97.3362747826413,-0.350758876334421,0.355378706406303,-0.987000262006133,0.323642510154198,0.999431561618104
"K19222",141.972693903441,-0.0436664064844368,0.26883348422684,-0.162429195195013,0.870967881661697,0.999431561618104
"K19224",115.301584942096,-0.502236902619649,0.352782892572941,-1.4236430200929,0.154549835817534,0.999431561618104
"K19225",349.167331617487,-0.17121717534227,0.211857922888653,-0.808169800816263,0.418992839871319,0.999431561618104
"K19231",1.76684600371728,4.80068098773959,2.72586479150777,1.7611588816495,0.0782115153290348,0.999431561618104
"K19242",22.5335929079087,0.0428872924275901,0.920747489936238,0.046578777456738,0.962848946804216,0.999431561618104
"K19243",2.79776654828634,0.563054326983695,1.98396301241715,0.283802834760362,0.776561481991423,0.999431561618104
"K19244",51.4417492792499,0.477365888904212,0.530103767980065,0.900514046001204,0.367846753858543,0.999431561618104
"K19265",420.271459480808,-0.126590024630593,0.206731954030243,-0.612338935334952,0.540313534302785,0.999431561618104
"K19267",691.833355383135,-0.171343270440228,0.246636050498629,-0.694721108669314,0.48723009680478,0.999431561618104
"K19268",0.40108515783551,2.6353783060543,3.7610776917493,0.700697651589476,0.483491721943964,0.999431561618104
"K19270",170.290400588227,-0.228627969293569,0.275805661492982,-0.828945889130658,0.407135026990412,0.999431561618104
"K19271",1.35576467706986,-2.11724757639079,2.31604201840997,-0.914166305948259,0.360629465930081,0.999431561618104
"K19285",43.0030802867223,-0.34613452428294,0.585255978664753,-0.591424157806362,0.554236257861351,0.999431561618104
"K19290",7.148694790838,0.168003091182531,1.09409789251679,0.15355398482312,0.877961421305786,0.999431561618104
"K19291",0.540245433252557,0.835385377394183,3.78028313336351,0.22098487015995,0.825104213633179,0.999431561618104
"K19294",135.55243639779,-0.324560432200749,0.372393539927554,-0.871552262329496,0.383452683013471,0.999431561618104
"K19295",11.2288829290964,0.541023364467204,0.74986548064612,0.721493892479266,0.470605697023603,0.999431561618104
"K19296",0.835465606509638,1.06401494139965,2.54010081508283,0.418886894205792,0.675298795628836,0.999431561618104
"K19302",305.563502947087,0.107323828761062,0.264713051847298,0.405434594222321,0.685158086462544,0.999431561618104
"K19303",1.02271877579066,1.38772196665897,2.15044907886958,0.64531728758183,0.51872159191153,0.999431561618104
"K19304",469.187789317262,0.0132455144484977,0.233397885569313,0.0567507902489722,0.954743714409089,0.999431561618104
"K19311",2.36103694973393,-0.0039215718599981,1.72508267624881,-0.00227326603761714,0.998186197688197,0.999472602306461
"K19333",143.203212396333,-0.417423761309663,0.431505300115823,-0.967366475446812,0.333360862970807,0.999431561618104
"K19334",3.70532534666381,-2.80669420780664,1.63295283432349,-1.71878461447994,0.085653598043927,0.999431561618104
"K19335",0.300434506190667,-1.00252203301266,3.79535279319863,-0.264144623079363,0.791668480296891,0.999431561618104
"K19336",14.9664571784752,-0.419908722448634,0.74720487345356,-0.561972676259227,0.574134635646724,0.999431561618104
"K19337",21.3828093345125,-0.486532904214769,0.736551958294249,-0.660554762954553,0.508897887824175,0.999431561618104
"K19338",11.0969439869721,-0.115550604680132,0.89147119787597,-0.129617877678431,0.896868758231532,0.999431561618104
"K19339",24.016534333408,1.06764261376864,0.727573692312511,1.46740134373916,0.14226690917518,0.999431561618104
"K19340",3.00325890900575,1.60832824592357,1.88051633212155,0.855258855480978,0.392407859920453,0.999431561618104
"K19341",51.3100965020305,0.374624470508495,0.52918320051518,0.707929635981989,0.478988954660244,0.999431561618104
"K19342",40.3235838672701,0.359508224289231,0.651741561796954,0.551611628538788,0.58121446761149,0.999431561618104
"K19353",3.73139664151606,-0.388892039366774,1.53799088319508,-0.252857181154985,0.800378578877602,0.999431561618104
"K19355",9.71070859160024,-0.491980609833664,0.842568493210735,-0.583905775967124,0.559283706939838,0.999431561618104
"K19405",377.302833807679,-0.0605407358190766,0.233504195758384,-0.259270441040471,0.795426584438418,0.999431561618104
"K19411",311.685266015432,-0.20500611071162,0.252877406493319,-0.810693662017752,0.417541613976999,0.999431561618104
"K19416",371.233765009305,-0.17971097113411,0.24106202017267,-0.745496826938498,0.45597142864598,0.999431561618104
"K19418",0.245205884671345,0.901389802766245,3.81694647031143,0.236154687988773,0.813312638879262,0.999431561618104
"K19420",3.73531360124468,-2.7357046070551,1.61884318623975,-1.68991328518335,0.0910445455818159,0.999431561618104
"K19430",2.20271495373922,-0.666826815241528,1.70459509090713,-0.391193673382377,0.69565408437061,0.999431561618104
"K19449",74.9337021113842,-0.0810407737463307,0.702288911122164,-0.115395206250428,0.908131878439349,0.999431561618104
"K19504",26.7438078985805,-1.20609753958695,0.631204059046948,-1.9107886305548,0.0560317493797485,0.999431561618104
"K19505",7.71434163908818,0.27873722164611,1.45160232601786,0.192020374072258,0.847726246187507,0.999431561618104
"K19507",0.71436138652766,-2.38768244544,3.72499645412027,-0.640989186123642,0.521529708850439,0.999431561618104
"K19509",9.45551825861269,-2.56470334179739,1.50280412099413,-1.70661186376092,0.0878942185978533,0.999431561618104
"K19510",702.001012388395,-1.94851015994652,0.650322238077494,-2.99622255838394,0.00273346851388234,0.999431561618104
"K19540",66.7969840089886,-1.61993337918335,0.78593326547006,-2.06115894358344,0.0392878789732626,0.999431561618104
"K19545",3.13660140838676,-1.42081390891788,1.39144232656731,-1.02110873141471,0.307202926784678,0.999431561618104
"K19551",0.62652136991981,3.31200695895109,3.71282221378867,0.892045664521982,0.372368456764256,0.999431561618104
"K19564",71.087980674906,-0.0662652964843413,0.475497371227792,-0.139359963890518,0.889165707769235,0.999431561618104
"K19577",254.073963189498,-0.064129138565431,0.422843141962395,-0.151661768162564,0.879453712865082,0.999431561618104
"K19586",28.0172034456725,0.38539283807474,0.467924099944206,0.823622545025344,0.410154061755705,0.999431561618104
"K19591",40.0336427081138,-0.551672281113621,0.594290342207378,-0.928287474880611,0.353258469393822,0.999431561618104
"K19620",122.265569235403,-0.0357135418558223,0.75859981154455,-0.0470782371842509,0.962450872312983,0.999431561618104
"K19622",7.63807518496237,1.15610416277507,1.23948849096811,0.932726823362502,0.350961031857347,0.999431561618104
"K19640",17.3814654086742,0.820825002303967,0.64405552108679,1.27446310982459,0.202499338511489,0.999431561618104
"K19641",0.313260684959905,2.32639373729202,3.79152128977883,0.613577917540251,0.539494279532316,0.999431561618104
"K19661",0.926955876110476,1.66508220731929,3.4602706146811,0.481199996397607,0.630374363425696,0.999431561618104
"K19668",126.267920335805,0.223789105676907,0.265369676972833,0.843310766436277,0.399054662988591,0.999431561618104
"K19670",10.7169008706771,0.229329820002447,0.903282978788089,0.253884801759613,0.799584556620259,0.999431561618104
"K19686",23.2434607998936,0.676109988864942,0.644634571494363,1.04882675978363,0.294257858961976,0.999431561618104
"K19687",38.7519853879285,1.05478408949267,0.466320178339888,2.26193104756421,0.0237016637760509,0.999431561618104
"K19689",662.951690797837,0.00460031040338357,0.208595345082226,0.0220537538916325,0.982405076541814,0.999431561618104
"K19691",112.577326097799,-0.209994563903925,0.377243645659917,-0.556655006174006,0.577763163822152,0.999431561618104
"K19693",2.06423003644543,-3.93527983069972,2.36936107230238,-1.66090338728984,0.0967328518649117,0.999431561618104
"K19696",2.71648366572997,-1.58188740220814,2.07620817416324,-0.761911749454354,0.446112677010437,0.999431561618104
"K19701",131.207285097393,0.320078115545344,0.441587988962057,0.724834287947188,0.468553697944698,0.999431561618104
"K19702",210.107081402586,-0.0479701403863262,0.393502325469932,-0.121905608382463,0.902973773912077,0.999431561618104
"K19707",198.963095258473,0.16641206582337,0.227874944797882,0.730278030219482,0.465220254537465,0.999431561618104
"K19710",306.82561277603,-0.199049198504618,0.252582976178206,-0.788054688072811,0.430664717886916,0.999431561618104
"K19712",0.514577531981836,1.91404554983661,3.76107718100185,0.508908873102882,0.610816100155704,0.999431561618104
"K19713",5.12018917045636,-0.180116506761742,1.04710724923966,-0.172013427366233,0.863426972829929,0.999431561618104
"K19714",0.156630342479952,1.62272230958218,3.81694647031143,0.425136250194722,0.670737353439905,0.999431561618104
"K19742",1.72150782615201,-0.519023516819097,1.96043370966582,-0.264749332895102,0.791202570880101,0.999431561618104
"K19743",3.87787394376447,1.4291821645688,1.66819169462645,0.856725380645676,0.391596673073596,0.999431561618104
"K19745",209.765792234986,0.113464813020024,0.295061765418908,0.384545970769663,0.700573830388581,0.999431561618104
"K19746",27.3223535831484,-0.247156545513644,0.606141053212971,-0.407754175704717,0.683454159206849,0.999431561618104
"K19760",1.59315072780062,-0.4881172651253,1.97999406370732,-0.246524610387647,0.805276155848174,0.999431561618104
"K19761",6.21824196265973,-0.000180685011367272,1.05726339539546,-0.000170898767662044,0.999863642512486,0.99987639265769
"K19776",13.3929595399974,-0.14092803738319,0.679436543012494,-0.207418983910317,0.835682657953048,0.999431561618104
"K19777",0.933289480299653,-0.562678884684321,3.4943136083135,-0.161027013530103,0.872072124552527,0.999431561618104
"K19778",10.8424484846115,-0.251735152318555,0.909733736773095,-0.276713000895715,0.782000488271742,0.999431561618104
"K19784",2523.07463112656,0.112933736874592,0.404703068630067,0.279053324841041,0.780203902143578,0.999431561618104
"K19793",0.226984748292652,-0.830065403632557,3.80578483127173,-0.218106235752478,0.827346338934859,0.999431561618104
"K19794",310.403432131906,-0.0629249291219103,0.453528429345683,-0.138745280450652,0.889651435488954,0.999431561618104
"K19802",42.8940287929579,-0.462552492810057,0.373223176808102,-1.23934557538983,0.215217547386648,0.999431561618104
"K19804",37.1545268351573,-0.721580247572143,0.406605662567535,-1.77464387243326,0.0759567083210356,0.999431561618104
"K19810",2.43855823921587,-4.17471401512108,2.29377921201053,-1.82001562890697,0.0687566248533481,0.999431561618104
"K19823",0.892838710432785,2.88170146354651,3.43150289330699,0.839778240947183,0.40103273565716,0.999431561618104
"K19837",5.18889434608211,0.0804344667825125,1.23168068169803,0.0653046426543149,0.947931445933767,0.999431561618104
"K19954",0.413926880336993,-1.59233170567997,3.75899553627922,-0.423605638876634,0.671853442236847,0.999431561618104
"K19955",466.542789450918,0.0671971565210166,0.504309712244417,0.13324581083707,0.893998982019276,0.999431561618104
"K19956",0.156630342479952,1.62272230958218,3.81694647031143,0.425136250194722,0.670737353439905,0.999431561618104
"K19962",23.1111758570611,0.154771853313546,0.619943171998662,0.249654904359331,0.802854235104348,0.999431561618104
"K19966",1.11974204619985,-0.873129929509885,2.79394106371656,-0.312508356331765,0.754654213415591,0.999431561618104
"K19967",2.8755083865986,-0.680682208048279,1.45443122236707,-0.468005772689941,0.639780461539916,0.999431561618104
"K19969",3.76673069445021,5.87873209672949,1.72506676652647,3.4078287349809,0.000654819800179894,0.999431561618104
"K19978",11.432879768427,0.527554044378172,1.056395444749,0.49939068461576,0.617504180426576,0.999431561618104
"K19997",9.54135045659126,-0.395827550164062,0.802586506673011,-0.493189889031276,0.621878421428021,0.999431561618104
"K20000",3.71098953684049,-1.63685343600863,1.33220925440632,-1.22867592354181,0.219193336700519,0.999431561618104
"K20023",71.0689501136493,-0.360022385274781,0.473726697614219,-0.759979091505554,0.44726708291857,0.999431561618104
"K20034",92.644823723534,-0.131980820202578,0.48833779066544,-0.270265424313633,0.7869560632773,0.999431561618104
"K20035",960.767640584754,0.00259930106123058,0.231690785693176,0.0112188365776133,0.991048851273631,0.999431561618104
"K20036",47.2548742131237,-0.274329077781282,0.42522340866391,-0.64514105336592,0.518835781735704,0.999431561618104
"K20074",1126.99552843255,0.120075433440668,0.199374170543988,0.602261732866621,0.546999929002201,0.999431561618104
"K20076",0.150217253095333,-0.060392878424755,3.81694647031143,-0.0158223016472713,0.987376156521306,0.999431561618104
"K20109",7.1140263170501,-1.00502057405688,1.24819577539138,-0.805178637735535,0.420716601973767,0.999431561618104
"K20115",5.421148169212,-0.676368849735088,1.38403832819196,-0.488692282545861,0.625059568340067,0.999431561618104
"K20118",5644.15938022098,0.590459645009623,0.953341000794713,0.61935828262648,0.535680357099704,0.999431561618104
"K20146",9.95215497151628,-0.567956788465979,1.03508940803088,-0.548703120773344,0.583209204163315,0.999431561618104
"K20151",0.300434506190667,-1.00252203301266,3.79535279319863,-0.264144623079363,0.791668480296891,0.999431561618104
"K20157",4.13554899503688,-0.9347217936597,1.27364301428594,-0.733896219878961,0.463011991122441,0.999431561618104
"K20201",36.0612473340968,0.931040193091215,0.62822177272318,1.48202471406776,0.13833371913305,0.999431561618104
"K20215",3.06777390307935,1.37954302769305,1.94447822260437,0.709466946791173,0.478034755984363,0.999431561618104
"K20218",29.2124034670864,-0.49283125171581,0.74072917375453,-0.665332579271583,0.505837797101746,0.999431561618104
"K20219",1.5412398435806,0.146557900029642,1.86054710453872,0.0787713999135632,0.937214452903504,0.999431561618104
"K20238",10.9808074109514,0.244422416669406,0.789843282453186,0.309456853149716,0.75697402860426,0.999431561618104
"K20265",49.9202170899457,0.404310543361215,0.52620720641617,0.76834854869215,0.44228013894901,0.999431561618104
"K20266",0.150217253095333,-0.060392878424755,3.81694647031143,-0.0158223016472713,0.987376156521306,0.999431561618104
"K20273",218.994789268323,0.0166613718386245,0.350088193533833,0.0475919272525092,0.962041465860092,0.999431561618104
"K20274",725.766486313982,-0.0788698379063463,0.3333040930423,-0.236630271133025,0.812943634076551,0.999431561618104
"K20276",61.0362605116294,-0.00214165154206474,0.506143550220111,-0.00423131252217554,0.99662391114088,0.999431561618104
"K20329",20.6581538852534,0.261255746354317,0.707772265439584,0.369124023519141,0.712035283229944,0.999431561618104
"K20331",0.793809000818667,0.317109944884476,3.00079925545692,0.10567516114509,0.91584008851436,0.999431561618104
"K20370",3.77529512063779,-1.00340593183479,1.27519580939491,-0.786864201122896,0.431361365802495,0.999431561618104
"K20420",1.48568357347635,-2.29332854522824,2.74342586510803,-0.83593603690761,0.403190887747949,0.999431561618104
"K20421",2.82783991499669,0.790673225391248,2.39141494512624,0.330629875422774,0.740924076888655,0.999431561618104
"K20444",10.9301354109259,1.72232959338142,0.900166806732033,1.91334492729649,0.0557039097379536,0.999431561618104
"K20449",6.91361304430187,-0.42928081221725,0.969729977385049,-0.442680769109396,0.65799665427807,0.999431561618104
"K20454",94.0652011097376,-0.404275098759314,0.46658084229771,-0.86646313373784,0.386236235011772,0.999431561618104
"K20455",38.8865297283785,-0.454614472563686,0.480687418306732,-0.945759042674988,0.344271500169602,0.999431561618104
"K20459",2.29931436864844,1.99092122341538,1.76523426938686,1.12785099289224,0.259382853652636,0.999431561618104
"K20466",12.616654771306,0.0635789500386204,0.754760287275515,0.0842372752124037,0.932867782160857,0.999431561618104
"K20467",22.3168020887614,-0.0164176996510666,0.779782803248977,-0.0210541955819775,0.983202423416767,0.999431561618104
"K20468",54.9424869053989,0.273365577040581,0.317997923271164,0.859645793370404,0.389984323861862,0.999431561618104
"K20469",380.171771331918,-0.253225544278738,0.241579337661783,-1.04820862052888,0.294542499677881,0.999431561618104
"K20470",40.0645368808139,-0.318425512011168,0.496498261484908,-0.641342652558003,0.521300083216393,0.999431561618104
"K20480",43.4841534194845,-0.428494658461034,0.614948367125898,-0.696797782330412,0.485929354163504,0.999431561618104
"K20483",12.2818034289848,0.808189415653429,0.893140754844374,0.904884713041957,0.365526466467473,0.999431561618104
"K20484",13.5172670714739,-0.438295698421406,0.670618994993996,-0.653568869496948,0.513389605893482,0.999431561618104
"K20486",181.180354073306,-0.0103049006457166,0.292271251841805,-0.0352580029023662,0.971874011321726,0.999431561618104
"K20497",52.5108067853438,0.35462927445305,0.530883463960712,0.667998343378979,0.504134649958728,0.999431561618104
"K20498",1.62578890124913,-1.57764719991173,2.58360115590748,-0.610638834985964,0.541438706987898,0.999431561618104
"K20509",0.783151712399762,3.63074882894552,3.69668811247591,0.982162605682678,0.326019746682131,0.999431561618104
"K20523",98.0672398899849,0.180854117571423,0.298401149899487,0.606077146929031,0.544463525584357,0.999431561618104
"K20525",0.757665829105244,-0.0524770631200938,3.08299611101469,-0.0170214496646972,0.986419503892175,0.999431561618104
"K20527",1.10896628141285,0.238558218007355,2.84211878642184,0.0839367513937353,0.93310671926268,0.999431561618104
"K20528",1.57704429113362,0.466911416020063,2.57590410044072,0.181261179692279,0.856162575365022,0.999431561618104
"K20529",0.867896376922297,-2.68279315488332,3.48888067328449,-0.768955262765606,0.441919869076524,0.999431561618104
"K20530",4.09059594438652,1.46765139076882,1.77810305431644,0.825402884948662,0.409142897585628,0.999431561618104
"K20531",2.50112594080353,-2.07087623774819,1.93283452281699,-1.07141931360478,0.283980932532859,0.999431561618104
"K20532",1.00903884372181,-2.91395473514088,3.32926382178351,-0.875254978615618,0.381435184768139,0.999431561618104
"K20533",1.00589272242028,-2.91243320365164,3.29189901923471,-0.884727382776375,0.376303683244396,0.999431561618104
"K20534",198.67207970291,-0.161168740644293,0.252293541903057,-0.638814372451204,0.522943697274014,0.999431561618104
"K20539",1.36908251775165,0.541498198094353,2.20672878010687,0.245385025552678,0.806158322517358,0.999431561618104
"K20541",21.976156427252,-0.0599119746990858,0.501685247641444,-0.119421439997983,0.90494147617957,0.999431561618104
"K20542",25.3987728472244,0.133209615980921,0.517773599032352,0.257273866859707,0.796967364839194,0.999431561618104
"K20608",7.32612266160857,0.231986212755729,1.10352069037162,0.210223709242467,0.833493075708183,0.999431561618104
"K20628",0.784700248608115,1.63514531634703,3.01947698624636,0.541532630914253,0.588140512646633,0.999431561618104
"K20656",10.5028813910869,0.00762325535873434,0.725358382310958,0.0105096398478873,0.99161467498945,0.999431561618104
"K20712",293.649436071805,-0.241454677181997,0.387933234171094,-0.622412971907185,0.533670352910252,0.999431561618104
"K20742",24.1385137593683,1.05397632178589,0.51408112046853,2.05021402230315,0.0403435502321524,0.999431561618104
"K20754",9.94484127093672,-0.0481674163895905,0.918826553330875,-0.052422751840352,0.958191845692642,0.999431561618104
"K20762",0.90478258836144,-0.477581861772601,2.89948650451351,-0.164712565838526,0.869170225968924,0.999431561618104
"K20798",24.8500237148018,-0.41205257273449,0.563519188351144,-0.731213029214063,0.464649043022683,0.999431561618104
"K20807",42.9308161346197,0.372417331931391,0.392567794728777,0.948670107258014,0.342788422053833,0.999431561618104
"K20810",34.4022180484455,0.953754098795608,0.523613353089325,1.82148543991181,0.0685330979667389,0.999431561618104
"K20814",478.345270236425,0.0840210285413616,0.239482956491131,0.35084345780771,0.725705792347718,0.999431561618104
"K20817",4.37511603293794,0.0935735643220346,1.6999755225601,0.0550440656822614,0.956103357647656,0.999431561618104
"K20844",52.2739677217325,-0.329075851079268,0.435986956170454,-0.75478370722314,0.450378771307409,0.999431561618104
"K20862",3.10782313119932,-0.318244153520643,1.89010700227903,-0.168373617544887,0.866289361933998,0.999431561618104
"K20866",5.93040037806641,0.072767078604469,0.979723655053366,0.0742730648883897,0.94079310892539,0.999431561618104
"K20885",12.829268476257,0.229986201506369,0.711028167920144,0.323455823387575,0.746350058645059,0.999431561618104
"K20895",32.7004657208078,0.193099519483843,0.818250176772365,0.235990806925988,0.81343980374666,0.999431561618104
"K20902",44.9400339029847,-0.817782611717446,0.722341684449004,-1.13212712117153,0.257580994100166,0.999431561618104
"K20906",3.32283847401472,0.300312522520053,1.6796804049183,0.178791466305556,0.858101446218045,0.999431561618104
"K20920",7.94085262322232,1.65252125342122,1.04186448459526,1.58611919098403,0.112712274263629,0.999431561618104
"K20922",9.60107901630836,-1.26616064161371,0.897371067512205,-1.41096664184182,0.158254450265448,0.999431561618104
"K20926",4.34926720679686,1.423582207833,1.55512728038231,0.915412021762633,0.35997536960633,0.999431561618104
"K20938",87.2823231665364,-0.316435946070929,0.57038896337131,-0.554772210529144,0.579050477279336,0.999431561618104
"K20940",55.9415359092897,-0.629320276399478,0.562448050432616,-1.11889493779101,0.263184962848894,0.999431561618104
"K20941",15.5373564075822,-0.768577851277123,0.652850292724542,-1.17726507875123,0.239089720579515,0.999431561618104
"K20942",12.0415631910041,0.498697414484295,0.892253123370437,0.558919214090833,0.57621685565493,0.999431561618104
"K20950",25.3532040866168,0.714934212428417,0.807375963085932,0.885503464452686,0.375885151913035,0.999431561618104
"K20965",3.88495662740436,-1.88988667564767,1.84116542872358,-1.02646217779456,0.304673782765965,0.999431561618104
"K20971",4.46314647141773,1.51766778564194,1.24167893960986,1.22227069915415,0.22160527586049,0.999431561618104
"K20972",0.177151084382785,-0.640874455684684,3.81152694885504,-0.168141131962139,0.866472251331796,0.999431561618104
"K20974",90.4849243861477,-0.0498011241153908,0.34342553860249,-0.145012873294303,0.884700707809413,0.999431561618104
"K20975",165.322973448036,-0.32325417209699,0.277128089686522,-1.16644318684058,0.243435306181146,0.999431561618104
"K20976",20.2824907552991,0.239780204120793,0.659665252598868,0.363487698004612,0.716240600991623,0.999431561618104
"K20978",0.708604337531141,-2.41838521932666,3.72401717196924,-0.649402273848226,0.516078394653587,0.999431561618104
"K20997",9.77259531279836,-1.06192716809227,0.808970345683164,-1.31268985786554,0.189287476534901,0.999431561618104
"K20999",108.49765907336,0.173080866395828,0.402484657503068,0.430030966818924,0.667173115234488,0.999431561618104
"K21000",1441.02537273383,0.104023553596393,0.229378375391475,0.453502006973668,0.650187298497664,0.999431561618104
"K21001",51.1829041803377,-0.222922799224227,0.405929782604314,-0.549165911882659,0.582891595542063,0.999431561618104
"K21006",1.27975590624447,1.16552324196656,2.67050575339053,0.436442887451859,0.662515428131426,0.999431561618104
"K21009",1.51847777951201,-0.0492752096371473,2.14735934145457,-0.0229468858266495,0.981692640747042,0.999431561618104
"K21010",1.41308342147247,-3.39209998864626,3.08514509198149,-1.09949447676304,0.271552441810391,0.999431561618104
"K21011",36.5029685741406,-0.643253899275536,0.659205883428126,-0.975801210890846,0.329162984588663,0.999431561618104
"K21012",5.23096200848821,-2.24278433969035,1.1912862487486,-1.88265779282377,0.0597467588307279,0.999431561618104
"K21014",12.9426763840217,-0.156588492935892,0.74995351040521,-0.208797599802267,0.834606245122114,0.999431561618104
"K21019",7.94919722105135,-0.139431284257368,1.29039312993546,-0.108053337407602,0.913953382709055,0.999431561618104
"K21021",11.3952556041369,0.838106909820202,0.904684425033107,0.926408023206027,0.354233976118632,0.999431561618104
"K21022",0.426753059106231,1.60506098154785,3.79152066238843,0.423329087315788,0.672055174950478,0.999431561618104
"K21023",13.3138444398689,0.0672126836677652,0.724845275430753,0.092726939039263,0.92612049495075,0.999431561618104
"K21024",7.01228995863432,-1.56986852809857,1.27577768210648,-1.2305188828092,0.218502860373095,0.999431561618104
"K21025",2.84502569876484,-0.984370630796886,1.64503084374229,-0.598390379451814,0.549579483545981,0.999431561618104
"K21028",6.14717379912267,-1.43697546164141,1.15947411672563,-1.2393337987565,0.215221906830793,0.999431561618104
"K21029",486.098551134683,-0.0108849596450532,0.288395519494692,-0.0377431648873224,0.969892459895348,0.999431561618104
"K21034",0.313260684959905,2.32639373729202,3.79152128977883,0.613577917540251,0.539494279532316,0.999431561618104
"K21053",52.5790748286899,-0.247903349607687,0.367126357988105,-0.675253476667341,0.499514736282801,0.999431561618104
"K21054",1.59966760953523,-1.20233323764099,2.6096426752837,-0.460727152045935,0.644994372209272,0.999431561618104
"K21060",7.31686873129681,-2.90223556501639,1.37112796230788,-2.11667739612819,0.0342872365008583,0.999431561618104
"K21061",23.8886906853846,-0.414719914272628,0.717487708642839,-0.578016751056391,0.56325280995814,0.999431561618104
"K21062",101.534005838169,-0.490115527174287,0.491206642201839,-0.997778704655415,0.318386678670311,0.999431561618104
"K21064",616.052503065293,0.0825739928413626,0.441818857263143,0.186895582847842,0.851742502555557,0.999431561618104
"K21065",22.1791603640335,0.940200250135867,1.08123441092402,0.869561901320158,NA,NA
"K21071",956.32820022742,-0.162897447960868,0.296642749656174,-0.549136792150409,0.582911577725976,0.999431561618104
"K21084",743.661986355864,0.0698523775682438,0.436119204628332,0.160168084383656,0.872748669756584,0.999431561618104
"K21087",11.5137081448281,1.40853151290985,0.994844255556656,1.41583117663148,0.156824939190889,0.999431561618104
"K21088",6.54677162709525,-0.0968907107610257,1.23382927114419,-0.0785284585371964,0.937407693476318,0.999431561618104
"K21119",1.59389139513798,1.24168554374979,2.10562501877856,0.589699273458516,0.555392282403372,0.999431561618104
"K21134",0.38967316814323,2.59890514515267,3.76435381361847,0.690398744068767,0.489943466331164,0.999431561618104
"K21136",9.5336192198093,-0.189777355140445,1.04395325232544,-0.181787215775907,0.855749717686519,0.999431561618104
"K21140",616.582400791655,0.00528275505622698,0.233129388015437,0.0226601849779539,0.981921335458506,0.999431561618104
"K21142",37.2249290085757,0.73150179595572,0.554886442857742,1.31829098614914,0.187406257228701,0.999431561618104
"K21147",8942.3645408725,0.005984905567394,0.197619220442928,0.0302850378317449,0.975839729180854,0.999431561618104
"K21148",1699.07519035419,-0.0263554241488107,0.242790243128203,-0.108552237557973,0.913557645702213,0.999431561618104
"K21159",375.150020533462,0.078117699515959,0.337384528814517,0.231539068464237,0.816896037650403,0.999431561618104
"K21160",0.300434506190667,-1.00252203301266,3.79535279319863,-0.264144623079363,0.791668480296891,0.999431561618104
"K21161",0.442877710956963,-1.75197859936088,3.75062833962534,-0.467116024494148,0.640416869956229,0.999431561618104
"K21162",225.017701594628,0.155733001917358,0.372618753707435,0.417941932250767,0.675989573266097,0.999431561618104
"K21163",8.98638341396196,-0.233112362523678,1.14532727706329,-0.203533406731914,0.838718137294986,0.999431561618104
"K21164",21.6179101885236,0.483735381051012,0.644365495759978,0.7507158347771,0.45282369120809,0.999431561618104
"K21166",0.177151084382785,-0.640874455684684,3.81152694885504,-0.168141131962139,0.866472251331796,0.999431561618104
"K21171",1.07174850540012,1.4452146689073,2.10262024835143,0.687339841819001,0.49186859749179,0.999431561618104
"K21185",15.940653801995,1.58397472924446,0.909890077049297,1.74084185463498,0.0817113031318666,0.999431561618104
"K21195",8.89273806605076,0.219944356279252,0.862419509103719,0.255031749580703,0.798698577208078,0.999431561618104
"K21199",0.770200420972696,-2.52115979004379,3.59550387622086,-0.701197906284477,0.483179516293623,0.999431561618104
"K21210",52.9282184312942,0.336724008300284,0.582727702227399,0.57784108600501,0.563371413552623,0.999431561618104
"K21211",0.948878938543858,-2.81707229260341,3.71300121900944,-0.75870491993939,0.448029093142076,0.999431561618104
"K21218",1.05582183279175,-0.321028706258166,2.81204035906836,-0.114162197289559,0.909109218131221,0.999431561618104
"K21219",1.22943058042205,0.356643446446412,2.71089462162085,0.131559317578038,0.895332865622741,0.999431561618104
"K21232",3.84809150959919,-0.22589838335031,1.24797278785435,-0.181012266893014,0.856357947479594,0.999431561618104
"K21251",0.918173979513921,-2.77215236267947,3.42699938538155,-0.808915336986798,0.418563846379601,0.999431561618104
"K21252",9.57295162163791,-0.0798964413847915,0.844006730664483,-0.0946632751635634,0.924582289111698,0.999431561618104
"K21259",4.28270560608298,-0.481790344784365,1.25349952811077,-0.384356223500539,0.700714441829367,0.999431561618104
"K21267",25.6663073865206,0.206178601524018,0.732585290248218,0.281439723495076,0.778373153895982,0.999431561618104
"K21273",2.59846218606865,-1.38336466782362,2.0020332822141,-0.690979855386677,0.489578200599296,0.999431561618104
"K21284",0.156630342479952,1.62272230958218,3.81694647031143,0.425136250194722,0.670737353439905,0.999431561618104
"K21285",47.4181146233798,-0.0270224571107851,0.51383772821365,-0.0525894764573406,0.958059001939204,0.999431561618104
"K21298",2.10176136299717,-0.29732122457908,2.52372631488316,-0.117810407105433,0.906217883299492,0.999431561618104
"K21302",243.514689385077,0.00875025101023156,0.376569418441679,0.0232367541858335,0.981461420914536,0.999431561618104
"K21303",4.3688416190959,1.76839790338702,1.0403283577557,1.69984590942228,0.0891599134668946,0.999431561618104
"K21307",88.3087195224702,0.180626139261004,0.401245754810814,0.450163365207861,0.65259264978175,0.999431561618104
"K21308",18.6863542353593,-0.471443059728357,0.649638349012353,-0.725700784821422,0.468022220566515,0.999431561618104
"K21309",1.44396426237645,-1.37078339166764,2.67228567624684,-0.512962893096394,0.607977277572511,0.999431561618104
"K21310",24.8157487697094,-0.233760298150059,0.660961918990049,-0.353666817155284,0.723588593430759,0.999431561618104
"K21344",16.6057485950982,0.335890463193936,0.664134856688896,0.505756413491904,0.613027660072859,0.999431561618104
"K21345",13.4776013747913,0.89578414747359,1.10268926887359,0.812363167720532,0.416583274285764,0.999431561618104
"K21349",12.363451195712,-1.57555791388095,0.772833140656046,-2.03867799010727,0.0414821758244034,0.999431561618104
"K21377",3.34702075749926,0.133011846111071,1.41682973442039,0.0938799087001693,0.925204553875074,0.999431561618104
"K21378",0.226984748292652,-0.830065403632557,3.80578483127173,-0.218106235752478,0.827346338934859,0.999431561618104
"K21393",84.0773588805143,-0.139876551359832,0.389018192396926,-0.359563007832581,0.719173951271689,0.999431561618104
"K21394",234.87225626245,-0.292573636201488,0.376167931654529,-0.777773998210423,0.436702259271372,0.999431561618104
"K21395",3086.4298648653,-0.204102490440195,0.314198277882444,-0.649597737504339,0.515952094912717,0.999431561618104
"K21397",36.2581072789177,-0.573747475323694,0.620503463927346,-0.924648303640853,0.355148878319784,0.999431561618104
"K21401",591.263550327271,-0.121219093519295,0.296822306832893,-0.408389432764364,0.682987790251771,0.999431561618104
"K21405",47.179871149432,-1.15889059494733,0.507204654886356,-2.28485796370893,0.0223211575732511,0.999431561618104
"K21407",0.591521903401535,-2.1511606890391,3.73326822788284,-0.576213804562079,0.564470675539348,0.999431561618104
"K21416",303.743673987444,0.230196390160853,0.404649299234353,0.568878756484721,0.569438422874444,0.999431561618104
"K21417",213.662604108786,0.121923566451526,0.420606604182362,0.289875539849261,0.7719114549626,0.999431561618104
"K21420",198.567167726662,-0.216716442456802,0.322007233657087,-0.673017310808578,0.500936277998934,0.999431561618104
"K21430",398.500946396257,0.0162079648529102,0.197055407975212,0.0822507995058375,0.934447278093444,0.999431561618104
"K21449",73.4188530311643,0.639417843052725,0.558113397176337,1.14567728760451,0.251928704880428,0.999431561618104
"K21465",97.867393738427,0.118915573125061,0.682286485635612,0.174289797070039,0.861637717285545,0.999431561618104
"K21467",7.14447538661658,-0.251408567547626,1.40386117743523,-0.179083638459847,0.857872028940496,0.999431561618104
"K21469",2.65893328663245,-1.52717884013304,1.65347825925097,-0.923615917892296,0.355686323210239,0.999431561618104
"K21470",508.15575193299,-0.257645916688268,0.262756551717172,-0.980549923510928,0.326814739119081,0.999431561618104
"K21471",4486.01950493617,-0.0428572158136348,0.288368234711768,-0.148619752992113,0.881853685481109,0.999431561618104
"K21472",657.261995139993,-0.0475972105339559,0.216688751154988,-0.219657043940928,0.826138261531893,0.999431561618104
"K21473",4.71536177866046,-2.43051098044443,1.42876764739491,-1.70112403152187,0.0889196991820101,0.999431561618104
"K21478",0.844713938108261,-0.344455742347136,3.58210251733264,-0.0961602133608476,0.923393329469403,0.999431561618104
"K21481",47.0746029239609,-0.0687904410526145,0.428092715299866,-0.160690520053416,0.872337156303673,0.999431561618104
"K21495",31.8041566869269,-0.00724546816493236,0.59651970057742,-0.0121462344963945,0.99030894531254,0.999431561618104
"K21498",31.0071998906118,-0.0168671499672698,0.525862622947243,-0.032075202212959,0.974412078999694,0.999431561618104
"K21514",2.18497924441342,-1.05567049830854,2.4649736883622,-0.42826846521431,0.668455675090725,0.999431561618104
"K21552",9.1168281057309,-1.50044663189988,1.59735018989406,-0.939334806727258,0.347558873308636,0.999431561618104
"K21561",52.0174079759068,-0.369609237598937,0.532597796210556,-0.693974402877206,0.487698261659376,0.999431561618104
"K21563",6.32589137328494,0.090868394183724,1.27936333491018,0.0710262610348324,0.943376854983726,0.999431561618104
"K21564",9.77342946677166,0.986653311703903,1.15132005494821,0.856975701468419,0.391458313540718,0.999431561618104
"K21567",126.514868966577,0.156322560930134,0.24674489845345,0.633539181194562,0.52638160286914,0.999431561618104
"K21572",274.340498943804,-0.0507729949687497,0.452895025750339,-0.112107645440863,0.910738055458542,0.999431561618104
"K21573",205.833882194296,-0.251104540398602,0.419309837999536,-0.598852012622895,0.549271574157271,0.999431561618104
"K21575",6.94423029955124,-1.16939183383629,1.44922256322523,-0.806909762178847,0.419718474077113,0.999431561618104
"K21577",6.52871383157849,-3.55577157756449,2.1261629209378,-1.6723890453306,0.0944476308503762,0.999431561618104
"K21600",925.30138042794,-0.0532760618005558,0.265427127451727,-0.200718224666938,0.840918908494486,0.999431561618104
"K21601",25.8684667621479,0.68698892577682,0.946753785023658,0.725625750479205,0.468068230667692,0.999431561618104
"K21602",19.7952778622929,-0.803865918193067,0.578731889765093,-1.38901265406224,0.164828902186251,0.999431561618104
"K21607",3.57692933040742,1.67120872677939,1.83220949939546,0.912127530902338,0.361701587146292,0.999431561618104
"K21613",3.95832452771858,-2.80702150606795,1.9288469863025,-1.45528469909833,0.145590460800775,0.999431561618104
"K21615",235.202430315832,-0.0552688715857788,0.60532592643601,-0.0913043191643656,0.927250786129442,0.999431561618104
"K21619",9.40400696012904,-0.60193590612506,1.00406390383381,-0.599499597412769,0.548839778462283,0.999431561618104
"K21620",1.49946089657214,-3.48655093067471,2.45742233686109,-1.41878377126178,0.155962065452958,0.999431561618104
"K21621",6.12334347318937,0.800665059907169,1.64106534063117,0.487893467787959,0.625625301624146,0.999431561618104
"K21622",1.30902415100612,-0.786853583003416,3.2534558057635,-0.241851627924222,0.808895132829092,0.999431561618104
"K21624",11.1191633761278,-0.342905947007456,0.938251365616427,-0.365473432359108,0.714758035153214,0.999431561618104
"K21636",19.93139153075,0.603509799126307,0.58976591639286,1.02330396238818,0.30616415086812,0.999431561618104
"K21645",35.0411388312232,-0.556475663344728,0.551702757907613,-1.00865122635097,0.313141930609675,0.999431561618104
"K21677",20.1707852412731,0.331979402940457,0.560084601027468,0.592730816614928,0.55336131432362,0.999431561618104
"K21678",4.68665975259109,1.52081039335653,1.17293165963114,1.29658909013914,0.194772608254006,0.999431561618104
"K21679",36.054979326747,0.434178683783316,0.49695763952191,0.873673426574165,0.382296126434081,0.999431561618104
"K21681",189.505459640096,0.248371764034305,0.380483582979468,0.652779187184293,0.513898643148026,0.999431561618104
"K21684",0.600869012381334,-2.12906978323398,3.73411097101173,-0.570167785521683,0.568563903235198,0.999431561618104
"K21685",2.9083669762777,-1.27869630734856,1.6858953957564,-0.75846716858424,0.448171360438078,0.999431561618104
"K21686",63.8923738245664,-0.752461881519945,0.451771836708394,-1.66557943718311,0.0957972095590865,0.999431561618104
"K21687",2284.45374350122,0.0236425870674991,0.307922093851609,0.0767810674829092,0.938797712230427,0.999431561618104
"K21688",8063.85503498758,0.0461505853335402,0.291882748257108,0.158113439760023,0.874367410430708,0.999431561618104
"K21689",1.58075792758555,1.1670698547984,2.61035387990554,0.447092581501106,0.654808215141576,0.999431561618104
"K21691",165.909100376477,-0.475388943355085,0.431452825801938,-1.10183295814898,0.270534299070403,0.999431561618104
"K21696",1.66053814245175,-3.62468190284801,3.60997811629996,-1.00407309575691,0.315343382309856,0.999431561618104
"K21698",1.25560568733757,-3.21215746711903,3.134337663897,-1.02482814921902,0.305444281811333,0.999431561618104
"K21700",8.44228034084398,-0.501557519692764,0.877198626372617,-0.571771893632346,0.56747652098322,0.999431561618104
"K21703",24.6521109079541,0.0204523459847919,0.640427861212083,0.0319354407006645,0.974523535453151,0.999431561618104
"K21726",6.06632093373983,1.05780162325485,1.76840146809823,0.598168256664269,0.549727669791878,0.999431561618104
"K21727",64.9197401468235,0.078672933882745,0.443865073018072,0.17724515548792,0.859315828172211,0.999431561618104
"K21728",0.715096912111202,2.59121243441431,3.65793705296852,0.708380815987927,0.47870880243495,0.999431561618104
"K21739",12.1848181949817,-1.27583474344398,0.917850974397413,-1.39002384813242,0.164521635713298,0.999431561618104
"K21741",67.4738001866124,1.04428697661423,0.41510078210971,2.51574321615762,0.01187816896512,0.999431561618104
"K21744",89.4683077750731,0.356470961359607,0.328076002156478,1.08654994274645,0.277235757704144,0.999431561618104
"K21745",53.4001878278568,0.207612783322486,0.435003778343118,0.4772666207941,0.63317227663836,0.999431561618104
"K21747",4.1623329354607,0.876344942017582,1.45113730398825,0.60390215289006,0.545908697385435,0.999431561618104
"K21749",16.9946481402631,0.647373331254617,0.757017605740962,0.855162847396361,0.392461000893424,0.999431561618104
"K21755",9.03469246430481,1.65953609644104,1.12689903155257,1.47265730999399,0.140843463116419,0.999431561618104
"K21757",28.4848623414672,-0.0397028032868423,0.547174299356264,-0.0725597005077754,0.94215649648407,0.999431561618104
"K21801",4.92744544092999,-0.537099676103847,1.16943683956772,-0.459280619466706,0.646032663278701,0.999431561618104
"K21802",1.56944154250403,2.06569888990317,2.17060837879981,0.951668163671863,0.34126530011648,0.999431561618104
"K21815",0.948878938543858,-2.81707229260341,3.71300121900944,-0.75870491993939,0.448029093142076,0.999431561618104
"K21826",138.814984159743,-0.091278973764007,0.318303090924417,-0.286767475298195,0.7742903683751,0.999431561618104
"K21829",8.68292407785007,-1.81575669097573,1.21726294030982,-1.49167170941192,0.135785229091299,0.999431561618104
"K21830",4.38593078889759,-0.560959005590399,1.87756373604954,-0.298769620876187,0.765115831826206,0.999431561618104
"K21832",21.3987457843677,0.257255126792064,0.903456630984417,0.284745407769885,0.775839199658471,0.999431561618104
"K21833",2.52019313219745,3.16567704170919,2.32540802046013,1.36134261766363,0.173405440887447,0.999431561618104
"K21834",248.859987581072,0.113791011863891,0.370762147373291,0.30691108213192,0.758911053587173,0.999431561618104
"K21883",123.236638074249,0.0255939160030151,0.387284053470448,0.0660856437895345,0.947309640460729,0.999431561618104
"K21885",35.1913331563128,0.130399833348228,0.605924726034962,0.215207975092115,0.829605173379731,0.999431561618104
"K21886",50.6775562409428,-0.294034956202637,0.581354029841432,-0.505776069502498,0.613013859748779,0.999431561618104
"K21887",26.4638277073038,0.110270569730201,0.774779848652081,0.142325035843463,0.886823272074946,0.999431561618104
"K21900",2.21614588038326,0.42522911054078,1.74605327252083,0.243537306239726,0.807589188663538,0.999431561618104
"K21902",115.043269874214,-0.206373096484895,0.389329054542522,-0.530073710340967,0.596060825796168,0.999431561618104
"K21903",214.360968374427,0.204255973757338,0.285720457711187,0.714880465310626,0.474682908751919,0.999431561618104
"K21908",190.021680235934,0.161019936253066,0.40624510413176,0.396361542860198,0.691838332167783,0.999431561618104
"K21911",1.42431113927097,-0.205885533979322,2.2637988619419,-0.0909469199939043,0.927534767881986,0.999431561618104
"K21929",610.777022759039,-0.0234423488420927,0.216991632093652,-0.108033423297978,0.913969179399746,0.999431561618104
"K21935",13.9064314200475,-0.351364630236732,0.848507616873084,-0.41409720225209,0.678802921670532,0.999431561618104
"K21947",13.7584428072289,0.330756445357146,0.731580939630356,0.452111895539906,0.651188374504041,0.999431561618104
"K21948",306.570015613806,-0.219945074302071,0.302540289707632,-0.72699432698574,0.467229430996847,0.999431561618104
"K21949",61.2671574997515,0.229276788587483,0.44974249180035,0.509795700356603,0.610194598262571,0.999431561618104
"K21959",5.66208221480005,1.21344914573262,1.38026429051871,0.879142606287808,0.379323958897488,0.999431561618104
"K21961",97.932295463562,-0.116462369718909,0.318137274734041,-0.366075838853745,0.71430848584215,0.999431561618104
"K21962",8.43692973389247,-0.0201194063823459,0.77755326951989,-0.0258752771945373,0.9793568193837,0.999431561618104
"K21966",0.156630342479952,1.62272230958218,3.81694647031143,0.425136250194722,0.670737353439905,0.999431561618104
"K21973",3.47651877309841,-2.592098438944,1.91852774528916,-1.35108728310484,0.176667474617653,0.999431561618104
"K21990",22.9215636061681,0.739733563517953,0.547480327814767,1.3511600799805,0.176644159217718,0.999431561618104
"K21993",67.5440794082857,0.386838193895876,0.475735121742324,0.813137765568213,0.416139076037974,0.999431561618104
"K22010",560.234042425678,-0.1400926226926,0.216768297840241,-0.646278187762716,0.51809921131355,0.999431561618104
"K22024",75.4937803914079,-0.169751469575965,0.45963198169619,-0.369320404880285,0.7118889180673,0.999431561618104
"K22025",55.0078824776008,-0.203406591323182,0.556268341737389,-0.365662713588703,0.714616772275652,0.999431561618104
"K22027",35.9238047460339,0.763686428165111,0.497910157491554,1.53378358861471,0.125082901716088,0.999431561618104
"K22033",8.52234924827325,0.460702534786915,0.864626230582963,0.532834325967988,0.594148270037945,0.999431561618104
"K22041",32.5232437365153,0.30973593192638,0.478004641366573,0.647976829348084,0.516999936792921,0.999431561618104
"K22042",63.6033354093491,-0.20997514400934,0.350260425404193,-0.5994829240758,0.548850893785389,0.999431561618104
"K22044",550.213793428683,-0.176593566629412,0.247010525434264,-0.714923245958633,0.474656472079138,0.999431561618104
"K22063",65.8730482181228,-0.00514040800601881,0.437630569786709,-0.0117459984765784,0.9906282646655,0.999431561618104
"K22067",10.602392529517,0.671305660238378,0.699019896128825,0.96035272237038,0.336877723812525,0.999431561618104
"K22068",408.315264765297,-0.0870560844160564,0.217979227143754,-0.399377892823908,0.689614780759338,0.999431561618104
"K22071",49.8294361928783,0.156736525307257,0.427698388997937,0.366465082261539,0.714018063419875,0.999431561618104
"K22072",175.972350444955,0.0080955781722586,0.26776176893188,0.0302342571329447,0.975880227770973,0.999431561618104
"K22073",14.7167886119051,-0.252058677475057,0.912593953594383,-0.27620024928095,0.782394265780272,0.999431561618104
"K22074",1163.50770304793,-0.0164746645435845,0.254902947777404,-0.0646311260314301,0.948467701522692,0.999431561618104
"K22077",0.200542578917755,1.62272230958218,3.81694647031143,0.425136250194722,0.670737353439905,0.999431561618104
"K22081",85.5397614250567,0.281520094120084,0.358457575761974,0.785365167751459,0.432239497187226,0.999431561618104
"K22082",43.4448779205332,0.0652306002635952,0.579271161591621,0.112608057484453,0.91034129673769,0.999431561618104
"K22083",95.518155119611,-0.565002771811656,0.483827267896617,-1.1677778606153,0.242896380669307,0.999431561618104
"K22084",16.8118392237153,-0.848616511986237,0.913178660438154,-0.929299543179273,0.352733871901814,0.999431561618104
"K22085",1.27921652110112,-0.738157507481686,2.29830359782826,-0.321174934494813,0.748077826094733,0.999431561618104
"K22087",6.14284866226052,0.752281509480402,1.53871674021398,0.488901881561246,0.624911163550177,0.999431561618104
"K22104",26.2704175905628,-0.607182438681505,0.605233747640899,-1.00321973295145,0.315754854061682,0.999431561618104
"K22105",13.2262507996941,-1.4440967141684,0.883659868641236,-1.63422235796327,0.102212169583395,0.999431561618104
"K22107",36.659052740645,-0.149214504761889,0.500955110898938,-0.297860030800227,0.765809994810302,0.999431561618104
"K22108",296.372420407782,-0.00567878287246617,0.268999538512171,-0.0211107532149511,0.983157306982209,0.999431561618104
"K22112",7.61558590236504,0.212322265136395,0.804186970352189,0.264021021185422,0.791763720737351,0.999431561618104
"K22116",1.81199503665867,-0.467395075422874,2.10794549150556,-0.22173015256151,0.824523955964936,0.999431561618104
"K22129",50.1662711760339,0.332525047301139,0.386279907824797,0.860839615432344,0.389326382946721,0.999431561618104
"K22130",80.6944272973943,-0.428407090119002,0.511936653932518,-0.836836133588264,0.402684683633637,0.999431561618104
"K22131",39.7158711093169,-0.306116939822259,0.622980418256206,-0.491374898554782,0.623161314559471,0.999431561618104
"K22132",160.550123575157,0.484084193448365,0.594921671511407,0.813693998099854,0.415820273351478,0.999431561618104
"K22133",16.7564029827754,-0.559258651906959,0.639954542506541,-0.873903714655238,0.382170691588464,0.999431561618104
"K22135",224.866045113702,0.257291856067359,0.545545466047774,0.471623122324377,0.637195819487268,0.999431561618104
"K22136",507.997808635197,0.0252749574959829,0.399346497774039,0.0632907954291967,0.949534945253173,0.999431561618104
"K22153",2.69301008309748,-3.25568023666839,2.03874433279236,-1.59690461638672,0.110286970620202,0.999431561618104
"K22185",91.5213978225237,0.179868593895542,0.30155753598046,0.596465259310239,0.550864455542304,0.999431561618104
"K22186",220.961914575177,-0.563493976784074,0.327935881853394,-1.71830533944434,0.0857409359756326,0.999431561618104
"K22187",716.830036829791,-0.26447596792901,0.461375571773647,-0.573233573923943,0.566486554749674,0.999431561618104
"K22205",93.7201359025039,0.234900328963516,0.336130862510337,0.698835945051885,0.484654562012825,0.999431561618104
"K22209",445.687459954427,-0.328403530010329,0.631386601435348,-0.520130660460264,0.60297250980364,0.999431561618104
"K22210",88.6656981571607,0.000712802275321834,0.338531445742102,0.00210557182881278,0.998319997987492,0.999472602306461
"K22213",8.44292365206842,-1.57396235649927,0.95882440971893,-1.64155432480141,0.100682400016736,0.999431561618104
"K22215",1.73668063120811,-3.69701296700571,2.33666573838519,-1.58217450886262,0.113609737948891,0.999431561618104
"K22216",1.13461863895133,4.16262779022687,3.07773581420315,1.35249678384257,0.17621644694371,0.999431561618104
"K22223",3.67934102139703,2.43202936438337,2.25632884388275,1.07787008572663,0.2810917369075,0.999431561618104
"K22225",346.337324771401,-0.124394881172323,0.282008061282711,-0.441103990455146,0.659137714746779,0.999431561618104
"K22227",536.656645796273,0.0907924789458344,0.61146526595305,0.148483460960488,0.881961237511229,0.999431561618104
"K22230",126.16114064196,0.463645551607212,0.630475344549071,0.735390456765317,0.462101732191205,0.999431561618104
"K22250",28.9026443966331,0.179362766146479,0.665399317791513,0.26955658256728,0.787501406273668,0.999431561618104
"K22252",4.62969622355476,-1.51162019232303,1.48905620614602,-1.01515321321242,0.31003279906994,0.999431561618104
"K22268",395.400423538552,-0.78228392157781,0.53799447746024,-1.4540742597783,0.145925719063609,0.999431561618104
"K22270",30.7967069041352,-0.490171224335581,0.55614859601744,-0.881367368084141,0.378119013766149,0.999431561618104
"K22278",1152.11489229071,-0.256051786005449,0.358959035565108,-0.713317567288276,0.475649269276476,0.999431561618104
"K22292",28.6888789177733,0.355720006200374,0.60098034297573,0.591899569358692,0.553917842207876,0.999431561618104
"K22293",196.915229530146,-0.169707535799297,0.29612546654145,-0.573093350536071,0.566581489256137,0.999431561618104
"K22294",0.934650439244071,-1.54801235454427,2.94653928659927,-0.525366270045867,0.599328596745743,0.999431561618104
"K22295",3.84415595099517,-0.463875300261599,1.20436553990138,-0.385161551782346,0.700117727241801,0.999431561618104
"K22296",12.0838389589141,0.248518736824423,0.64028495016794,0.388137713933834,0.69791412376137,0.999431561618104
"K22297",544.359140281381,-0.109107050490588,0.231188237264479,-0.471940319203048,0.63696938802653,0.999431561618104
"K22298",17.1951634607902,-0.262558506755934,0.629096075674548,-0.417358360524512,0.67641630697306,0.999431561618104
"K22299",6466.45608714182,0.206110022466649,0.371609794429449,0.554640985130922,0.579140249482322,0.999431561618104
"K22300",21.690518056541,-0.425751363386521,0.885224639176505,-0.480952906804066,0.630549969341022,0.999431561618104
"K22303",64.9204853693702,-0.00411273152871393,0.457170327749455,-0.00899605962827896,0.992822279729058,0.999431561618104
"K22306",128.317657142776,0.160466639989538,0.40376732504351,0.397423540828238,0.691055158827356,0.999431561618104
"K22310",43.1674753473851,-0.702534926576826,0.566257504456008,-1.24066333964392,0.214730142585538,0.999431561618104
"K22311",74.1370457685202,0.302644813788333,0.403853917500955,0.749391799047283,0.45362109243507,0.999431561618104
"K22314",0.177151084382785,-0.640874455684684,3.81152694885504,-0.168141131962139,0.866472251331796,0.999431561618104
"K22316",120.525569608833,0.203934538411238,0.335301826680802,0.608211832395946,0.543046987926115,0.999431561618104
"K22317",347.93628518419,-0.00896969032061432,0.280740197168757,-0.0319501461175597,0.974511808212475,0.999431561618104
"K22318",9.80670652140472,0.370735341333234,1.02674001010448,0.361080056961556,0.718039601219109,0.999431561618104
"K22319",0.838088747017298,-2.62127891976518,3.53584228574098,-0.741344977499712,0.458484297047255,0.999431561618104
"K22320",28.4288994291224,0.479479022759386,0.55070507294043,0.870663893105724,0.38393769880342,0.999431561618104
"K22330",1.33109170878591,0.299942333844085,2.22550059315778,0.134775220804814,0.892789597992152,0.999431561618104
"K22336",130.868528023215,0.203738541349477,0.315790101101978,0.645170765766607,0.518816528867183,0.999431561618104
"K22342",11.9217838653998,0.101055245370767,0.823359943101631,0.122735197670763,0.902316790859126,0.999431561618104
"K22343",3.27382154121523,1.19363103114457,1.58383184197731,0.753634950067931,0.451068451961488,0.999431561618104
"K22348",51.270456338742,0.321493054869587,0.584036523122874,0.550467380277087,0.581998844399639,0.999431561618104
"K22349",479.132751252962,-0.286701427312104,0.535784691068038,-0.53510567228151,0.59257678782441,0.999431561618104
"K22350",69.4632682893613,0.903037315225636,0.784023435706783,1.15179888010818,0.249403728194422,0.999431561618104
"K22364",1.1657486713972,0.699171422553305,2.76721217226679,0.252662744678725,0.800528839362795,0.999431561618104
"K22369",48.8084672979348,0.437084669953418,0.383875158169186,1.13861150077542,0.254865229418327,0.999431561618104
"K22373",266.313591464848,0.023122783114198,0.199712627078608,0.115780276151977,0.907826682724583,0.999431561618104
"K22390",214.923551434249,0.204337895690811,0.298219070908934,0.685193924949252,0.493221556882374,0.999431561618104
"K22391",156.142124103096,-0.359457238006905,0.657834833812699,-0.546424755167725,0.584773997417175,0.999431561618104
"K22396",27.6624944188434,-0.300772197930659,0.45184578405492,-0.665652327728926,0.505633351249746,0.999431561618104
"K22397",3.48934105939396,-0.560129628704844,1.893789607251,-0.295771835773205,0.767404332967968,0.999431561618104
"K22399",11.0359206797952,1.57846937594297,0.890580663374342,1.77240472520734,0.0763273979919142,0.999431561618104
"K22408",1.18924479448135,-3.13897442692586,2.64285492213379,-1.18772105144217,0.234943327156608,0.999431561618104
"K22419",37.1138534442516,-0.0623264675038931,0.57767706337589,-0.107891539157991,0.914081728717636,0.999431561618104
"K22438",24.2468188900751,0.0153361553758311,0.597798781185812,0.0256543771223652,0.979533013649507,0.999431561618104
"K22441",20.522790234222,0.0334748001089959,0.797744028564782,0.0419618310013806,0.966529125748566,0.999431561618104
"K22443",0.757499354861286,-1.1672866052499,3.73411075928345,-0.312600959237186,0.754583849261603,0.999431561618104
"K22447",137.973980289942,0.81220731501728,0.480156638761653,1.69154656928623,0.0907324613689584,0.999431561618104
"K22450",2.84663681563157,-4.40238255172839,3.21223413969773,-1.37050487613043,0.170529354317633,0.999431561618104
"K22451",20.4527969874808,-0.745027915971978,0.624801635481558,-1.19242312065614,0.233095379005695,0.999431561618104
"K22452",538.696469312322,-0.0285525283922334,0.203762015325784,-0.140126845263983,0.888559770393623,0.999431561618104
"K22463",3.52190150162727,0.721231111116368,2.34301708466751,0.307821533114734,0.758218135594977,0.999431561618104
"K22468",259.712207381308,0.0326998817977169,0.33044538511529,0.0989569934115077,0.921172416724961,0.999431561618104
"K22476",49.7258022358253,-0.0400664024583088,0.369618705576901,-0.108399282432888,0.913678970318114,0.999431561618104
"K22477",2.26173767401906,2.25851886721463,1.86346631349284,1.21199876319809,0.225512854072637,0.999431561618104
"K22478",0.929563589381792,2.88150579595586,3.38572969213407,0.851073788510154,0.394728364767944,0.999431561618104
"K22479",124.313163491969,-0.110279109501109,0.327407774620034,-0.336824956673955,0.736248858560681,0.999431561618104
"K22486",12.5711642231286,-2.08004799393865,0.95146105945976,-2.18616198031236,0.0288037567436876,0.999431561618104
"K22489",1.91678834890538,-0.11996547804486,2.13235754557055,-0.0562595509810535,0.955135041412629,0.999431561618104
"K22491",141.62895382133,-0.0272238668539791,0.34520055327173,-0.0788639143128758,0.937140866017091,0.999431561618104
"K22515",224.892801565255,0.0288231502139339,0.441501956729073,0.0652843091058397,0.947947635210925,0.999431561618104
"K22522",233.742821812285,0.0412562302815361,0.342566394171684,0.120432800716756,0.904140309273348,0.999431561618104
"K22539",4.23978640129485,-1.08652862004928,1.14562808476047,-0.94841304477662,0.342919221114817,0.999431561618104
"K22549",5.47883824509658,1.17745774684778,1.1658836637133,1.00992730535191,0.312530119486576,0.999431561618104
"K22550",1.05967339594667,-0.746773169600091,2.4308507834196,-0.307206503457019,0.758686195686298,0.999431561618104
"K22551",6.17720000056035,-1.43551257935756,1.47786350287895,-0.971343142692891,0.331377431664514,0.999431561618104
"K22552",8.06635529400893,0.253409425844651,0.87256283332591,0.290419688034089,0.771495183573391,0.999431561618104
"K22553",184.266614461828,1.22914260981161,0.48723244471318,2.5227027123269,0.0116456807289709,0.999431561618104
"K22579",127.453652901443,0.645490855338272,0.334145684422234,1.93176475241445,0.0533885484403122,0.999431561618104
"K22580",0.920780182989003,2.91995356177562,3.40097280659661,0.858564219070498,0.390580985911772,0.999431561618104
"K22585",5.02629687028867,0.606116281577789,1.55947421250117,0.388667075555976,0.697522441003353,0.999431561618104
"K22589",46.3110473619983,0.618747275654805,0.417177919901858,1.48317359605314,0.138028294469473,0.999431561618104
"K22602",17.1452425190729,-0.830884609357091,0.728381344846466,-1.14072747089951,0.253983351079672,0.999431561618104
"K22616",20.0922956496823,-0.552548855057479,0.846094069181568,-0.653058418896569,0.513718617539403,0.999431561618104
"K22617",9.6596775723507,-0.793751181051145,0.964828425242976,-0.822686355712677,0.410686376385624,0.999431561618104
"K22622",30.8065602701549,0.0914411381141501,0.416454262993577,0.2195706617501,0.826205542341888,0.999431561618104
"K22684",9.42410942305484,-0.325099826837046,0.84826581732952,-0.383252301572771,0.701532701927814,0.999431561618104
"K22686",8.16897732690991,-0.516877938629484,0.890670901120201,-0.58032426789671,0.561695965100808,0.999431561618104
"K22694",0.40108515783551,2.6353783060543,3.7610776917493,0.700697651589476,0.483491721943964,0.999431561618104
"K22699",31.6924574905334,0.263471013491921,0.683298507553639,0.385586988086957,0.699802571410706,0.999431561618104
"K22704",10.7365885461727,0.53734038231865,1.10507943601369,0.48624593382805,0.626792807466309,0.999431561618104
"K22705",56.5642707070612,0.104269565523074,0.366464354261137,0.284528534114325,0.776005370179209,0.999431561618104
"K22708",51.4144902885078,0.362612368691878,0.388994814830261,0.932177897667107,0.351244595909279,0.999431561618104
"K22712",1.48912437179641,-1.4357678025746,2.65132380960232,-0.541528649716294,0.588143255952458,0.999431561618104
"K22719",494.294234715262,-0.0632136853521506,0.287191776562406,-0.220109663684658,0.825785748831971,0.999431561618104
"K22721",18.4099918608391,-0.284900181552176,0.995864569245768,-0.286083259059964,0.774814353286776,0.999431561618104
"K22723",5.79249521512864,0.053201978961676,1.39976925756459,0.0380076778184429,0.969681560439002,0.999431561618104
"K22736",435.051827793276,-0.0484782373971313,0.262945858822789,-0.184365852400828,0.853726456435537,0.999431561618104
"K22737",278.59166691327,0.024349257601496,0.335761740239911,0.0725194525859253,0.942188525300906,0.999431561618104
"K22745",1.66876595462653,0.303640807779645,2.52827366576175,0.120098077946068,0.904405454948854,0.999431561618104
"K22747",49.3374521260662,-0.0168810321038353,0.506661595789674,-0.0333181599791963,0.973420872229864,0.999431561618104
"K22757",69.8460474803911,0.145452047131193,0.381322393404781,0.381441136547135,0.70287594154726,0.999431561618104
"K22769",2971.62032913174,-0.150084993887025,0.18222060029495,-0.823644492686838,0.410141587298169,0.999431561618104
"K22770",1454.19330127208,-0.148384526035503,0.261951561200779,-0.566457880057338,0.571082557951221,0.999431561618104
"K22797",3.82299096532971,0.509789426348365,1.6180886591898,0.315056547398104,0.752718719762968,0.999431561618104
"K22818",22.849237472065,0.915524464654834,0.632353744277913,1.44780429141014,0.147671792256177,0.999431561618104
"K22819",4.09936028636393,0.0472521182362622,1.34620161637712,0.0351003279608493,0.971999739899793,0.999431561618104
"K22820",4.15910768351909,-1.10583591117778,1.37265729619607,-0.805616896688117,0.420463779940737,0.999431561618104
"K22822",2.68882566195749,-1.22205158273887,1.56833817681176,-0.779201578337626,0.435860980512083,0.999431561618104
"K22843",56.5995650390606,0.168441191210016,0.454220099673079,0.370836057962318,0.710759642835245,0.999431561618104
"K22844",193.344668072986,-0.256850477249203,0.231139952229983,-1.11123358281929,0.266467819414787,0.999431561618104
"K22847",0.49041176934269,1.02457889781259,3.78606454421377,0.270618444521356,0.786684508324432,0.999431561618104
"K22879",22.0699554123653,-0.174040839436329,0.692046077332256,-0.251487357759808,0.801437335233634,0.999431561618104
"K22881",70.5993807477137,0.287788006848631,0.436362074493935,0.65951654295894,0.509564126563336,0.999431561618104
"K22893",18.8470840250327,0.5094491373073,0.749978230875245,0.679285233003043,0.49695715119664,0.999431561618104
"K22894",740.256472264415,0.446165067784635,0.457971235296519,0.974220722608833,0.329946957577783,0.999431561618104
"K22895",0.827853760673986,-2.60431256956084,3.54659061633406,-0.734314402560731,0.462757141994535,0.999431561618104
"K22900",25.5199273225363,0.0854433092059902,0.531595101599637,0.160730053660917,0.872306017776072,0.999431561618104
"K22901",0.42235696905413,-0.0923134011125467,3.79244595195204,-0.0243413887190749,0.980580299477283,0.999431561618104
"K22902",2.88814789559586,5.50023190418341,2.28018278547731,2.41218903116666,0.0158570578246311,0.999431561618104
"K22905",17.1638265761299,-0.385471675889202,0.654496246775489,-0.58895933748789,0.555888551232245,0.999431561618104
"K22907",144.204349511781,-0.202029233878048,0.410798143870165,-0.491796851793713,0.622862962318525,0.999431561618104
"K22908",10.5917384718539,-0.924066046770051,0.795081754317715,-1.16222771023468,0.245142981616498,0.999431561618104
"K22922",0.300434506190667,-1.00252203301266,3.79535279319863,-0.264144623079363,0.791668480296891,0.999431561618104
"K22927",213.692315605651,0.535833680013121,0.577399915517772,0.928011358527171,0.353401677709665,0.999431561618104
"K22928",4.34439240844462,-1.12525414047421,1.86663368299206,-0.60282536993039,0.546624867576786,0.999431561618104
"K22934",401.205750703935,0.19076790533754,0.224240331249258,0.850729680404767,0.394919531814094,0.999431561618104
"K22935",8.53500823507013,0.764118326213594,1.13239501360493,0.67478072318692,0.499815089348783,0.999431561618104
"K22958",73.1685498655087,-0.189466058207112,0.483232736709001,-0.392080345171663,0.694998849510392,0.999431561618104
"K22969",81.6510459074304,0.27654532690217,0.499106204303832,0.554081124453069,0.579523327439496,0.999431561618104
"K23007",123.71058526362,-0.407624536034515,0.692439341473633,-0.588679053340641,0.556076591949961,0.999431561618104
"K23010",42.9094787661036,-0.117567796021501,0.399262446267646,-0.294462444741646,0.768404556679616,0.999431561618104
"K23016",5.76407223291449,0.843340301830938,1.49618005574395,0.563662306948477,0.572983974393832,0.999431561618104
"K23054",150.650995965297,0.201816370637054,0.415329465939243,0.485918739670104,0.627024781252513,0.999431561618104
"K23055",1.65669084517308,-1.24884254546481,2.56597285458142,-0.486693591958726,0.626475487041932,0.999431561618104
"K23060",1.35342500337107,1.91759037966532,2.66120985424901,0.720570899962513,0.471173563264185,0.999431561618104
"K23061",0.853506118212462,1.82376593797891,3.51113470799545,0.519423516798114,0.603465435460939,0.999431561618104
"K23077",1.72604638342843,-0.639356171850106,2.20005378358081,-0.290609337199697,0.771350118101115,0.999431561618104
"K23086",12.4236204050814,0.034961165673136,0.865179845059177,0.0404091309717746,0.967766950733687,0.999431561618104
"K23107",621.735929795076,-0.14648662920674,0.179410440739015,-0.816488876585679,0.414220582900147,0.999431561618104
"K23124",26.6275327863972,0.139896192435065,0.642229852906841,0.217828853333229,0.827562462617373,0.999431561618104
"K23127",2.41877257981324,-0.535304734832762,2.00986773199658,-0.266338289983388,0.78997868655574,0.999431561618104
"K23139",20.4172213958331,-0.197487191194464,0.63351508295729,-0.311732422016823,0.755243885696771,0.999431561618104
"K23149",28.1239252674753,-0.714701178861509,0.673665226834786,-1.06091445779312,0.28872877819511,0.999431561618104
"K23155",6.69316714138106,-0.185751072727291,1.20542910737228,-0.154095393574999,0.877534520295532,0.999431561618104
"K23163",143.399836077882,-0.11863496658503,0.34644186612779,-0.342438308369087,0.732021063249161,0.999431561618104
"K23167",16.8555937437321,0.343198321244694,0.663040002034107,0.51761329662134,0.604728102726525,0.999431561618104
"K23169",20.9861062622708,-0.990580568497811,0.663429672459719,-1.49312068726916,0.135405598288407,0.999431561618104
"K23170",54.6661207286426,0.32982790601147,0.427025772372612,0.77238407456979,0.439886983260671,0.999431561618104
"K23176",12.4670066380996,0.767148463016353,0.702252716266888,1.09241081628626,0.274652570913258,0.999431561618104
"K23186",13.103784668753,0.654864433236993,1.03513250795614,0.632638264380293,0.526969893378232,0.999431561618104
"K23187",12.4692700983839,-0.529358893864545,0.684079143473097,-0.773826974430134,0.439033118607087,0.999431561618104
"K23188",20.3210474576198,-0.0493335577914841,0.655517869344684,-0.0752589061237986,0.940008716879752,0.999431561618104
"K23205",4.38537339910566,-1.04953636859108,1.45289859748063,-0.722374135683665,0.470064484243998,0.999431561618104
"K23227",1.30796434722081,2.82736809047173,2.63300350674624,1.07381858141377,0.282904000173631,0.999431561618104
"K23237",0.313260684959905,2.32639373729202,3.79152128977883,0.613577917540251,0.539494279532316,0.999431561618104
"K23238",61.2741909938234,-0.542750484863379,0.872582574352854,-0.622004725760089,0.533938760588324,0.999431561618104
"K23242",25.1680513532912,-0.148753789760199,0.535697897530275,-0.277682235539841,0.781256298490347,0.999431561618104
"K23243",49.2215733888234,-0.203029999465563,0.574374475903013,-0.353480191031062,0.723728476774252,0.999431561618104
"K23244",4.0500724368884,0.164351370969847,1.34243418485331,0.122427879760679,0.902560159729193,0.999431561618104
"K23245",126.372775849967,0.0102212834066896,0.438311795204165,0.0233196631222952,0.981395287074764,0.999431561618104
"K23246",14.8311235368257,-0.0696432892220565,0.698310653554034,-0.099731099429185,0.920557809846866,0.999431561618104
"K23247",11.3379407083296,-0.479377677764964,0.735991912771759,-0.651335523456526,0.514829921874976,0.999431561618104
"K23248",25.0916299837618,-0.0386693185659739,0.59007327361554,-0.0655330791869904,0.947749569549877,0.999431561618104
"K23253",89.2230451946754,0.397173206366606,0.594869827554387,0.667664063580858,0.504348054100638,0.999431561618104
"K23256",27.1834601914197,0.113552496639523,0.501584113571924,0.226387745478785,0.820899858232751,0.999431561618104
"K23257",301.963259969965,-0.357234200904395,0.426562836119466,-0.837471459431936,0.402327613073483,0.999431561618104
"K23258",93.3902693194816,-0.252636353049344,0.36959566751002,-0.683547928879592,0.49426067513443,0.999431561618104
"K23259",4.06331342082625,-1.42431761989071,1.20845804200857,-1.17862397400522,0.238547940934943,0.999431561618104
"K23262",270.835387441124,-0.33460453846525,0.347238397427011,-0.963616181115406,0.335238391275713,0.999431561618104
"K23264",464.219365512162,-0.00348889107883571,0.201267635844129,-0.0173345856834015,0.986169694358594,0.999431561618104
"K23265",848.19243854562,0.0407178609988475,0.187977111662951,0.21661073860873,0.828511716228492,0.999431561618104
"K23269",1504.0480754961,0.0103278519926872,0.200855228156265,0.0514193834409536,0.958991339450686,0.999431561618104
"K23270",1.97439186960746,-1.65351777901451,1.74560021891132,-0.947248838021893,0.343511994473651,0.999431561618104
"K23271",41.6611559255762,0.366033933414305,0.447576044082263,0.817813951961712,0.413463430139501,0.999431561618104
"K23293",0.701519664026177,0.97189015356979,3.73915850205091,0.259922159768492,0.794923817569509,0.999431561618104
"K23300",11.4129457552216,-0.526044911993295,1.04453090529635,-0.503618331756347,0.614529607987103,0.999431561618104
"K23349",22.500176098488,0.38172219308879,0.49133074063375,0.776914940425709,0.437208955977927,0.999431561618104
"K23356",105.444579173549,0.196540545673651,0.377228463871024,0.521011971516681,0.602358431769287,0.999431561618104
"K23359",17.856515858469,-0.473913087163882,0.546075499513527,-0.867852682616358,0.385474985152499,0.999431561618104
"K23371",1.73929705054452,2.09607035925136,1.83084459687454,1.14486525116856,0.252264980367724,0.999431561618104
"K23385",1.35071516569516,-1.26031745047732,2.75579299929483,-0.457333860271735,0.647431095543434,0.999431561618104
"K23393",102.248678019464,-0.341840822468844,0.444530830217736,-0.768992383051151,0.441897832318518,0.999431561618104
"K23398",0.724092213211583,-1.11790489684381,3.73604100234259,-0.299221795516391,0.764770820274326,0.999431561618104
"K23414",0.177151084382785,-0.640874455684684,3.81152694885504,-0.168141131962139,0.866472251331796,0.999431561618104
"K23424",7.04870382679917,-0.512666673187615,1.23700824579864,-0.414440788837769,0.678551322207206,0.999431561618104
"K23446",0.63112058096809,-2.23875086444114,3.73004866099651,-0.600193474109542,0.548377302318022,0.999431561618104
"K23448",0.767230181545209,-0.0925088471626992,3.6849488576176,-0.025104513179732,0.979971600321207,0.999431561618104
"K23462",7.04052374745656,0.749696871513806,0.897857971072287,0.834983812215271,0.403726822821061,0.999431561618104
"K23463",85.7131505256974,-0.25524862274459,0.430683833428064,-0.592658936633209,0.553409427825708,0.999431561618104
"K23464",162.044149453574,-0.207932329015154,0.569896276305532,-0.364859953750036,0.71521594882345,0.999431561618104
"K23465",20.1225218180292,-1.45328217958288,1.16793682940339,-1.24431573951243,0.21338338047981,0.999431561618104
"K23466",21.3069274706317,-0.281710111000546,0.603028312239348,-0.467159012740902,0.640386115753357,0.999431561618104
"K23499",8.49205930388876,-0.0105061597350248,1.00186248550339,-0.010486628541387,0.991633034343902,0.999431561618104
"K23504",1.0949066267705,1.68087690426621,2.77872018888846,0.604910458774402,0.545238493489425,0.999431561618104
"K23508",623.868559076299,-0.108641832759008,0.449140374072129,-0.241888369495726,0.808866662372134,0.999431561618104
"K23509",86.2398994103414,-0.501587083780434,0.543084293757208,-0.923589743887299,0.355699955678169,0.999431561618104
"K23514",32.4170958655754,0.773446387536521,0.587740654824441,1.31596543677509,0.188185643696366,0.999431561618104
"K23518",91.396659143405,0.495224976351503,0.277670568844198,1.78349825987274,0.0745052309957269,0.999431561618104
"K23526",2.01544233412329,0.412971379995982,2.10334498121757,0.196340297803608,0.844343822076674,0.999431561618104
"K23535",624.340606159007,0.254537071498558,0.269449709359596,0.944655208957245,0.344834931229946,0.999431561618104
"K23536",698.374031981103,-0.0151791293003824,0.311278036518071,-0.0487638943954247,0.961107456023924,0.999431561618104
"K23537",393.502811106875,0.0302216092930377,0.221140511315609,0.136662473615726,0.891297592875155,0.999431561618104
"K23541",269.090777467666,-0.166229849163766,0.42103467921687,-0.394812725338814,0.692981102834416,0.999431561618104
"K23548",0.50809726903152,3.00230022284672,3.73221205095385,0.804429164757511,0.421149163357036,0.999431561618104
"K23549",3.76889809133641,0.664153252308428,1.46894886897766,0.452128230147763,0.651176607628691,0.999431561618104
"K23555",23.4287029789444,0.916086990019682,0.693818152248175,1.32035604293617,0.186716172409974,0.999431561618104
"K23556",0.38967316814323,2.59890514515267,3.76435381361847,0.690398744068767,0.489943466331164,0.999431561618104
"K23617",1.59451872983595,0.958115381012852,2.51896153361163,0.38036125928415,0.703677267993818,0.999431561618104
"K23675",2.63074102223525,0.471466018171541,1.29372665692658,0.364424753596384,0.715540853769568,0.999431561618104
"K23677",15.9196023494433,0.512837046903181,0.610307139970244,0.840293375771721,0.400743914626255,0.999431561618104
"K23683",0.315560290484045,-1.24660761453635,3.78051565677572,-0.329745391293933,0.741592352881727,0.999431561618104
"K23684",9.16339131232025,1.3238488063056,0.862670095779279,1.53459452551177,0.124883458234609,0.999431561618104
"K23734",34.0675587796969,0.614899762728092,0.64323855595768,0.955943571841093,0.33910074394688,0.999431561618104
"K23743",16.6895974304624,0.327341419034327,0.797203446897654,0.410612147135324,0.681356955231263,0.999431561618104
"K23753",7.76943928598937,0.141870147971778,0.798045988992713,0.17777189526489,0.858902120076374,0.999431561618104
"K23773",4.74807748244997,-0.423429872035982,1.81730566172312,-0.232998708447591,0.815762408681708,0.999431561618104
"K23774",162.204156249452,-0.130880800032474,0.461233372750956,-0.283762641137296,0.776592286180168,0.999431561618104
"K23775",478.823219336356,-0.0491510562241436,0.242329732172136,-0.202827180072273,0.839270112841354,0.999431561618104
"K23776",10.3166051750653,0.91912634269406,0.983039105221057,0.93498451670178,0.349796278842992,0.999431561618104
"K23777",122.30754022714,0.19724052709305,0.418848480965416,0.47091140604933,0.637704002455126,0.999431561618104
"K23778",46.4754337243777,0.151032143046918,0.361527183805176,0.417761512308043,0.676121493277422,0.999431561618104
"K23779",462.752402893477,0.129702071615506,0.281794649539858,0.460271590774689,0.645321290095504,0.999431561618104
"K23786",136.866294503667,0.0501052413845539,0.507014052621631,0.0988241669544926,0.921277879960609,0.999431561618104
"K23812",9.29748785508152,-0.0165151808614027,1.03625535074527,-0.0159373660647688,0.987284359973995,0.999431561618104
"K23825",19.9272510162311,-0.662200346098284,0.676453473756197,-0.978929626040992,0.327614752668754,0.999431561618104
"K23842",416.068742928467,-0.133837472646937,0.298319206925837,-0.448638470268559,0.653692477439798,0.999431561618104
"K23876",1.09128078172402,-0.822201243827474,2.81639693048377,-0.291933723875435,0.770337298126626,0.999431561618104
"K23911",50.6106584203638,0.393603247700365,0.618000463644205,0.636897981239978,0.524191297822459,0.999431561618104
"K23948",30.5774670209563,-0.595494897423753,0.46010046591254,-1.29427145056826,0.19557167423901,0.999431561618104
"K23976",0.485480042600726,-0.188720692370019,3.47813151306323,-0.0542592169563509,0.956728641815015,0.999431561618104
"K23980",295.65322088815,0.179501518385791,0.322143235931568,0.557210266627863,0.577383776004436,0.999431561618104
"K23987",19.979188666082,-0.874509124126649,0.65535971060889,-1.33439561506482,0.182074236356435,0.999431561618104
"K23988",151.660509482455,0.0742669127488282,0.322327574854449,0.23040818888165,0.817774598516133,0.999431561618104
"K23989",24.5187676390887,0.556874458557196,1.00837874046544,0.55224732157697,0.580778916842689,0.999431561618104
"K23992",24.8267051258332,-0.0972675621522672,0.640580797180471,-0.151842769218797,0.879310948262617,0.999431561618104
"K23993",15.2226150499307,0.334391887397179,0.67624913138435,0.494480320754934,0.620967001129533,0.999431561618104
"K23995",315.892921529,0.397636305618746,0.351443426195266,1.13143759700833,0.25787095460976,0.999431561618104
"K23997",99.6278788766367,0.463555369213405,0.29872113609229,1.55179969947018,0.120710157891012,0.999431561618104
"K24012",156.066401170556,0.159785054818446,0.410283606343288,0.389450254282771,0.696943102910734,0.999431561618104
"K24017",107.998037147646,-0.121407157415764,0.475004718424198,-0.255591476687906,0.798266300469528,0.999431561618104
"K24018",1.41639751155387,-0.117607274635643,2.62024786557673,-0.0448840265002018,0.96419974901896,0.999431561618104
"K24033",65.3270467112815,-0.0730186517175438,0.439734880791906,-0.166051534474697,0.86811639443058,0.999431561618104
"K24040",4.13510787182682,-1.39687757183002,1.72094685314038,-0.811691290338802,0.416968793250445,0.999431561618104
"K24042",606.643461560757,-0.102120573453263,0.421616118592508,-0.242212213788636,0.808615731549467,0.999431561618104
"K24085",0.49041176934269,1.02457889781259,3.78606454421377,0.270618444521356,0.786684508324432,0.999431561618104
"K24104",6.05409151674886,0.357408343185956,1.56903977739068,0.227787942878242,0.819811100499877,0.999431561618104
"K24105",305.886244234752,0.233688841264725,0.585219472202008,0.399318294016129,0.689658689120777,0.999431561618104
"K24116",81.5386861731627,-0.194739837647584,0.32037818179933,-0.607843632028474,0.54329118780093,0.999431561618104
"K24119",1182.20153243679,-0.0284863007567755,0.320201935520964,-0.0889635495501571,0.929110878462841,0.999431561618104
"K24120",297.55037448276,-0.132776966622946,0.268754356720473,-0.494045820291742,0.6212738200263,0.999431561618104
"K24126",3771.79102169478,-0.129285071318314,0.25433981567169,-0.508316289279689,0.611231548213177,0.999431561618104
"K24129",12.0918313865938,-0.539889495470532,0.792276002092075,-0.681441182169983,0.495592372113756,0.999431561618104
"K24131",300.00462074638,0.414585590446106,0.301884891611888,1.37332341553253,0.169651826360492,0.999431561618104
"K24136",330.958588890028,0.235922119503694,0.298721086255054,0.789773907364073,0.429659819927305,0.999431561618104
"K24138",195.542230491346,0.0526300104891143,0.300470829665794,0.175158468952388,0.860955116744714,0.999431561618104
"K24158",2010.24397520718,-0.076370498867539,0.19350706247845,-0.394665175985729,0.693090006309914,0.999431561618104
"K24160",81.775653428787,-0.0571660933556422,0.279296232849286,-0.204679070578407,0.837822873477309,0.999431561618104
"K24163",255.327863335049,-0.0657928265883996,0.348837650494478,-0.188605864347321,0.850401736224678,0.999431561618104
"K24180",26.0242748269384,-0.818202653738768,0.910767787380939,-0.898365823951287,0.368990550434367,0.999431561618104
"K24192",3.73543064018109,-0.404126522378089,1.50392063790918,-0.268715324593141,0.788148758081443,0.999431561618104
"K24200",78.2686938540008,0.540188227130099,0.504803560527686,1.07009591328045,0.28457613845382,0.999431561618104
"K24206",429.218092880751,0.138301239451151,0.57448982979748,0.240737489643472,0.809758580771741,0.999431561618104
"K24217",24.8158805889151,-1.04823251638087,0.759450973576134,-1.38025040832447,0.167509558285664,0.999431561618104
"K24241",81.8853816398849,0.475165864385278,0.478264479595849,0.993521126191121,0.320456060287119,0.999431561618104
"K24256",3.66144825082846,2.48571843147851,1.48805244704835,1.67045082074164,0.0948302018685858,0.999431561618104
"K24268",0.477585590573452,-1.81697621611385,3.74747208496385,-0.484853836111063,0.627780030788703,0.999431561618104
"K24288",44.3312522448225,0.319268886282191,0.509465222872055,0.626674544107932,0.53087259349956,0.999431561618104
"K24299",1.54525027830933,-1.46662742100943,2.19316528887444,-0.668726351109689,0.503670054898124,0.999431561618104
"K24300",3.9208861773261,-1.5706006050137,1.77288962503362,-0.885898694896992,0.37567211947555,0.999431561618104
"K24310",4.10361863583012,-1.0376071047506,1.50843260293123,-0.687871040929698,0.491533994428472,0.999431561618104
"K24389",1.172364881778,-3.12938348732266,2.60349282701858,-1.20199428047064,0.229365744072349,0.999431561618104
"K24408",1.91075993773099,-0.585154041632546,2.44646100872148,-0.239183882165507,0.810963000164444,0.999431561618104
"K24409",2.67353854517398,-2.39386316664101,2.03414401346362,-1.17684055346941,0.23925915289781,0.999431561618104
"K24410",0.41437081901875,-1.63703625567726,3.75656092117537,-0.435780568990495,0.662995943115631,0.999431561618104
"K24411",4.7609135316459,-1.73496854630775,1.49338134216748,-1.16177194486013,0.245328112860091,0.999431561618104
"K24419",2.47027823990421,-0.5256249724789,1.46647331718993,-0.358427914314941,0.720023104839671,0.999431561618104
"K24450",4.96602788805848,-0.0907439846325802,1.61852003144632,-0.0560660250534501,0.955289209427398,0.999431561618104
"K24451",6.19665895357718,0.297470719589823,0.960351170422869,0.309752024833622,0.756749536989411,0.999431561618104
"K24473",0.779346336286459,3.60401889511665,3.69791107403559,0.974609400540161,0.329754048813815,0.999431561618104
"K24510",2.2025079937867,-1.7952509366354,2.06200000385702,-0.87063575813644,0.383953065557489,0.999431561618104
"K24511",0.939782054879714,3.89159099809264,3.68585246157572,1.0558184405539,0.291051171632975,0.999431561618104
"K24530",1.19707859273676,1.40984999266032,2.73885086645165,0.51475967893311,0.606720964548177,0.999431561618104
"K24619",13.6294532637898,0.186441096705961,0.642169207819004,0.290330172228548,0.771563658322758,0.999431561618104
"K24620",14.7621785017207,-1.12035963444293,0.674563680671044,-1.66086563292055,0.0967404358680699,0.999431561618104
"K24648",23.8706492947727,0.505509378984278,0.84038729602604,0.601519539115707,0.547494001761703,0.999431561618104
"K24667",1.10968949536665,-0.45143219308079,3.35456544768999,-0.134572480436074,0.892949901078241,0.999431561618104
"K24693",176.220306047541,-0.319896156388011,0.340783178917513,-0.938708763161818,0.347880292978228,0.999431561618104
"K24694",34.6671778874968,-0.6539377451797,0.678966265568898,-0.963137313798313,0.335478618400024,0.999431561618104
"K24695",55.7964988640487,-0.00549812469839629,0.446112149090811,-0.012324534782569,0.990166692915523,0.999431561618104
"K24696",177.523919886155,0.152452798303226,0.386797685695571,0.394140926745912,0.693476996356763,0.999431561618104
"K24697",18.6602383015558,0.397207357589073,0.549128208084427,0.723341747412116,0.469469950350226,0.999431561618104
"K24698",10.7410779788185,-0.818377671556461,0.795085587018022,-1.02929506573726,0.303341041262523,0.999431561618104
"K24699",142.197626153788,0.0922376181739132,0.356918701070354,0.258427529567109,0.7960769724722,0.999431561618104
"K24700",79.9669175173284,-0.215519363762699,0.35674688017694,-0.60412403229933,0.545761182841946,0.999431561618104
"K24702",1.53124376527154,-2.35778622971584,2.62761214082963,-0.897311362312174,0.369552795148601,0.999431561618104
"K24708",166.214869975954,0.468858849465087,0.602486507281018,0.778206389353044,0.436447350715914,0.999431561618104
"K24716",2.41406366610828,1.32958210029139,1.88275907479691,0.706188124699285,0.480071154375984,0.999431561618104
"K24725",1.19526166841501,-0.770729279972704,2.44065978040058,-0.315787266280188,0.752163983966936,0.999431561618104
"K24819",10.7266274344065,0.0730596193733012,0.949356179523353,0.0769570167120864,0.938657739208419,0.999431561618104
"K24821",99.3936864545262,-0.30560851266061,0.35959761799848,-0.849862450039649,0.395401564336,0.999431561618104
"K24843",3.20100951801873,0.433728354512158,1.96577539050339,0.220639833323527,0.825372882805182,0.999431561618104
"K24844",9.36752397721433,0.894345277572486,0.72121930533846,1.24004622581862,0.214958296884779,0.999431561618104
"K24845",3.44317619744457,2.5124309895346,1.71572323573599,1.46435680137936,0.143096484771149,0.999431561618104
"K24846",18.5696779694364,0.178408370888954,0.899252649937995,0.198396269281225,0.842735036115512,0.999431561618104
"K24847",1.97830020434966,-0.82880326465922,2.14784807613426,-0.385876111941267,0.699588422977439,0.999431561618104
"K24866",179.294002016185,-0.124548254664541,0.40649697210216,-0.306394052630826,0.759304636075709,0.999431561618104
"K24868",1.36963218640265,0.89863884906816,3.1587291590915,0.284493796019733,0.77603198776873,0.999431561618104
"K24872",126.846957187997,0.442888007081137,0.648042246924241,0.6834245902689,0.494338585999594,0.999431561618104
"K24873",137.27107774779,0.0750956259360132,0.752796976268439,0.0997554829567154,0.920538451143817,0.999431561618104
"K24910",1.44415002880614,-2.24485900285015,2.701489438841,-0.830970860213041,0.405990091193923,0.999431561618104
"K24911",0.0885755421913926,-0.0603928784247551,3.81694647031143,-0.0158223016472713,0.987376156521306,0.999431561618104
"K24913",9.79341443801676,-0.787253584336356,1.11745544072145,-0.704505571898322,0.48111798135519,0.999431561618104
"K24914",2.59368565571466,1.24075384435005,1.37011296804858,0.905585067278963,0.36515551553351,0.999431561618104
"K24915",129.851304814919,-0.0338341597692248,0.355459034820223,-0.0951844135466604,0.924168349960574,0.999431561618104
"K24942",1.8843387132269,-0.0608263461845898,1.78763447328268,-0.0340261653563285,0.97285628584114,0.999431561618104
"K24948",2.96815040714808,-0.777648127726908,1.57635437852274,-0.493320625312483,0.621786057136732,0.999431561618104
"K24949",3.36960080359164,1.22890875640087,1.64509300871652,0.747014758368984,0.455054652307551,0.999431561618104
"K24950",6.43793663500936,1.85760698367238,1.6916583564475,1.09809819257677,0.272161614509747,0.999431561618104
"K24951",1.38618770350523,-0.965124088368283,2.73413995892789,-0.352990008875305,0.724095930792033,0.999431561618104
"K24954",9.99733637682601,-0.790103553086053,0.907909567526027,-0.870244770345372,0.384166654182849,0.999431561618104
"K24955",3.92221437170289,-1.74052194080761,1.43161946623872,-1.21577135674221,0.224072032962538,0.999431561618104
"K24956",7.7238505955028,0.44761062237908,1.20394862527279,0.37178548401736,0.710052572305518,0.999431561618104
"K24965",2.9339607507665,5.51780465453506,2.37877102323068,2.3196031062465,0.0203623576683408,0.999431561618104
"K24967",278.624132096547,0.00181871640710313,0.264036316088486,0.00688812976201965,0.994504111070074,0.999431561618104
"K24969",6.09954551416619,-1.47133347000146,1.25760226782249,-1.16995134920442,0.242020547797126,0.999431561618104
"K24985",5.4627627946585,-1.27923875317052,1.39001234421511,-0.920307476760479,0.357412103024518,0.999431561618104
"K24986",0.696846109536278,0.7922852358594,3.13394677469255,0.252807495729447,0.800416975065952,0.999431561618104
"K24987",68.9330429304809,-0.0522617352282993,0.70597268840877,-0.0740279844905825,0.940988117943798,0.999431561618104
"K24995",950.901467768972,0.231446761806261,0.240464927355594,0.962496960997569,0.335800029021957,0.999431561618104
"K24998",8.52766949375676,0.0372535481765597,0.783671677373241,0.0475371884070488,0.962085091762492,0.999431561618104
"K25010",71.5230705617317,-0.152852388532243,0.332202773543156,-0.460117737434802,0.645431713144854,0.999431561618104
"K25026",839.14412224524,-0.044225729093631,0.249517515540214,-0.177244988184019,0.859315959580957,0.999431561618104
"K25027",35.7054895262148,0.624692042979288,0.602301266469251,1.03717537676999,0.299654131349664,0.999431561618104
"K25028",38.4393453890218,-0.0218075549512418,0.82488440591569,-0.0264371041504095,0.978908699651611,0.999431561618104
"K25031",512.436927462338,0.719034060383377,0.578504953409057,1.24291772463866,0.213898153448401,0.999431561618104
"K25034",67.4648935565382,0.609912686306276,0.415181226167937,1.46902761460503,0.141825299344291,0.999431561618104
"K25035",0.404135832675437,-1.6052574418564,3.75828403707027,-0.427125099120438,0.669288212568113,0.999431561618104
"K25044",105.637758936493,0.30397271626552,0.407705608477531,0.745569131120432,0.455927735951893,0.999431561618104
"K25064",207.809934513916,0.188218504128561,0.534511476928403,0.352131829254946,0.724739398886767,0.999431561618104
"K25086",3104.41522654533,-0.494487281104904,0.548071451887813,-0.902231414173571,0.366933950488384,0.999431561618104
"K25087",1307.50803809865,-0.360918629781199,0.594267965634749,-0.60733314035478,0.543629849321558,0.999431561618104
"K25088",1386.7539982819,-0.538298582039762,0.573575293583081,-0.938496807763549,0.347989156708565,0.999431561618104
"K25097",3.47853146332643,0.951560534984359,2.22928483298038,0.42684565063505,0.669491753750578,0.999431561618104
"K25098",9.33938303285472,0.923036717867661,0.874661945721325,1.05530682154743,0.29128502227617,0.999431561618104
"K25099",0.327368337478119,-1.28450460581342,3.7779055663192,-0.340004423949884,0.733853196367382,0.999431561618104
"K25110",27.2679299221452,-0.467944391776932,0.905141162087793,-0.516984986847327,0.605166639096368,0.999431561618104
"K25111",18.3979679841385,0.46726879499555,0.789882385305526,0.591567559535854,0.554140202475593,0.999431561618104
"K25130",67.9617471398899,0.237333037548353,0.758087087184028,0.313068302521739,0.754228770382897,0.999431561618104
"K25132",1.13845998624492,0.168556203734075,2.41588763963814,0.0697698853905815,0.944376816725161,0.999431561618104
"K25133",0.283412126263007,0.901389802766245,3.81694647031143,0.236154687988773,0.813312638879262,0.999431561618104
"K25135",37.2100449753343,-0.818216654326113,0.469080936141486,-1.74429739365771,0.0811072458992068,0.999431561618104
"K25137",29.5257182035602,0.750860567276224,0.501706252912009,1.4966139307973,0.134493743184122,0.999431561618104
"K25140",42.4775219262265,-0.546445169060541,0.609443890300276,-0.896629169243629,0.369916827785057,0.999431561618104
"K25141",27.407265951786,0.87058656625137,0.533550534575524,1.63168530408086,0.102745797486384,0.999431561618104
"K25143",17.9683425020647,-0.279284996014958,0.950405075812291,-0.2938589061893,0.768865720483002,0.999431561618104
"K25144",3.88078927482491,0.890230760665357,1.50163319778409,0.592841688622124,0.553287105183556,0.999431561618104
"K25147",27.1006590503728,0.037095276904053,0.518890999728578,0.0714895361905617,0.94300815216111,0.999431561618104
"K25148",65.8962758150761,0.183496624049255,0.629226050254707,0.291622738720014,0.770575087799329,0.999431561618104
"K25149",103.367125107955,0.226999889582327,0.442374339923264,0.513139820952777,0.607853518110731,0.999431561618104
"K25150",173.961039294668,0.00396311312564812,0.417428454448641,0.00949411350235525,0.992424907218992,0.999431561618104
"K25151",214.082564327584,-0.110853013848912,0.406172230045061,-0.272921203491963,0.784913787019307,0.999431561618104
"K25152",396.778936032353,-0.0539939935299016,0.332920827595122,-0.162182684453632,0.871161995077145,0.999431561618104
"K25153",223.646407079593,0.387507094636576,0.404901659406453,0.957040025977231,0.338547052762795,0.999431561618104
"K25154",49.9488398003603,0.594878115701951,0.516054719325368,1.15274232251887,0.24901616449721,0.999431561618104
"K25155",47.7323567015732,0.573423065994101,0.432517475566589,1.32578010921508,0.184912543366434,0.999431561618104
"K25156",199.863047172679,0.195896324927189,0.263516892366488,0.743391906180894,0.457244443106846,0.999431561618104
"K25157",149.440637102979,-0.227341360212364,0.555614683319898,-0.409170900333228,0.682414247967356,0.999431561618104
"K25158",69.1483444981826,-0.332481270831747,0.582474631099731,-0.570808157265169,0.568129692826189,0.999431561618104
"K25159",12.40118900695,-0.828633252010613,0.96968682675353,-0.854536979516203,0.392807528937436,0.999431561618104
"K25180",3.98226008057755,0.0683219229319942,1.57382358332548,0.04341142403498,0.965373571224205,0.999431561618104
"K25181",27.2693554300499,-0.417960479846427,0.596610136019216,-0.70055879813776,0.483578398874532,0.999431561618104
"K25182",33.097850308733,0.0821934817640092,0.481347228671596,0.170757151736063,0.864414722108104,0.999431561618104
"K25183",5.82295405459513,-0.245718371137219,0.950345590345266,-0.258556859350447,0.795977172775766,0.999431561618104
"K25184",0.113492374146326,-0.060392878424755,3.81694647031143,-0.0158223016472713,0.987376156521306,0.999431561618104
"K25188",1.38021534866779,0.821168209136265,3.17314073245657,0.25878720119058,0.795799433541052,0.999431561618104
"K25190",7.02619576830751,0.0846382054000884,1.46128269874684,0.0579204868932426,0.953811964334342,0.999431561618104
"K25227",14.8811205481522,0.78140386872917,0.805578071070172,0.969991484116632,0.332050736931832,0.999431561618104
"K25232",550.006458842304,0.280359652802876,0.408496921877006,0.686320111090799,0.492511269691296,0.999431561618104
"K25260",0.91276873839682,0.487783976595273,3.46985750421191,0.140577524005863,0.888203705132119,0.999431561618104
"K25282",44.7177328882311,-0.19938982950154,0.538863652681241,-0.370019073488126,0.711368278857163,0.999431561618104
"K25283",22.9988825356105,0.110553460325095,0.741310859717704,0.149132390111207,0.881449168053867,0.999431561618104
"K25284",29.2735100228973,1.70655209005377,0.917165899185995,1.8606798307355,0.0627894037668371,0.999431561618104
"K25285",19.4456953737019,0.465480906577291,0.770825750607626,0.603873062375462,0.545928039420074,0.999431561618104
"K25286",78.5854552049103,-0.237666069406486,0.351678373311261,-0.675805188612307,0.499164339992462,0.999431561618104
"K25287",5.02738253062851,-0.452492281537918,1.27304941869228,-0.355439682775815,0.7222602245802,0.999431561618104
"K25288",46.1461289416788,0.540801107651318,0.989366095019692,0.546613746290299,0.584644123119195,0.999431561618104
"K25290",44.8944595645679,0.424040146364303,0.783841571788179,0.540976852499594,0.588523537535315,0.999431561618104
"K25305",3.21431084033321,1.67639146354891,2.18651236562749,0.766696539156234,0.443261961803321,0.999431561618104
"K25307",67.1750303248236,0.410740823323953,0.46647314475767,0.880524051469952,0.378575481692071,0.999431561618104
"K25308",153.498058716214,0.275788900765834,0.486905286937069,0.566411801565587,0.571113874000342,0.999431561618104
"K25316",5.99746633733901,-0.911416296201738,1.32103853383789,-0.689924080831982,0.490241931378679,0.999431561618104
"K25365",142.914281440777,-0.587890978255992,0.362618246088912,-1.62123937390576,0.104966311493126,0.999431561618104
"K25422",5.4255780343435,-0.518716517893337,1.26530295147238,-0.409954404429175,0.681839395095804,0.999431561618104
"K25510",0.827838216941741,2.76544869809465,2.8721321325407,0.96285566627059,0.335619960602035,0.999431561618104
"K25517",1.85766444749185,-1.7792162214814,1.87459074393678,-0.949122482993228,0.342558320749823,0.999431561618104
"K25518",3.63593686597839,0.293174741775843,1.06585668291384,0.275060190057035,0.783269996003503,0.999431561618104
"K25528",111.84871361655,-0.0461664806852519,0.500977587981768,-0.0921527864574493,0.926576649306914,0.999431561618104
"K25557",2.02933594731591,-2.85714714822991,2.08395649928857,-1.37102053195702,0.170368555661087,0.999431561618104
"K25562",75.4886966305791,-0.0274481503580379,0.458689287337451,-0.0598403998431398,0.952282748790598,0.999431561618104
"K25575",29.9521725520386,0.0734099202129977,0.902453035660699,0.0813448648430256,0.935167695199367,0.999431561618104
"K25578",39.4525798227746,0.436341314553248,0.957459970622244,0.455727996930957,0.648585586869814,0.999431561618104
"K25587",0.156630342479952,1.62272230958218,3.81694647031143,0.425136250194722,0.670737353439905,0.999431561618104
"K25588",923.057253021555,0.131542202819003,0.303594724179395,0.433282242221292,0.664809737290825,0.999431561618104
"K25589",9.49426452482813,-0.110559474640511,1.18053885484637,-0.0936517033612575,0.925385836715327,0.999431561618104
"K25590",79.5893604438492,0.205944066753029,0.402825571959204,0.511248741611383,0.609176892450419,0.999431561618104
"K25596",4.77692355192103,0.0285945430308996,1.39025614700328,0.0205678234852877,0.983590408172866,0.999431561618104
"K25603",4.35562234048231,-0.312300156242018,1.49335590712296,-0.20912640767845,0.834349560109648,0.999431561618104
"K25621",4.12910677304222,-0.251530511396057,1.16886476285253,-0.215192141460587,0.829617517617421,0.999431561618104
"K25622",0.177151084382785,-0.640874455684684,3.81152694885504,-0.168141131962139,0.866472251331796,0.999431561618104
"K25623",1.85536484196771,-0.497587584813102,2.06730593649135,-0.240693733825199,0.809792495902079,0.999431561618104
"K25649",2.52070803612664,-2.07570425270605,1.69068522479191,-1.22772957512628,0.21954850028148,0.999431561618104
"K25670",34.1252046705331,0.267958310611618,1.71948114440747,0.155836725213963,0.87616172171667,0.999431561618104
"K25671",168.214854233056,0.119484285504014,1.18694066005793,0.100665761587595,0.919815791562644,0.999431561618104
"K25672",127.458755842803,-0.709776542895522,1.36124921444039,-0.521415575756503,0.602077303360161,0.999431561618104
"K25675",20.9141515417589,-0.764924308460347,0.697321149060334,-1.09694695118757,0.272664582670187,0.999431561618104
"K25676",525.99756180892,-0.356514542902135,0.386599345628929,-0.922180926928753,0.356434210075274,0.999431561618104
"K25677",174.275794299455,-0.578466977752936,0.544651205581326,-1.06208702344745,0.288196180557727,0.999431561618104
"K25678",182.484631516647,-0.314100329934372,0.447466657663231,-0.701952479710272,0.482708799158976,0.999431561618104
"K25706",332.746446733944,0.145349649509864,0.318345375729331,0.456578485479385,0.647974046065591,0.999431561618104
"K25759",0.474439469271929,-1.81632754196507,3.74750290343027,-0.484676753766487,0.62790565874343,0.999431561618104
"K25766",0.0885755421913926,-0.0603928784247551,3.81694647031143,-0.0158223016472713,0.987376156521306,0.999431561618104
"K25775",6.8626880716083,0.889037458792348,1.01852432667088,0.872868163785772,0.382734940757203,0.999431561618104
"K25776",1.90005134650969,-0.851816763082249,1.84056522564144,-0.462801725912967,0.643506494014038,0.999431561618104
"K25814",2.39668904550697,1.82835689149505,1.89487892399358,0.964893782047913,0.334598016152531,0.999431561618104
"K25820",100.861451437495,0.288405846056441,0.393180334480423,0.733520526751577,0.46324101294996,0.999431561618104
"K25821",86.5716401823862,-0.111169339222331,0.300962458936184,-0.369379422321582,0.711844933801113,0.999431561618104
"K25823",0.237219734635964,-0.873927059337839,3.80302396467111,-0.229797936446455,0.818248788296786,0.999431561618104
"K25873",0.40108515783551,2.6353783060543,3.7610776917493,0.700697651589476,0.483491721943964,0.999431561618104
"K25885",72.1161399122833,-0.255283293203134,0.392036584446556,-0.651172118447878,0.514935386407491,0.999431561618104
"K25895",69.5496123718095,0.853235376200345,0.489146494739446,1.74433505172073,0.0811006829754809,0.999431561618104
"K25901",67.3153139787363,0.0260162062254011,0.471260696008414,0.0552055506554203,0.955974706897858,0.999431561618104
"K25903",0.49041176934269,1.02457889781259,3.78606454421377,0.270618444521356,0.786684508324432,0.999431561618104
"K25904",0.797179879722534,-2.58603704146993,3.71901711194744,-0.695354972463618,0.486832871437393,0.999431561618104
"K25906",1.74081007633474,-1.37693756686239,2.51238679710289,-0.548059545787369,0.583651016909219,0.999431561618104
"K25911",1.13232226552969,-3.07043494402069,3.20417850936908,-0.958259639730645,0.337931850231315,0.999431561618104
"K25912",2.0082094015581,0.989528207232846,2.42301738441213,0.408386755125541,0.6829897557654,0.999431561618104
"K25939",28.332297531403,0.271283759486536,0.535167255128256,0.506913972943882,0.61221518105562,0.999431561618104
"K25952",1129.40898348536,-0.484833760348363,0.347492822530777,-1.39523388373129,0.16294532232947,0.999431561618104
"K25961",50.9480257599944,-0.283972486083796,0.525296775563501,-0.540594382630981,0.588787190570017,0.999431561618104
"K25986",0.600869012381334,-2.12906978323398,3.73411097101173,-0.570167785521683,0.568563903235198,0.999431561618104
"K26005",0.464204482928616,-1.78766006347153,3.7488784937838,-0.476851961576171,0.63346754152653,0.999431561618104
"K26057",2.31701042846485,0.430582846574661,1.54691303847832,0.278349742916524,0.780743894874587,0.999431561618104
"K26059",62.8790296450016,0.259327986729211,0.470789065910871,0.550836893859185,0.581745490517983,0.999431561618104
"K26060",14.8706521330117,0.134446175821509,0.985071498749942,0.136483672496993,0.891438931225481,0.999431561618104
"K26061",160.29442887985,0.186330139611034,0.267641383953453,0.69619330485692,0.486307779965921,0.999431561618104
"K26063",9.68431021442197,-0.171361478453305,1.01416680570954,-0.168967745235375,0.86582201214175,0.999431561618104
"K26064",42.9655023021876,-0.398099034725791,0.386566683856069,-1.02983275939531,0.303088519682067,0.999431561618104
"K26065",3.01673548034738,-0.104414025167983,1.56520234137997,-0.0667096019521191,0.946812890089859,0.999431561618104
"K26081",27.3544480621208,0.744688532922866,0.447253436636218,1.66502584870817,0.095907598925378,0.999431561618104
"K26110",317.036770041044,0.110923059104941,0.220674650569146,0.502654286837465,0.615207354562484,0.999431561618104
"K26138",27.4255484965745,-0.51807790338465,0.841245498981064,-0.61584627081174,0.537995985465986,0.999431561618104
"K26139",194.151384308254,-0.0991259231354767,0.749247803976163,-0.132300585479768,0.894746544301211,0.999431561618104
"K26141",64.4669769619777,0.317484960103835,0.611486562168598,0.51920185944544,0.603619982505407,0.999431561618104
"K26171",1.51189395000718,-3.49015195135293,3.10136369080061,-1.12536042183816,0.260436335296525,0.999431561618104
"K26172",32.1501756803157,-0.821877575615298,0.694976171698171,-1.18259820852137,0.236968422856062,0.999431561618104
"K26173",26.6201826917295,-0.529580603333183,0.734111370018612,-0.721390002881656,0.470669595670066,0.999431561618104
"K26174",24.1149277190204,-0.540726014488762,0.769618106769273,-0.702590037490982,0.482311272862017,0.999431561618104
"K26182",12.4753503766581,0.198746612872911,0.845281179459481,0.235124852773844,0.814111829616996,0.999431561618104
"K26184",8.84472869537806,-1.01359118667324,1.10335290549745,-0.918646410974243,0.358280548166567,0.999431561618104
"K26185",0.62652136991981,3.31200695895109,3.71282221378867,0.892045664521982,0.372368456764256,0.999431561618104
"K26216",118.552894124313,0.270008822916721,0.523477512055046,0.515798323134707,0.605995273856719,0.999431561618104
"K26249",665.477186695158,-0.131538531519863,0.24921621749777,-0.527808875524082,0.59763199628439,0.999431561618104
"K26252",614.373188927716,-0.145519368954799,0.221275558499468,-0.657638692414141,0.510770325596409,0.999431561618104
"K26272",24.0888006650949,-0.346265963581012,0.987003263208284,-0.350825550926209,0.725719227187317,0.999431561618104
"K26273",4.79326586724392,0.348612689553504,1.47443117188024,0.236438767846275,0.813092216423301,0.999431561618104
"K26288",10.9439727128498,0.355112061403002,0.834785669956244,0.425393096915063,0.670550137424666,0.999431561618104
"K26364",13.0602699964836,-0.514354089808942,0.850914578753971,-0.604472061769269,0.545529838388751,0.999431561618104
"K26365",8.984478011027,-1.90592727425367,1.09333380934963,-1.74322540650911,0.0812942491850717,0.999431561618104
"K26392",229.421219372898,-0.18446923538915,0.273081993692897,-0.675508600528973,0.499352689021137,0.999431561618104
"K26399",541.298607314309,-0.0839711813305134,0.208450091675357,-0.402835905015054,0.687068945557342,0.999431561618104
"K26400",106.886682917344,-0.0907167158823296,0.304358560435136,-0.298058696797072,0.765658364746827,0.999431561618104
"K26441",3.33289006434182,0.413653628209209,1.44067712426446,0.287124450886523,0.774017030942438,0.999431561618104
"K26580",50.5099415941721,0.22023450183563,0.54431518070316,0.404608413733979,0.685765372962339,0.999431561618104
"K26592",31.6601172880532,0.658611148421948,0.529954512881755,1.24276920455039,0.213952893679904,0.999431561618104
"K26605",281.577447713932,-0.00969615697548755,0.350514070850189,-0.0276626754297454,0.977931192995363,0.999431561618104
"K26606",40.6292373842461,0.174587695180381,0.484624657667609,0.360253429985657,0.718657621892493,0.999431561618104
"K26609",61.8257647259903,0.0156277676448805,0.672295270435455,0.0232453928089635,0.981454530151779,0.999431561618104
"K26730",10.5102796178238,-0.988687077839196,1.00832961846101,-0.98051972265598,0.326829639020716,0.999431561618104
"K26731",35.461951141488,-0.240335049178499,0.597091400085298,-0.402509647843137,0.687308989476354,0.999431561618104
"K26732",26.6686057612724,0.256444010117657,0.767632137538655,0.334071487600717,0.738325614870386,0.999431561618104
"K26735",38.1229788579782,-0.179906586176828,0.455982606324475,-0.394547036842032,0.693177207220285,0.999431561618104
"K26740",2.32807762200447,2.24175752545917,1.74468270762986,1.28490843386909,0.198824283407125,0.999431561618104
"K26744",80.4349676236051,0.2435894160393,0.422334009932615,0.576769595416114,0.564095111364987,0.999431561618104
"K26815",121.714690178079,0.0177606293304442,0.301068016660699,0.0589920826776504,0.95295841423877,0.999431561618104
"K26858",1.26482626239128,2.49582690645538,2.58962232362123,0.963780271620963,0.335156099625234,0.999431561618104
"K26913",1.25304273983962,4.30387414272847,3.66004851867127,1.17590630855651,0.239632317666024,0.999431561618104
"K26933",47.1013817737601,-0.100914914646353,0.413689612353197,-0.243938720318157,0.807278280355095,0.999431561618104
"K26937",429.37002148631,0.109401461374782,0.314101550560951,0.34829965397943,0.727615153680342,0.999431561618104
"K26939",99.907276111141,0.153472610683396,0.401895797134679,0.381871648764631,0.702556570513228,0.999431561618104
"K26948",1.77250208906136,-0.145911717637248,2.21420529974217,-0.0658980075850414,0.947459026853746,0.999431561618104
"K26951",9.95844307752121,-1.66615507192748,1.46704692104207,-1.1357203699688,0.256073612627481,0.999431561618104
"K26958",381.318469795777,-0.0904419444780473,0.289169012253801,-0.312764994330261,0.754459212486081,0.999431561618104
"K26959",114.786093580799,-0.180109197893603,0.428622832572519,-0.420204394648366,0.674336144635341,0.999431561618104
"K26960",240.030403907012,0.200200126815272,0.446902582464575,0.447972633568617,0.654172947128622,0.999431561618104
"K26993",10.7462501186727,-2.61327479771921,1.28051473456038,-2.0408002557006,0.0412706851576117,0.999431561618104
"K26996",9.96308241920443,-0.394325797368214,0.733197541440733,-0.537816584318278,0.590703681326489,0.999431561618104
"K27000",526.710768330028,0.172885714918262,0.222807125544306,0.775943383749113,0.43778241536391,0.999431561618104
